idx,AirQualityStation,img_path,s5p_path,date,NO2
0,boyne_island,boyne_island/S2A_MSIL2A_20221029T001111_N0400_R073_T56KLU_20221029T030600.npy,boyne_island/S5P_OFFL_L2__NO2____20221029.nc,29/10/2022,2.822699387
1,boyne_island,boyne_island/S2A_MSIL2A_20220711T001121_N0400_R073_T56KLU_20220711T033225.npy,boyne_island/S5P_OFFL_L2__NO2____20220711.nc,11/07/2022,2.273840545
2,boyne_island,boyne_island/S2B_MSIL2A_20230522T001119_N0509_R073_T56KLU_20230522T014308.npy,boyne_island/S5P_OFFL_L2__NO2____20230522.nc,22/05/2023,1.881799591
3,boyne_island,boyne_island/S2B_MSIL2A_20191020T001109_N0500_R073_T56KLU_20230703T233523.npy,boyne_island/S5P_RPRO_L2__NO2____20191020.nc,20/10/2019,2.822699387
4,boyne_island,boyne_island/S2B_MSIL2A_20220417T001109_N0400_R073_T56KLU_20220417T022754.npy,boyne_island/S5P_OFFL_L2__NO2____20220417.nc,17/04/2022,0.548858841
5,boyne_island,boyne_island/S2A_MSIL2A_20220412T001111_N0400_R073_T56KLU_20220412T023341.npy,boyne_island/S5P_OFFL_L2__NO2____20220412.nc,12/04/2022,1.881799591
6,boyne_island,boyne_island/S2A_MSIL2A_20191005T001111_N0500_R073_T56KLU_20230613T235833.npy,boyne_island/S5P_OFFL_L2__NO2____20191005.nc,5/10/2019,5.959032665
7,boyne_island,boyne_island/S2A_MSIL2A_20190826T001111_N0500_R073_T56KLU_20230501T010213.npy,boyne_island/S5P_OFFL_L2__NO2____20190826.nc,26/08/2019,9.879447853
8,boyne_island,boyne_island/S2A_MSIL2A_20230527T001111_N0509_R073_T56KLU_20230527T030116.npy,boyne_island/S5P_OFFL_L2__NO2____20230527.nc,27/05/2023,1.799982708
9,boyne_island,boyne_island/S2A_MSIL2A_20220820T001121_N0400_R073_T56KLU_20220820T024713.npy,boyne_island/S5P_OFFL_L2__NO2____20220820.nc,20/08/2022,2.665883381
10,boyne_island,boyne_island/S2B_MSIL2A_20210721T001109_N0500_R073_T56KLU_20230129T091947.npy,boyne_island/S5P_OFFL_L2__NO2____20210721.nc,21/07/2021,1.881799591
11,boyne_island,boyne_island/S2B_MSIL2A_20210621T001109_N0500_R073_T56KLU_20230201T025610.npy,boyne_island/S5P_RPRO_L2__NO2____20210621.nc,21/06/2021,2.587474438
12,boyne_island,boyne_island/S2B_MSIL2A_20210522T001109_N0500_R073_T56KLU_20230206T054355.npy,boyne_island/S5P_OFFL_L2__NO2____20210522.nc,22/05/2021,1.568165699
13,boyne_island,boyne_island/S2A_MSIL2A_20190905T001111_N0500_R073_T56KLU_20230502T105804.npy,boyne_island/S5P_OFFL_L2__NO2____20190905.nc,5/09/2019,11.29079755
14,boyne_island,boyne_island/S2B_MSIL2A_20210919T001109_N0500_R073_T56KLU_20230114T071128.npy,boyne_island/S5P_RPRO_L2__NO2____20210919.nc,19/09/2021,2.509065494
15,boyne_island,boyne_island/S2B_MSIL2A_20191109T001109_N0500_R073_T56KLU_20230611T025647.npy,boyne_island/S5P_RPRO_L2__NO2____20191109.nc,9/11/2019,2.587474438
16,boyne_island,boyne_island/S2A_MSIL2A_20220611T001121_N0400_R073_T56KLU_20220611T031613.npy,boyne_island/S5P_RPRO_L2__NO2____20220611.nc,11/06/2022,0.981808237
17,boyne_island,boyne_island/S2B_MSIL2A_20210601T001109_N0500_R073_T56KLU_20230129T161150.npy,boyne_island/S5P_OFFL_L2__NO2____20210601.nc,1/06/2021,2.11702454
18,clinton,clinton/S2A_MSIL2A_20200422T001111_N0500_R073_T56KLU_20230406T200210.npy,clinton/S5P_OFFL_L2__NO2____20200422.nc,22/04/2020,10.66353164
19,clinton,clinton/S2A_MSIL2A_20220711T001121_N0400_R073_T56KLU_20220711T033225.npy,clinton/S5P_OFFL_L2__NO2____20220711.nc,11/07/2022,15.1534396
20,clinton,clinton/S2B_MSIL2A_20230522T001119_N0509_R073_T56KLU_20230522T014308.npy,clinton/S5P_OFFL_L2__NO2____20230522.nc,22/05/2023,8.546507103
21,clinton,clinton/S2B_MSIL2A_20220417T001109_N0400_R073_T56KLU_20220417T022754.npy,clinton/S5P_OFFL_L2__NO2____20220417.nc,17/04/2022,4.155640136
22,clinton,clinton/S2A_MSIL2A_20220412T001111_N0400_R073_T56KLU_20220412T023341.npy,clinton/S5P_OFFL_L2__NO2____20220412.nc,12/04/2022,4.626090034
23,clinton,clinton/S2A_MSIL2A_20191005T001111_N0500_R073_T56KLU_20230613T235833.npy,clinton/S5P_RPRO_L2__NO2____20191005.nc,5/10/2019,12.38851335
24,clinton,clinton/S2A_MSIL2A_20220211T001111_N0400_R073_T56KLU_20220211T022753.npy,clinton/S5P_RPRO_L2__NO2____20220211.nc,11/02/2022,3.518146652
25,clinton,clinton/S2B_MSIL2A_20211009T001109_N0301_R073_T56KLU_20211009T015100.npy,clinton/S5P_OFFL_L2__NO2____20211009.nc,9/10/2021,2.587474438
26,clinton,clinton/S2A_MSIL2A_20190826T001111_N0500_R073_T56KLU_20230501T010213.npy,clinton/S5P_RPRO_L2__NO2____20190826.nc,26/08/2019,13.01578113
27,clinton,clinton/S2A_MSIL2A_20230527T001111_N0509_R073_T56KLU_20230527T030116.npy,clinton/S5P_OFFL_L2__NO2____20230527.nc,27/05/2023,11.6828385
28,clinton,clinton/S2A_MSIL2A_20200512T001111_N0500_R073_T56KLU_20230402T164734.npy,clinton/S5P_RPRO_L2__NO2____20200512.nc,12/05/2020,7.13515741
29,clinton,clinton/S2B_MSIL2A_20230422T001109_N0509_R073_T56KLU_20230422T014516.npy,clinton/S5P_OFFL_L2__NO2____20230422.nc,22/04/2023,4.909043066
30,clinton,clinton/S2A_MSIL2A_20211203T001111_N0301_R073_T56KLU_20211203T022529.npy,clinton/S5P_OFFL_L2__NO2____20211203.nc,3/12/2021,4.626090034
31,clinton,clinton/S2B_MSIL2A_20210112T001109_N0500_R073_T56KLU_20230602T161843.npy,clinton/S5P_OFFL_L2__NO2____20210112.nc,12/01/2021,1.097715801
32,clinton,clinton/S2B_MSIL2A_20200805T001109_N0500_R073_T56KLU_20230316T085351.npy,clinton/S5P_OFFL_L2__NO2____20200805.nc,5/08/2020,12.38851335
33,clinton,clinton/S2B_MSIL2A_20200626T001109_N0500_R073_T56KLU_20230401T113547.npy,clinton/S5P_RPRO_L2__NO2____20200626.nc,26/06/2020,8.546507103
34,clinton,clinton/S2B_MSIL2A_20210522T001109_N0500_R073_T56KLU_20230206T054355.npy,clinton/S5P_OFFL_L2__NO2____20210522.nc,22/05/2021,1.881799591
35,clinton,clinton/S2A_MSIL2A_20190905T001111_N0500_R073_T56KLU_20230502T105804.npy,clinton/S5P_OFFL_L2__NO2____20190905.nc,5/09/2019,20.07252897
36,clinton,clinton/S2A_MSIL2A_20220611T001121_N0400_R073_T56KLU_20220611T031613.npy,clinton/S5P_RPRO_L2__NO2____20220611.nc,11/06/2022,5.253357819
37,clinton,clinton/S2A_MSIL2A_20190528T001111_N0500_R073_T56KLU_20230618T164739.npy,clinton/S5P_RPRO_L2__NO2____20190528.nc,28/05/2019,16.93619632
38,clinton,clinton/S2B_MSIL2A_20210601T001109_N0500_R073_T56KLU_20230129T161150.npy,clinton/S5P_RPRO_L2__NO2____20210601.nc,1/06/2021,2.90110833
39,south_gladstone,south_gladstone/S2A_MSIL2A_20200422T001111_N0500_R073_T56KLU_20230406T200210.npy,south_gladstone/S5P_OFFL_L2__NO2____20200422.nc,22/04/2020,13.25100608
40,south_gladstone,south_gladstone/S2A_MSIL2A_20220711T001121_N0400_R073_T56KLU_20220711T033225.npy,south_gladstone/S5P_RPRO_L2__NO2____20220711.nc,11/07/2022,15.5024438
41,south_gladstone,south_gladstone/S2B_MSIL2A_20220914T001109_N0400_R073_T56KLU_20220914T013805.npy,south_gladstone/S5P_OFFL_L2__NO2____20220914.nc,14/09/2022,13.09732515
42,south_gladstone,south_gladstone/S2B_MSIL2A_20200318T001109_N0500_R073_T56KLU_20230408T145906.npy,south_gladstone/S5P_OFFL_L2__NO2____20200318.nc,18/03/2020,12.6237383
43,south_gladstone,south_gladstone/S2B_MSIL2A_20230522T001119_N0509_R073_T56KLU_20230522T014308.npy,south_gladstone/S5P_OFFL_L2__NO2____20230522.nc,22/05/2023,9.981719897
44,south_gladstone,south_gladstone/S2B_MSIL2A_20191020T001109_N0500_R073_T56KLU_20230703T233523.npy,south_gladstone/S5P_RPRO_L2__NO2____20191020.nc,20/10/2019,5.566989829
45,south_gladstone,south_gladstone/S2B_MSIL2A_20220417T001109_N0400_R073_T56KLU_20220417T022754.npy,south_gladstone/S5P_RPRO_L2__NO2____20220417.nc,17/04/2022,5.727215656
46,south_gladstone,south_gladstone/S2A_MSIL2A_20220412T001111_N0400_R073_T56KLU_20220412T023341.npy,south_gladstone/S5P_OFFL_L2__NO2____20220412.nc,12/04/2022,9.879447853
47,south_gladstone,south_gladstone/S2B_MSIL2A_20211009T001109_N0301_R073_T56KLU_20211009T015100.npy,south_gladstone/S5P_OFFL_L2__NO2____20211009.nc,9/10/2021,2.979515392
48,south_gladstone,south_gladstone/S2A_MSIL2A_20190826T001111_N0500_R073_T56KLU_20230501T010213.npy,south_gladstone/S5P_OFFL_L2__NO2____20190826.nc,26/08/2019,16.85778738
49,south_gladstone,south_gladstone/S2B_MSIL2A_20200616T001109_N0500_R073_T56KLU_20230403T065102.npy,south_gladstone/S5P_OFFL_L2__NO2____20200616.nc,16/06/2020,10.1146728
50,south_gladstone,south_gladstone/S2B_MSIL2A_20200606T001109_N0500_R073_T56KLU_20230403T072335.npy,south_gladstone/S5P_OFFL_L2__NO2____20200606.nc,6/06/2020,6.507889625
51,south_gladstone,south_gladstone/S2B_MSIL2A_20200417T001109_N0500_R073_T56KLU_20230418T194035.npy,south_gladstone/S5P_OFFL_L2__NO2____20200417.nc,17/04/2020,8.389689216
52,south_gladstone,south_gladstone/S2A_MSIL2A_20230527T001111_N0509_R073_T56KLU_20230527T030116.npy,south_gladstone/S5P_OFFL_L2__NO2____20230527.nc,27/05/2023,8.781732052
53,south_gladstone,south_gladstone/S2A_MSIL2A_20200512T001111_N0500_R073_T56KLU_20230402T164734.npy,south_gladstone/S5P_OFFL_L2__NO2____20200512.nc,12/05/2020,8.076057205
54,south_gladstone,south_gladstone/S2B_MSIL2A_20210112T001109_N0500_R073_T56KLU_20230602T161843.npy,south_gladstone/S5P_OFFL_L2__NO2____20210112.nc,12/01/2021,7.840832256
55,south_gladstone,south_gladstone/S2B_MSIL2A_20210721T001109_N0500_R073_T56KLU_20230129T091947.npy,south_gladstone/S5P_RPRO_L2__NO2____20210721.nc,21/07/2021,7.13515741
56,south_gladstone,south_gladstone/S2B_MSIL2A_20210522T001109_N0500_R073_T56KLU_20230206T054355.npy,south_gladstone/S5P_RPRO_L2__NO2____20210522.nc,22/05/2021,4.077233074
57,south_gladstone,south_gladstone/S2A_MSIL2A_20190905T001111_N0500_R073_T56KLU_20230502T105804.npy,south_gladstone/S5P_RPRO_L2__NO2____20190905.nc,5/09/2019,25.32588616
58,south_gladstone,south_gladstone/S2B_MSIL2A_20191109T001109_N0500_R073_T56KLU_20230611T025647.npy,south_gladstone/S5P_RPRO_L2__NO2____20191109.nc,9/11/2019,3.44996529
59,south_gladstone,south_gladstone/S2B_MSIL2A_20230601T001119_N0509_R073_T56KLU_20230601T014045.npy,south_gladstone/S5P_OFFL_L2__NO2____20230601.nc,1/06/2023,12.85896324
60,south_gladstone,south_gladstone/S2B_MSIL2A_20210601T001109_N0500_R073_T56KLU_20230129T161150.npy,south_gladstone/S5P_RPRO_L2__NO2____20210601.nc,1/06/2021,12.46692229
61,targinie,targinie/S2A_MSIL2A_20221029T001111_N0400_R073_T56KLU_20221029T030600.npy,targinie/S5P_OFFL_L2__NO2____20221029.nc,29/10/2022,3.606783177
62,targinie,targinie/S2B_MSIL2A_20230211T001109_N0509_R073_T56KLU_20230211T014321.npy,targinie/S5P_OFFL_L2__NO2____20230211.nc,11/02/2023,2.822699387
63,targinie,targinie/S2B_MSIL2A_20200726T001109_N0500_R073_T56KLU_20230423T020638.npy,targinie/S5P_OFFL_L2__NO2____20200726.nc,26/07/2020,0.235224949
64,targinie,targinie/S2A_MSIL2A_20200412T001111_N0500_R073_T56KLU_20230406T085454.npy,targinie/S5P_OFFL_L2__NO2____20200412.nc,12/04/2020,11.60443144
65,targinie,targinie/S2A_MSIL2A_20200422T001111_N0500_R073_T56KLU_20230406T200210.npy,targinie/S5P_OFFL_L2__NO2____20200422.nc,22/04/2020,12.23169734
66,targinie,targinie/S2B_MSIL2A_20200318T001109_N0500_R073_T56KLU_20230408T145906.npy,targinie/S5P_RPRO_L2__NO2____20200318.nc,18/03/2020,5.01813287
67,targinie,targinie/S2B_MSIL2A_20191020T001109_N0500_R073_T56KLU_20230703T233523.npy,targinie/S5P_RPRO_L2__NO2____20191020.nc,20/10/2019,16.46574642
68,targinie,targinie/S2A_MSIL2A_20191204T001111_N0500_R073_T56KLU_20230609T221403.npy,targinie/S5P_RPRO_L2__NO2____20191204.nc,4/12/2019,5.566989829
69,targinie,targinie/S2A_MSIL2A_20190826T001111_N0500_R073_T56KLU_20230501T010213.npy,targinie/S5P_RPRO_L2__NO2____20190826.nc,26/08/2019,4.090868594
70,targinie,targinie/S2B_MSIL2A_20200606T001109_N0500_R073_T56KLU_20230403T072335.npy,targinie/S5P_RPRO_L2__NO2____20200606.nc,6/06/2020,15.05439673
71,targinie,targinie/S2B_MSIL2A_20210621T001109_N0500_R073_T56KLU_20230201T025610.npy,targinie/S5P_OFFL_L2__NO2____20210621.nc,21/06/2021,7.762423313
72,targinie,targinie/S2B_MSIL2A_20211019T001109_N0301_R073_T56KLU_20211019T014633.npy,targinie/S5P_RPRO_L2__NO2____20211019.nc,19/10/2021,5.01813287
73,targinie,targinie/S2A_MSIL2A_20190717T001111_N0500_R073_T56KLU_20230625T092752.npy,targinie/S5P_OFFL_L2__NO2____20190717.nc,17/07/2019,1.111972315
74,targinie,targinie/S2A_MSIL2A_20190905T001111_N0500_R073_T56KLU_20230502T105804.npy,targinie/S5P_RPRO_L2__NO2____20190905.nc,5/09/2019,5.488582768
75,targinie,targinie/S2B_MSIL2A_20191109T001109_N0500_R073_T56KLU_20230611T025647.npy,targinie/S5P_OFFL_L2__NO2____20191109.nc,9/11/2019,2.195433483
76,mutdapilly,mutdapilly/S2B_MSIL2A_20231115T000219_N0509_R030_T56JMQ_20231115T013956.npy,mutdapilly/S5P_OFFL_L2__NO2____20231115.nc,15/11/2023,11.29079755
77,mutdapilly,mutdapilly/S2B_MSIL2A_20220802T000229_N0400_R030_T56JMQ_20220802T013614.npy,mutdapilly/S5P_OFFL_L2__NO2____20220802.nc,2/08/2022,8.076057205
78,mutdapilly,mutdapilly/S2A_MSIL2A_20230524T000221_N0509_R030_T56JMQ_20230524T034658.npy,mutdapilly/S5P_OFFL_L2__NO2____20230524.nc,24/05/2023,15.8725712
79,mutdapilly,mutdapilly/S2B_MSIL2A_20230320T000229_N0509_R030_T56JMQ_20230320T013457.npy,mutdapilly/S5P_OFFL_L2__NO2____20230320.nc,20/03/2023,4.745407419
80,mutdapilly,mutdapilly/S2B_MSIL2A_20230409T000229_N0509_R030_T56JMQ_20230409T013526.npy,mutdapilly/S5P_OFFL_L2__NO2____20230409.nc,9/04/2023,0.736355707
81,mutdapilly,mutdapilly/S2B_MSIL2A_20230519T000229_N0509_R030_T56JMQ_20230519T014858.npy,mutdapilly/S5P_OFFL_L2__NO2____20230519.nc,19/05/2023,7.936284659
82,mutdapilly,mutdapilly/S2A_MSIL2A_20230504T000221_N0509_R030_T56JMQ_20230504T041857.npy,mutdapilly/S5P_OFFL_L2__NO2____20230504.nc,4/05/2023,7.118112069
83,mutdapilly,mutdapilly/S2B_MSIL2A_20230119T000219_N0509_R030_T56JMQ_20230119T013727.npy,mutdapilly/S5P_OFFL_L2__NO2____20230119.nc,19/01/2023,5.410173824
84,mutdapilly,mutdapilly/S2A_MSIL2A_20221125T000221_N0400_R030_T56JMQ_20221125T024503.npy,mutdapilly/S5P_OFFL_L2__NO2____20221125.nc,25/11/2022,7.291973415
85,mutdapilly,mutdapilly/S2A_MSIL2A_20230104T000221_N0509_R030_T56JMQ_20230104T024458.npy,mutdapilly/S5P_OFFL_L2__NO2____20230104.nc,4/01/2023,5.072676831
86,mutdapilly,mutdapilly/S2A_MSIL2A_20220807T000231_N0400_R030_T56JMQ_20220807T032358.npy,mutdapilly/S5P_OFFL_L2__NO2____20220807.nc,7/08/2022,2.979515392
87,mutdapilly,mutdapilly/S2B_MSIL2A_20190719T000249_N0213_R030_T56JMQ_20190719T015707.npy,mutdapilly/S5P_RPRO_L2__NO2____20190719.nc,19/07/2019,13.25100608
88,mutdapilly,mutdapilly/S2B_MSIL2A_20230529T000229_N0509_R030_T56JMQ_20230529T013045.npy,mutdapilly/S5P_OFFL_L2__NO2____20230529.nc,29/05/2023,9.327181072
89,mutdapilly,mutdapilly/S2A_MSIL2A_20220817T000231_N0400_R030_T56JMQ_20220817T024900.npy,mutdapilly/S5P_OFFL_L2__NO2____20220817.nc,17/08/2022,10.89875659
90,mutdapilly,mutdapilly/S2A_MSIL2A_20220926T000231_N0400_R030_T56JMQ_20220926T024527.npy,mutdapilly/S5P_OFFL_L2__NO2____20220926.nc,26/09/2022,10.17882523
91,mutdapilly,mutdapilly/S2A_MSIL2A_20220608T000231_N0400_R030_T56JMQ_20220608T033607.npy,mutdapilly/S5P_RPRO_L2__NO2____20220608.nc,8/06/2022,5.399946243
92,mutdapilly,mutdapilly/S2A_MSIL2A_20230414T000221_N0509_R030_T56JMQ_20230414T024802.npy,mutdapilly/S5P_OFFL_L2__NO2____20230414.nc,14/04/2023,6.38175448
93,mutdapilly,mutdapilly/S2B_MSIL2A_20201220T000239_N0214_R030_T56JMQ_20201220T015734.npy,mutdapilly/S5P_OFFL_L2__NO2____20201220.nc,20/12/2020,4.861314983
94,north_maclean,north_maclean/S2A_MSIL2A_20221026T000221_N0400_R030_T56JMQ_20221026T024654.npy,north_maclean/S5P_OFFL_L2__NO2____20221026.nc,26/10/2022,5.723807717
95,north_maclean,north_maclean/S2A_MSIL2A_20231226T235231_N0510_R130_T56JMQ_20231227T021750.npy,north_maclean/S5P_OFFL_L2__NO2____20231226.nc,26/12/2023,3.763599182
96,north_maclean,north_maclean/S2A_MSIL2A_20221115T000221_N0400_R030_T56JMQ_20221115T024259.npy,north_maclean/S5P_OFFL_L2__NO2____20221115.nc,15/11/2022,4.312458023
97,north_maclean,north_maclean/S2B_MSIL2A_20200514T000239_N0214_R030_T56JMQ_20200514T020441.npy,north_maclean/S5P_RPRO_L2__NO2____20200514.nc,14/05/2020,6.821523517
98,north_maclean,north_maclean/S2B_MSIL2A_20220331T235239_N0400_R130_T56JMQ_20220401T015112.npy,north_maclean/S5P_OFFL_L2__NO2____20220331.nc,31/03/2022,0.470449898
99,north_maclean,north_maclean/S2B_MSIL2A_20220729T235239_N0400_R130_T56JMQ_20220730T011722.npy,north_maclean/S5P_OFFL_L2__NO2____20220729.nc,29/07/2022,10.82034765
100,north_maclean,north_maclean/S2A_MSIL2A_20220604T235251_N0400_R130_T56JMQ_20220605T023313.npy,north_maclean/S5P_RPRO_L2__NO2____20220604.nc,4/06/2022,3.19087724
101,north_maclean,north_maclean/S2A_MSIL2A_20230609T235231_N0509_R130_T56JMQ_20230610T024101.npy,north_maclean/S5P_OFFL_L2__NO2____20230609.nc,9/06/2023,9.56581396
102,north_maclean,north_maclean/S2A_MSIL2A_20220306T235251_N0400_R130_T56JMQ_20220307T014916.npy,north_maclean/S5P_RPRO_L2__NO2____20220306.nc,6/03/2022,1.176124744
103,north_maclean,north_maclean/S2A_MSIL2A_20230410T235231_N0509_R130_T56JMQ_20230411T023352.npy,north_maclean/S5P_OFFL_L2__NO2____20230410.nc,10/04/2023,5.072676831
104,north_maclean,north_maclean/S2B_MSIL2A_20230409T000229_N0509_R030_T56JMQ_20230409T013526.npy,north_maclean/S5P_OFFL_L2__NO2____20230409.nc,9/04/2023,4.745407419
105,north_maclean,north_maclean/S2B_MSIL2A_20230509T000229_N0509_R030_T56JMQ_20230509T012929.npy,north_maclean/S5P_OFFL_L2__NO2____20230509.nc,9/05/2023,10.30898931
106,north_maclean,north_maclean/S2A_MSIL2A_20220813T235241_N0400_R130_T56JMQ_20220814T030801.npy,north_maclean/S5P_OFFL_L2__NO2____20220813.nc,13/08/2022,5.802214778
107,north_maclean,north_maclean/S2A_MSIL2A_20220912T235241_N0400_R130_T56JMQ_20220913T025555.npy,north_maclean/S5P_OFFL_L2__NO2____20220912.nc,12/09/2022,7.291973415
108,north_maclean,north_maclean/S2B_MSIL2A_20230119T000219_N0509_R030_T56JMQ_20230119T013727.npy,north_maclean/S5P_OFFL_L2__NO2____20230119.nc,19/01/2023,2.587474438
109,north_maclean,north_maclean/S2B_MSIL2A_20220713T000229_N0400_R030_T56JMQ_20220713T013413.npy,north_maclean/S5P_OFFL_L2__NO2____20220713.nc,13/07/2022,3.845416065
110,north_maclean,north_maclean/S2A_MSIL2A_20230104T000221_N0509_R030_T56JMQ_20230104T024458.npy,north_maclean/S5P_OFFL_L2__NO2____20230104.nc,4/01/2023,3.19087724
111,north_maclean,north_maclean/S2A_MSIL2A_20220807T000231_N0400_R030_T56JMQ_20220807T032358.npy,north_maclean/S5P_OFFL_L2__NO2____20220807.nc,7/08/2022,5.566989829
112,north_maclean,north_maclean/S2B_MSIL2A_20211002T235249_N0301_R130_T56JMQ_20211003T013007.npy,north_maclean/S5P_OFFL_L2__NO2____20211002.nc,2/10/2021,7.44878942
113,north_maclean,north_maclean/S2A_MSIL2A_20190312T235241_N0211_R130_T56JMQ_20190313T015422.npy,north_maclean/S5P_RPRO_L2__NO2____20190312.nc,12/03/2019,9.31938854
114,north_maclean,north_maclean/S2B_MSIL2A_20230525T235239_N0509_R130_T56JMQ_20230526T011433.npy,north_maclean/S5P_OFFL_L2__NO2____20230525.nc,25/05/2023,11.53625008
115,north_maclean,north_maclean/S2A_MSIL2A_20220817T000231_N0400_R030_T56JMQ_20220817T024900.npy,north_maclean/S5P_OFFL_L2__NO2____20220817.nc,17/08/2022,9.722631847
116,north_maclean,north_maclean/S2A_MSIL2A_20221111T235231_N0400_R130_T56JMQ_20221112T022357.npy,north_maclean/S5P_OFFL_L2__NO2____20221111.nc,11/11/2022,7.291973415
117,north_maclean,north_maclean/S2A_MSIL2A_20220926T000231_N0400_R030_T56JMQ_20220926T024527.npy,north_maclean/S5P_OFFL_L2__NO2____20220926.nc,26/09/2022,5.802214778
118,north_maclean,north_maclean/S2A_MSIL2A_20220823T235241_N0400_R130_T56JMQ_20220824T022604.npy,north_maclean/S5P_OFFL_L2__NO2____20220823.nc,23/08/2022,5.727215656
119,north_maclean,north_maclean/S2A_MSIL2A_20230414T000221_N0509_R030_T56JMQ_20230414T024802.npy,north_maclean/S5P_OFFL_L2__NO2____20230414.nc,14/04/2023,7.036293305
120,north_maclean,north_maclean/S2B_MSIL2A_20201220T000239_N0214_R030_T56JMQ_20201220T015734.npy,north_maclean/S5P_OFFL_L2__NO2____20201220.nc,20/12/2020,2.822699387
121,north_maclean,north_maclean/S2B_MSIL2A_20190426T235249_N0211_R130_T56JMQ_20190427T014316.npy,north_maclean/S5P_RPRO_L2__NO2____20190426.nc,26/04/2019,9.487406899
122,north_maclean,north_maclean/S2B_MSIL2A_20220808T235239_N0400_R130_T56JMQ_20220809T012639.npy,north_maclean/S5P_OFFL_L2__NO2____20220808.nc,8/08/2022,8.860139114
123,north_maclean,north_maclean/S2B_MSIL2A_20220609T235239_N0400_R130_T56JMQ_20220610T012436.npy,north_maclean/S5P_OFFL_L2__NO2____20220609.nc,9/06/2022,5.645398773
124,flinders_view,flinders_view/S2A_MSIL2A_20221115T000221_N0400_R030_T56JMQ_20221115T024259.npy,flinders_view/S5P_OFFL_L2__NO2____20221115.nc,15/11/2022,15.48207897
125,flinders_view,flinders_view/S2A_MSIL2A_20230524T000221_N0509_R030_T56JMQ_20230524T034658.npy,flinders_view/S5P_OFFL_L2__NO2____20230524.nc,24/05/2023,31.30630229
126,flinders_view,flinders_view/S2B_MSIL2A_20230409T000229_N0509_R030_T56JMQ_20230409T013526.npy,flinders_view/S5P_OFFL_L2__NO2____20230409.nc,9/04/2023,4.827224301
127,flinders_view,flinders_view/S2A_MSIL2A_20220807T000231_N0400_R030_T56JMQ_20220807T032358.npy,flinders_view/S5P_OFFL_L2__NO2____20220807.nc,7/08/2022,18.34754601
128,flinders_view,flinders_view/S2A_MSIL2A_20221205T000221_N0400_R030_T56JMQ_20221205T024055.npy,flinders_view/S5P_OFFL_L2__NO2____20221205.nc,5/12/2022,12.35442267
129,flinders_view,flinders_view/S2B_MSIL2A_20190719T000249_N0213_R030_T56JMQ_20190719T015707.npy,flinders_view/S5P_RPRO_L2__NO2____20190719.nc,19/07/2019,29.63834356
130,flinders_view,flinders_view/S2B_MSIL2A_20190818T000249_N0213_R030_T56JMQ_20190818T015641.npy,flinders_view/S5P_OFFL_L2__NO2____20190818.nc,18/08/2019,15.83848052
131,flinders_view,flinders_view/S2A_MSIL2A_20220608T000231_N0400_R030_T56JMQ_20220608T033607.npy,flinders_view/S5P_OFFL_L2__NO2____20220608.nc,8/06/2022,17.75437079
132,flinders_view,flinders_view/S2B_MSIL2A_20190219T000239_N0211_R030_T56JMQ_20190219T015436.npy,flinders_view/S5P_RPRO_L2__NO2____20190219.nc,19/02/2019,10.5851227
133,rocklea,rocklea/S2B_MSIL2A_20200828T235249_N0214_R130_T56JMQ_20200829T015907.npy,rocklea/S5P_RPRO_L2__NO2____20200828.nc,28/08/2020,15.99529652
134,rocklea,rocklea/S2A_MSIL2A_20221026T000221_N0400_R030_T56JMQ_20221026T024654.npy,rocklea/S5P_OFFL_L2__NO2____20221026.nc,26/10/2022,18.97481254
135,rocklea,rocklea/S2B_MSIL2A_20220802T000229_N0400_R030_T56JMQ_20220802T013614.npy,rocklea/S5P_OFFL_L2__NO2____20220802.nc,2/08/2022,28.77585208
136,rocklea,rocklea/S2A_MSIL2A_20191117T235251_N0213_R130_T56JMQ_20191118T014640.npy,rocklea/S5P_RPRO_L2__NO2____20191117.nc,17/11/2019,6.194257614
137,rocklea,rocklea/S2B_MSIL2A_20220530T235249_N0400_R130_T56JMQ_20220531T012325.npy,rocklea/S5P_OFFL_L2__NO2____20220530.nc,30/05/2022,19.14526532
138,rocklea,rocklea/S2B_MSIL2A_20200514T000239_N0214_R030_T56JMQ_20200514T020441.npy,rocklea/S5P_OFFL_L2__NO2____20200514.nc,14/05/2020,16.38733748
139,rocklea,rocklea/S2A_MSIL2A_20210619T235251_N0300_R130_T56JMQ_20210620T015254.npy,rocklea/S5P_OFFL_L2__NO2____20210619.nc,19/06/2021,1.489758637
140,rocklea,rocklea/S2B_MSIL2A_20230119T000219_N0509_R030_T56JMQ_20230119T013727.npy,rocklea/S5P_OFFL_L2__NO2____20230119.nc,19/01/2023,10.5851227
141,rocklea,rocklea/S2B_MSIL2A_20220713T000229_N0400_R030_T56JMQ_20220713T013413.npy,rocklea/S5P_RPRO_L2__NO2____20220713.nc,13/07/2022,3.685190238
142,rocklea,rocklea/S2B_MSIL2A_20211002T235249_N0301_R130_T56JMQ_20211003T013007.npy,rocklea/S5P_RPRO_L2__NO2____20211002.nc,2/10/2021,12.6237383
143,rocklea,rocklea/S2A_MSIL2A_20221205T000221_N0400_R030_T56JMQ_20221205T024055.npy,rocklea/S5P_OFFL_L2__NO2____20221205.nc,5/12/2022,7.919239318
144,rocklea,rocklea/S2B_MSIL2A_20190719T000249_N0213_R030_T56JMQ_20190719T015707.npy,rocklea/S5P_OFFL_L2__NO2____20190719.nc,19/07/2019,26.9724608
145,rocklea,rocklea/S2A_MSIL2A_20220817T000231_N0400_R030_T56JMQ_20220817T024900.npy,rocklea/S5P_OFFL_L2__NO2____20220817.nc,17/08/2022,27.99176892
146,rocklea,rocklea/S2B_MSIL2A_20190818T000249_N0213_R030_T56JMQ_20190818T015641.npy,rocklea/S5P_RPRO_L2__NO2____20190818.nc,18/08/2019,18.89640423
147,rocklea,rocklea/S2A_MSIL2A_20220823T235241_N0400_R130_T56JMQ_20220824T022604.npy,rocklea/S5P_OFFL_L2__NO2____20220823.nc,23/08/2022,9.016957001
148,rocklea,rocklea/S2A_MSIL2A_20190521T235251_N0212_R130_T56JMQ_20190522T014028.npy,rocklea/S5P_RPRO_L2__NO2____20190521.nc,21/05/2019,18.97481254
149,rocklea,rocklea/S2A_MSIL2A_20220608T000231_N0400_R030_T56JMQ_20220608T033607.npy,rocklea/S5P_RPRO_L2__NO2____20220608.nc,8/06/2022,4.499954889
150,rocklea,rocklea/S2A_MSIL2A_20230414T000221_N0509_R030_T56JMQ_20230414T024802.npy,rocklea/S5P_OFFL_L2__NO2____20230414.nc,14/04/2023,15.21803238
151,rocklea,rocklea/S2B_MSIL2A_20190219T000239_N0211_R030_T56JMQ_20190219T015436.npy,rocklea/S5P_RPRO_L2__NO2____20190219.nc,19/02/2019,14.81917178
152,rocklea,rocklea/S2A_MSIL2A_20220827T000231_N0400_R030_T56JMQ_20220827T031756.npy,rocklea/S5P_OFFL_L2__NO2____20220827.nc,27/08/2022,14.34872188
153,rocklea,rocklea/S2A_MSIL2A_20190819T235251_N0213_R130_T56JMQ_20190820T014338.npy,rocklea/S5P_OFFL_L2__NO2____20190819.nc,19/08/2019,8.672642248
154,rocklea,rocklea/S2B_MSIL2A_20201220T000239_N0214_R030_T56JMQ_20201220T015734.npy,rocklea/S5P_OFFL_L2__NO2____20201220.nc,20/12/2020,5.096539932
155,rocklea,rocklea/S2A_MSIL2A_20200704T235251_N0214_R130_T56JMQ_20200705T015226.npy,rocklea/S5P_OFFL_L2__NO2____20200704.nc,4/07/2020,4.155640136
156,rocklea,rocklea/S2B_MSIL2A_20220609T235239_N0400_R130_T56JMQ_20220610T012436.npy,rocklea/S5P_OFFL_L2__NO2____20220609.nc,9/06/2022,2.127252121
157,south_brisbane,south_brisbane/S2B_MSIL2A_20200828T235249_N0214_R130_T56JMQ_20200829T015907.npy,south_brisbane/S5P_OFFL_L2__NO2____20200828.nc,28/08/2020,40.45869121
158,south_brisbane,south_brisbane/S2A_MSIL2A_20230530T235231_N0509_R130_T56JMQ_20230531T022853.npy,south_brisbane/S5P_OFFL_L2__NO2____20230530.nc,30/05/2023,45.89954655
159,south_brisbane,south_brisbane/S2B_MSIL2A_20220530T235249_N0400_R130_T56JMQ_20220531T012325.npy,south_brisbane/S5P_OFFL_L2__NO2____20220530.nc,30/05/2022,29.16789366
160,south_brisbane,south_brisbane/S2A_MSIL2A_20230524T000221_N0509_R030_T56JMQ_20230524T034658.npy,south_brisbane/S5P_OFFL_L2__NO2____20230524.nc,24/05/2023,48.5177025
161,south_brisbane,south_brisbane/S2B_MSIL2A_20220709T235239_N0400_R130_T56JMQ_20220710T012102.npy,south_brisbane/S5P_RPRO_L2__NO2____20220709.nc,9/07/2022,37.24395024
162,south_brisbane,south_brisbane/S2B_MSIL2A_20230409T000229_N0509_R030_T56JMQ_20230409T013526.npy,south_brisbane/S5P_OFFL_L2__NO2____20230409.nc,9/04/2023,16.85437944
163,south_brisbane,south_brisbane/S2B_MSIL2A_20220818T235229_N0400_R130_T56JMQ_20220822T133125.npy,south_brisbane/S5P_OFFL_L2__NO2____20220818.nc,18/08/2022,41.94844922
164,south_brisbane,south_brisbane/S2A_MSIL2A_20221125T000221_N0400_R030_T56JMQ_20221125T024503.npy,south_brisbane/S5P_OFFL_L2__NO2____20221125.nc,25/11/2022,24.85543626
165,south_brisbane,south_brisbane/S2A_MSIL2A_20220807T000231_N0400_R030_T56JMQ_20220807T032358.npy,south_brisbane/S5P_OFFL_L2__NO2____20220807.nc,7/08/2022,27.20768575
166,south_brisbane,south_brisbane/S2B_MSIL2A_20230525T235239_N0509_R130_T56JMQ_20230526T011433.npy,south_brisbane/S5P_OFFL_L2__NO2____20230525.nc,25/05/2023,42.29958236
167,south_brisbane,south_brisbane/S2B_MSIL2A_20190406T235249_N0211_R130_T56JMQ_20190407T014744.npy,south_brisbane/S5P_OFFL_L2__NO2____20190406.nc,6/04/2019,20.6997955
168,south_brisbane,south_brisbane/S2B_MSIL2A_20230306T235239_N0509_R130_T56JMQ_20230307T011519.npy,south_brisbane/S5P_OFFL_L2__NO2____20230306.nc,6/03/2023,14.8089442
169,south_brisbane,south_brisbane/S2B_MSIL2A_20220209T235239_N0400_R130_T56JMQ_20220210T013105.npy,south_brisbane/S5P_OFFL_L2__NO2____20220209.nc,9/02/2022,21.24865372
170,south_brisbane,south_brisbane/S2A_MSIL2A_20230414T000221_N0509_R030_T56JMQ_20230414T024802.npy,south_brisbane/S5P_OFFL_L2__NO2____20230414.nc,14/04/2023,22.99068196
171,south_brisbane,south_brisbane/S2B_MSIL2A_20220410T235239_N0400_R130_T56JMQ_20220411T020918.npy,south_brisbane/S5P_RPRO_L2__NO2____20220410.nc,10/04/2022,16.07370547
172,south_brisbane,south_brisbane/S2B_MSIL2A_20190219T000239_N0211_R030_T56JMQ_20190219T015436.npy,south_brisbane/S5P_RPRO_L2__NO2____20190219.nc,19/02/2019,22.42477846
173,south_brisbane,south_brisbane/S2A_MSIL2A_20220827T000231_N0400_R030_T56JMQ_20220827T031756.npy,south_brisbane/S5P_OFFL_L2__NO2____20220827.nc,27/08/2022,22.26796183
174,south_brisbane,south_brisbane/S2A_MSIL2A_20190819T235251_N0213_R130_T56JMQ_20190820T014338.npy,south_brisbane/S5P_OFFL_L2__NO2____20190819.nc,19/08/2019,28.14858555
175,south_brisbane,south_brisbane/S2A_MSIL2A_20220208T000241_N0400_R030_T56JMQ_20220208T020113.npy,south_brisbane/S5P_OFFL_L2__NO2____20220208.nc,8/02/2022,18.97481254
176,south_brisbane,south_brisbane/S2B_MSIL2A_20201220T000239_N0214_R030_T56JMQ_20201220T015734.npy,south_brisbane/S5P_RPRO_L2__NO2____20201220.nc,20/12/2020,7.291973415
177,south_brisbane,south_brisbane/S2A_MSIL2A_20220708T000231_N0400_R030_T56JMQ_20220708T031158.npy,south_brisbane/S5P_RPRO_L2__NO2____20220708.nc,8/07/2022,24.77702795
178,south_brisbane,south_brisbane/S2B_MSIL2A_20220808T235239_N0400_R130_T56JMQ_20220809T012639.npy,south_brisbane/S5P_OFFL_L2__NO2____20220808.nc,8/08/2022,32.85308453
179,south_brisbane,south_brisbane/S2A_MSIL2A_20190405T000241_N0211_R030_T56JMQ_20190405T034247.npy,south_brisbane/S5P_OFFL_L2__NO2____20190405.nc,5/04/2019,19.28844581
180,south_brisbane,south_brisbane/S2B_MSIL2A_20220609T235239_N0400_R130_T56JMQ_20220610T012436.npy,south_brisbane/S5P_RPRO_L2__NO2____20220609.nc,9/06/2022,26.18155863
181,woolloongabba,woolloongabba/S2B_MSIL2A_20200828T235249_N0214_R130_T56JMQ_20200829T015907.npy,woolloongabba/S5P_OFFL_L2__NO2____20200828.nc,28/08/2020,32.14740968
182,woolloongabba,woolloongabba/S2A_MSIL2A_20230530T235231_N0509_R130_T56JMQ_20230531T022853.npy,woolloongabba/S5P_OFFL_L2__NO2____20230530.nc,30/05/2023,46.71772028
183,woolloongabba,woolloongabba/S2A_MSIL2A_20231226T235231_N0510_R130_T56JMQ_20231227T021750.npy,woolloongabba/S5P_OFFL_L2__NO2____20231226.nc,26/12/2023,18.0816402
184,woolloongabba,woolloongabba/S2B_MSIL2A_20220802T000229_N0400_R030_T56JMQ_20220802T013614.npy,woolloongabba/S5P_OFFL_L2__NO2____20220802.nc,2/08/2022,41.24277437
185,woolloongabba,woolloongabba/S2B_MSIL2A_20220331T235239_N0400_R130_T56JMQ_20220401T015112.npy,woolloongabba/S5P_OFFL_L2__NO2____20220331.nc,31/03/2022,25.44520317
186,woolloongabba,woolloongabba/S2A_MSIL2A_20220604T235251_N0400_R130_T56JMQ_20220605T023313.npy,woolloongabba/S5P_OFFL_L2__NO2____20220604.nc,4/06/2022,7.281745834
187,woolloongabba,woolloongabba/S2B_MSIL2A_20220709T235239_N0400_R130_T56JMQ_20220710T012102.npy,woolloongabba/S5P_RPRO_L2__NO2____20220709.nc,9/07/2022,31.04969325
188,woolloongabba,woolloongabba/S2A_MSIL2A_20211027T235251_N0301_R130_T56JMQ_20211028T014413.npy,woolloongabba/S5P_RPRO_L2__NO2____20211027.nc,27/10/2021,23.75771984
189,woolloongabba,woolloongabba/S2A_MSIL2A_20230410T235231_N0509_R130_T56JMQ_20230411T023352.npy,woolloongabba/S5P_OFFL_L2__NO2____20230410.nc,10/04/2023,18.65436026
190,woolloongabba,woolloongabba/S2B_MSIL2A_20230409T000229_N0509_R030_T56JMQ_20230409T013526.npy,woolloongabba/S5P_OFFL_L2__NO2____20230409.nc,9/04/2023,22.09069085
191,woolloongabba,woolloongabba/S2A_MSIL2A_20220813T235241_N0400_R130_T56JMQ_20220814T030801.npy,woolloongabba/S5P_OFFL_L2__NO2____20220813.nc,13/08/2022,25.48270279
192,woolloongabba,woolloongabba/S2A_MSIL2A_20210619T235251_N0300_R130_T56JMQ_20210620T015254.npy,woolloongabba/S5P_RPRO_L2__NO2____20210619.nc,19/06/2021,11.76124744
193,woolloongabba,woolloongabba/S2B_MSIL2A_20220818T235229_N0400_R130_T56JMQ_20220822T133125.npy,woolloongabba/S5P_OFFL_L2__NO2____20220818.nc,18/08/2022,47.35862304
194,woolloongabba,woolloongabba/S2A_MSIL2A_20221125T000221_N0400_R030_T56JMQ_20221125T024503.npy,woolloongabba/S5P_OFFL_L2__NO2____20221125.nc,25/11/2022,31.52014315
195,woolloongabba,woolloongabba/S2A_MSIL2A_20190724T000251_N0213_R030_T56JMQ_20190724T020100.npy,woolloongabba/S5P_OFFL_L2__NO2____20190724.nc,24/07/2019,40.38028289
196,woolloongabba,woolloongabba/S2A_MSIL2A_20230104T000221_N0509_R030_T56JMQ_20230104T024458.npy,woolloongabba/S5P_OFFL_L2__NO2____20230104.nc,4/01/2023,22.25432568
197,woolloongabba,woolloongabba/S2A_MSIL2A_20220807T000231_N0400_R030_T56JMQ_20220807T032358.npy,woolloongabba/S5P_OFFL_L2__NO2____20220807.nc,7/08/2022,19.05322086
198,woolloongabba,woolloongabba/S2B_MSIL2A_20211002T235249_N0301_R130_T56JMQ_20211003T013007.npy,woolloongabba/S5P_OFFL_L2__NO2____20211002.nc,2/10/2021,32.53945126
199,woolloongabba,woolloongabba/S2B_MSIL2A_20190605T235259_N0212_R130_T56JMQ_20190606T015010.npy,woolloongabba/S5P_RPRO_L2__NO2____20190605.nc,5/06/2019,33.55875937
200,woolloongabba,woolloongabba/S2B_MSIL2A_20190406T235249_N0211_R130_T56JMQ_20190407T014744.npy,woolloongabba/S5P_OFFL_L2__NO2____20190406.nc,6/04/2019,24.69861963
201,woolloongabba,woolloongabba/S2A_MSIL2A_20220718T000231_N0400_R030_T56JMQ_20220718T030659.npy,woolloongabba/S5P_OFFL_L2__NO2____20220718.nc,18/07/2022,46.33931493
202,woolloongabba,woolloongabba/S2A_MSIL2A_20221111T235231_N0400_R130_T56JMQ_20221112T022357.npy,woolloongabba/S5P_OFFL_L2__NO2____20221111.nc,11/11/2022,26.81564417
203,woolloongabba,woolloongabba/S2A_MSIL2A_20220823T235241_N0400_R130_T56JMQ_20220824T022604.npy,woolloongabba/S5P_OFFL_L2__NO2____20220823.nc,23/08/2022,30.03038514
204,woolloongabba,woolloongabba/S2B_MSIL2A_20220209T235239_N0400_R130_T56JMQ_20220210T013105.npy,woolloongabba/S5P_OFFL_L2__NO2____20220209.nc,9/02/2022,31.7553681
205,woolloongabba,woolloongabba/S2A_MSIL2A_20220827T000231_N0400_R030_T56JMQ_20220827T031756.npy,woolloongabba/S5P_OFFL_L2__NO2____20220827.nc,27/08/2022,28.3838105
206,woolloongabba,woolloongabba/S2A_MSIL2A_20190819T235251_N0213_R130_T56JMQ_20190820T014338.npy,woolloongabba/S5P_OFFL_L2__NO2____20190819.nc,19/08/2019,19.05322086
207,woolloongabba,woolloongabba/S2B_MSIL2A_20230505T235239_N0509_R130_T56JMQ_20230506T011911.npy,woolloongabba/S5P_OFFL_L2__NO2____20230505.nc,5/05/2023,43.77229483
208,woolloongabba,woolloongabba/S2B_MSIL2A_20201220T000239_N0214_R030_T56JMQ_20201220T015734.npy,woolloongabba/S5P_RPRO_L2__NO2____20201220.nc,20/12/2020,16.54415536
209,woolloongabba,woolloongabba/S2B_MSIL2A_20190426T235249_N0211_R130_T56JMQ_20190427T014316.npy,woolloongabba/S5P_RPRO_L2__NO2____20190426.nc,26/04/2019,31.67695978
210,woolloongabba,woolloongabba/S2A_MSIL2A_20220708T000231_N0400_R030_T56JMQ_20220708T031158.npy,woolloongabba/S5P_RPRO_L2__NO2____20220708.nc,8/07/2022,30.57924335
211,hopeland,hopeland/S2A_MSIL2A_20190813T000241_N0500_R030_T56JKR_20230507T195156.npy,hopeland/S5P_OFFL_L2__NO2____20190813.nc,13/08/2019,2.273840545
212,hopeland,hopeland/S2A_MSIL2A_20190607T001111_N0500_R073_T56JKR_20230605T161054.npy,hopeland/S5P_OFFL_L2__NO2____20190607.nc,7/06/2019,1.796262391
213,hopeland,hopeland/S2A_MSIL2A_20200512T001111_N0500_R073_T56JKR_20230402T164734.npy,hopeland/S5P_RPRO_L2__NO2____20200512.nc,12/05/2020,2.979515392
214,hopeland,hopeland/S2B_MSIL2A_20230509T000229_N0509_R030_T56JKR_20230509T012929.npy,hopeland/S5P_OFFL_L2__NO2____20230509.nc,9/05/2023,5.56358189
215,hopeland,hopeland/S2A_MSIL2A_20190528T001111_N0500_R073_T56JKR_20230618T164739.npy,hopeland/S5P_RPRO_L2__NO2____20190528.nc,28/05/2019,3.354512887
216,hopeland,hopeland/S2A_MSIL2A_20221029T001111_N0400_R073_T56JKR_20221029T030600.npy,hopeland/S5P_OFFL_L2__NO2____20221029.nc,29/10/2022,3.43632977
217,hopeland,hopeland/S2A_MSIL2A_20230107T001111_N0509_R073_T56JKR_20230107T024556.npy,hopeland/S5P_OFFL_L2__NO2____20230107.nc,7/01/2023,3.681782299
218,hopeland,hopeland/S2A_MSIL2A_20230524T000221_N0509_R030_T56JKR_20230524T034658.npy,hopeland/S5P_OFFL_L2__NO2____20230524.nc,24/05/2023,3.927234829
219,hopeland,hopeland/S2B_MSIL2A_20191119T001109_N0500_R073_T56JKR_20230611T222531.npy,hopeland/S5P_RPRO_L2__NO2____20191119.nc,19/11/2019,4.254504241
220,hopeland,hopeland/S2B_MSIL2A_20190719T000249_N9999_R030_T56JKR_20230511T105455.npy,hopeland/S5P_OFFL_L2__NO2____20190719.nc,19/07/2019,3.845416065
221,hopeland,hopeland/S2B_MSIL2A_20210909T001109_N0500_R073_T56JKR_20230111T161231.npy,hopeland/S5P_OFFL_L2__NO2____20210909.nc,9/09/2021,4.990859948
222,hopeland,hopeland/S2B_MSIL2A_20230102T001109_N0509_R073_T56JKR_20230102T014137.npy,hopeland/S5P_OFFL_L2__NO2____20230102.nc,2/01/2023,2.699974063
223,hopeland,hopeland/S2A_MSIL2A_20220817T000231_N0400_R030_T56JKR_20220817T024900.npy,hopeland/S5P_OFFL_L2__NO2____20220817.nc,17/08/2022,3.678061982
224,hopeland,hopeland/S2A_MSIL2A_20190915T001111_N0500_R073_T56JKR_20230502T043513.npy,hopeland/S5P_RPRO_L2__NO2____20190915.nc,15/09/2019,3.528374233
225,hopeland,hopeland/S2B_MSIL2A_20230422T001109_N0509_R073_T56JKR_20230422T014516.npy,hopeland/S5P_OFFL_L2__NO2____20230422.nc,22/04/2023,1.718163944
226,hopeland,hopeland/S2B_MSIL2A_20230512T001109_N0509_R073_T56JKR_20230512T033420.npy,hopeland/S5P_OFFL_L2__NO2____20230512.nc,12/05/2023,3.027243475
227,hopeland,hopeland/S2A_MSIL2A_20191214T001101_N0500_R073_T56JKR_20230609T002910.npy,hopeland/S5P_RPRO_L2__NO2____20191214.nc,14/12/2019,2.37270465
228,hopeland,hopeland/S2A_MSIL2A_20220608T000231_N0400_R030_T56JKR_20220608T033607.npy,hopeland/S5P_RPRO_L2__NO2____20220608.nc,8/06/2022,4.499954889
229,hopeland,hopeland/S2B_MSIL2A_20191219T001109_N0500_R073_T56JKR_20230607T160421.npy,hopeland/S5P_RPRO_L2__NO2____20191219.nc,19/12/2019,2.598674909
230,hopeland,hopeland/S2B_MSIL2A_20200805T001109_N0500_R073_T56JKR_20230316T085351.npy,hopeland/S5P_RPRO_L2__NO2____20200805.nc,5/08/2020,1.702580762
231,hopeland,hopeland/S2B_MSIL2A_20230529T000229_N0509_R030_T56JKR_20230529T013045.npy,hopeland/S5P_OFFL_L2__NO2____20230529.nc,29/05/2023,4.336321124
232,hopeland,hopeland/S2B_MSIL2A_20200914T001109_N0500_R073_T56JKR_20230311T065249.npy,hopeland/S5P_OFFL_L2__NO2____20200914.nc,14/09/2020,1.390894532
233,hopeland,hopeland/S2A_MSIL2A_20220211T001111_N0400_R073_T56JKR_20220211T022753.npy,hopeland/S5P_OFFL_L2__NO2____20220211.nc,11/02/2022,2.480554348
234,hopeland,hopeland/S2A_MSIL2A_20220807T000231_N0400_R030_T56JKR_20220807T032358.npy,hopeland/S5P_OFFL_L2__NO2____20220807.nc,7/08/2022,4.418138007
235,hopeland,hopeland/S2A_MSIL2A_20191121T000241_N0500_R030_T56JKR_20230611T234025.npy,hopeland/S5P_RPRO_L2__NO2____20191121.nc,21/11/2019,1.799982708
236,hopeland,hopeland/S2A_MSIL2A_20220708T000231_N0400_R030_T56JKR_20220708T031158.npy,hopeland/S5P_OFFL_L2__NO2____20220708.nc,8/07/2022,2.781790945
237,hopeland,hopeland/S2B_MSIL2A_20201123T001109_N0500_R073_T56JKR_20230304T110046.npy,hopeland/S5P_OFFL_L2__NO2____20201123.nc,23/11/2020,3.027243475
238,hopeland,hopeland/S2B_MSIL2A_20220114T000239_N0301_R030_T56JKR_20220114T014922.npy,hopeland/S5P_OFFL_L2__NO2____20220114.nc,14/01/2022,1.309077649
239,hopeland,hopeland/S2B_MSIL2A_20210830T001109_N0500_R073_T56JKR_20230309T161902.npy,hopeland/S5P_OFFL_L2__NO2____20210830.nc,30/08/2021,3.272694123
240,hopeland,hopeland/S2B_MSIL2A_20210211T001109_N0500_R073_T56JKR_20230529T112441.npy,hopeland/S5P_RPRO_L2__NO2____20210211.nc,11/02/2021,0
241,hopeland,hopeland/S2A_MSIL2A_20200412T001111_N0500_R073_T56JKR_20230406T085454.npy,hopeland/S5P_OFFL_L2__NO2____20200412.nc,12/04/2020,2.352249489
242,hopeland,hopeland/S2A_MSIL2A_20220711T001121_N0400_R073_T56JKR_20220711T033225.npy,hopeland/S5P_RPRO_L2__NO2____20220711.nc,11/07/2022,3.763599182
243,hopeland,hopeland/S2A_MSIL2A_20191224T001101_N0500_R073_T56JKR_20230608T063328.npy,hopeland/S5P_OFFL_L2__NO2____20191224.nc,24/12/2019,6.545390127
244,hopeland,hopeland/S2B_MSIL2A_20230522T001119_N0509_R073_T56JKR_20230522T014308.npy,hopeland/S5P_OFFL_L2__NO2____20230522.nc,22/05/2023,3.518146652
245,hopeland,hopeland/S2A_MSIL2A_20230527T001111_N0509_R073_T56JKR_20230527T030116.npy,hopeland/S5P_OFFL_L2__NO2____20230527.nc,27/05/2023,7.281745834
246,hopeland,hopeland/S2A_MSIL2A_20220919T001121_N0400_R073_T56JKR_20220919T030658.npy,hopeland/S5P_OFFL_L2__NO2____20220919.nc,19/09/2022,3.19087724
247,hopeland,hopeland/S2A_MSIL2A_20190912T000241_N0500_R030_T56JKR_20230501T211526.npy,hopeland/S5P_OFFL_L2__NO2____20190912.nc,12/09/2019,3.998824131
248,hopeland,hopeland/S2B_MSIL2A_20191020T001109_N0500_R073_T56JKR_20230703T233523.npy,hopeland/S5P_OFFL_L2__NO2____20191020.nc,20/10/2019,2.863607828
249,hopeland,hopeland/S2A_MSIL2A_20230603T000231_N0509_R030_T56JKR_20230603T040000.npy,hopeland/S5P_OFFL_L2__NO2____20230603.nc,3/06/2023,3.518146652
250,hopeland,hopeland/S2B_MSIL2A_20220623T000229_N0400_R030_T56JKR_20220623T014244.npy,hopeland/S5P_OFFL_L2__NO2____20220623.nc,23/06/2022,4.254504241
251,hopeland,hopeland/S2B_MSIL2A_20210728T000239_N0500_R030_T56JKR_20230123T125421.npy,hopeland/S5P_OFFL_L2__NO2____20210728.nc,28/07/2021,2.045435238
252,hopeland,hopeland/S2B_MSIL2A_20230611T001119_N0509_R073_T56JKR_20230611T013954.npy,hopeland/S5P_OFFL_L2__NO2____20230611.nc,11/06/2023,2.618155298
253,hopeland,hopeland/S2A_MSIL2A_20191114T001111_N0500_R073_T56JKR_20230611T232411.npy,hopeland/S5P_RPRO_L2__NO2____20191114.nc,14/11/2019,0.981808237
254,hopeland,hopeland/S2A_MSIL2A_20190826T001111_N0500_R073_T56JKR_20230501T010213.npy,hopeland/S5P_RPRO_L2__NO2____20190826.nc,26/08/2019,2.665883381
255,hopeland,hopeland/S2B_MSIL2A_20200606T001109_N0500_R073_T56JKR_20230403T072335.npy,hopeland/S5P_OFFL_L2__NO2____20200606.nc,6/06/2020,0.899991354
256,springwood,springwood/S2B_MSIL2A_20210724T235249_N0500_R130_T56JNQ_20230123T022009.npy,springwood/S5P_OFFL_L2__NO2____20210724.nc,24/07/2021,6.507889625
257,springwood,springwood/S2A_MSIL2A_20190803T000251_N0500_R030_T56JNQ_20230504T120401.npy,springwood/S5P_OFFL_L2__NO2____20190803.nc,3/08/2019,11.60443144
258,springwood,springwood/S2A_MSIL2A_20230410T235231_N0509_R130_T56JNQ_20230411T023352.npy,springwood/S5P_OFFL_L2__NO2____20230410.nc,10/04/2023,9.736267367
259,springwood,springwood/S2B_MSIL2A_20191216T000239_N0500_R030_T56JNQ_20230531T145805.npy,springwood/S5P_RPRO_L2__NO2____20191216.nc,16/12/2019,7.684014369
260,springwood,springwood/S2A_MSIL2A_20220912T235241_N0400_R130_T56JNQ_20220913T025555.npy,springwood/S5P_OFFL_L2__NO2____20220912.nc,12/09/2022,16.15211253
261,springwood,springwood/S2A_MSIL2A_20230504T000221_N0509_R030_T56JNQ_20230504T041857.npy,springwood/S5P_OFFL_L2__NO2____20230504.nc,4/05/2023,15.8725712
262,springwood,springwood/S2B_MSIL2A_20210125T235249_N0500_R130_T56JNQ_20230522T130036.npy,springwood/S5P_OFFL_L2__NO2____20210125.nc,25/01/2021,2.979515392
263,springwood,springwood/S2A_MSIL2A_20230414T000221_N0509_R030_T56JNQ_20230414T024802.npy,springwood/S5P_OFFL_L2__NO2____20230414.nc,14/04/2023,8.099920306
264,springwood,springwood/S2B_MSIL2A_20200301T235239_N0500_R130_T56JNQ_20230411T215820.npy,springwood/S5P_RPRO_L2__NO2____20200301.nc,1/03/2020,11.91806345
265,springwood,springwood/S2B_MSIL2A_20230119T000219_N0509_R030_T56JNQ_20230119T013727.npy,springwood/S5P_OFFL_L2__NO2____20230119.nc,19/01/2023,3.293149284
266,springwood,springwood/S2B_MSIL2A_20191122T235239_N0500_R130_T56JNQ_20230610T095635.npy,springwood/S5P_OFFL_L2__NO2____20191122.nc,22/11/2019,5.802214778
267,springwood,springwood/S2B_MSIL2A_20191112T235249_N0500_R130_T56JNQ_20230611T072511.npy,springwood/S5P_OFFL_L2__NO2____20191112.nc,12/11/2019,6.35107362
268,springwood,springwood/S2B_MSIL2A_20191027T000239_N0500_R030_T56JNQ_20230704T192248.npy,springwood/S5P_RPRO_L2__NO2____20191027.nc,27/10/2019,5.331764881
269,springwood,springwood/S2B_MSIL2A_20200420T235239_N0500_R130_T56JNQ_20230417T152207.npy,springwood/S5P_RPRO_L2__NO2____20200420.nc,20/04/2020,17.32823727
270,springwood,springwood/S2B_MSIL2A_20220818T235229_N0400_R130_T56JNQ_20220822T133125.npy,springwood/S5P_OFFL_L2__NO2____20220818.nc,18/08/2022,20.93502045
271,springwood,springwood/S2B_MSIL2A_20210628T000239_N0500_R030_T56JNQ_20230202T161221.npy,springwood/S5P_OFFL_L2__NO2____20210628.nc,28/06/2021,15.76007157
272,springwood,springwood/S2A_MSIL2A_20190610T235251_N0500_R130_T56JNQ_20230605T123649.npy,springwood/S5P_RPRO_L2__NO2____20190610.nc,10/06/2019,25.56111111
273,springwood,springwood/S2B_MSIL2A_20210525T235249_N0500_R130_T56JNQ_20230205T234802.npy,springwood/S5P_RPRO_L2__NO2____20210525.nc,25/05/2021,15.95438808
274,springwood,springwood/S2A_MSIL2A_20220823T235241_N0400_R130_T56JNQ_20220824T022604.npy,springwood/S5P_OFFL_L2__NO2____20220823.nc,23/08/2022,10.19308175
275,springwood,springwood/S2B_MSIL2A_20220209T235239_N0400_R130_T56JNQ_20220210T013105.npy,springwood/S5P_RPRO_L2__NO2____20220209.nc,9/02/2022,7.527198364
276,springwood,springwood/S2A_MSIL2A_20231206T235221_N0509_R130_T56JNQ_20231207T022051.npy,springwood/S5P_OFFL_L2__NO2____20231206.nc,6/12/2023,7.118112069
277,springwood,springwood/S2B_MSIL2A_20220609T235239_N0400_R130_T56JNQ_20220610T012436.npy,springwood/S5P_RPRO_L2__NO2____20220609.nc,9/06/2022,14.8089442
278,springwood,springwood/S2A_MSIL2A_20220807T000231_N0400_R030_T56JNQ_20220807T032358.npy,springwood/S5P_OFFL_L2__NO2____20220807.nc,7/08/2022,15.13280567
279,springwood,springwood/S2B_MSIL2A_20230519T000229_N0509_R030_T56JNQ_20230519T014858.npy,springwood/S5P_OFFL_L2__NO2____20230519.nc,19/05/2023,16.11802185
280,springwood,springwood/S2B_MSIL2A_20210718T000239_N0500_R030_T56JNQ_20230123T064218.npy,springwood/S5P_RPRO_L2__NO2____20210718.nc,18/07/2021,13.56463809
281,springwood,springwood/S2A_MSIL2A_20200525T235251_N0500_R130_T56JNQ_20230415T094900.npy,springwood/S5P_OFFL_L2__NO2____20200525.nc,25/05/2020,21.40547035
282,springwood,springwood/S2B_MSIL2A_20200729T235249_N0500_R130_T56JNQ_20230326T055131.npy,springwood/S5P_OFFL_L2__NO2____20200729.nc,29/07/2020,20.54297887
283,springwood,springwood/S2A_MSIL2A_20191221T000231_N0500_R030_T56JNQ_20230607T123434.npy,springwood/S5P_OFFL_L2__NO2____20191221.nc,21/12/2019,5.488582768
284,springwood,springwood/S2A_MSIL2A_20221125T000221_N0400_R030_T56JNQ_20221125T024503.npy,springwood/S5P_OFFL_L2__NO2____20221125.nc,25/11/2022,12.68169208
285,springwood,springwood/S2A_MSIL2A_20220624T235301_N0400_R130_T56JNQ_20220625T023308.npy,springwood/S5P_OFFL_L2__NO2____20220624.nc,24/06/2022,23.23613408
286,springwood,springwood/S2A_MSIL2A_20220813T235241_N0400_R130_T56JNQ_20220814T030801.npy,springwood/S5P_OFFL_L2__NO2____20220813.nc,13/08/2022,14.81917178
287,springwood,springwood/S2B_MSIL2A_20200901T000249_N0500_R030_T56JNQ_20230315T183622.npy,springwood/S5P_RPRO_L2__NO2____20200901.nc,1/09/2020,11.76124744
288,springwood,springwood/S2A_MSIL2A_20190902T000241_N0500_R030_T56JNQ_20230501T045615.npy,springwood/S5P_OFFL_L2__NO2____20190902.nc,2/09/2019,16.07370547
289,wynnum,wynnum/S2B_MSIL2A_20200105T000239_N0500_R030_T56JNQ_20230421T144219.npy,wynnum/S5P_RPRO_L2__NO2____20200105.nc,5/01/2020,5.096539932
290,wynnum,wynnum/S2B_MSIL2A_20230409T000229_N0509_R030_T56JNQ_20230409T013526.npy,wynnum/S5P_OFFL_L2__NO2____20230409.nc,9/04/2023,10.69204279
291,wynnum,wynnum/S2B_MSIL2A_20200514T000239_N0500_R030_T56JNQ_20230411T155426.npy,wynnum/S5P_OFFL_L2__NO2____20200514.nc,14/05/2020,14.34872188
292,wynnum,wynnum/S2A_MSIL2A_20220912T235241_N0400_R130_T56JNQ_20220913T025555.npy,wynnum/S5P_OFFL_L2__NO2____20220912.nc,12/09/2022,24.05430782
293,wynnum,wynnum/S2A_MSIL2A_20190819T235251_N0500_R130_T56JNQ_20230513T104914.npy,wynnum/S5P_RPRO_L2__NO2____20190819.nc,19/08/2019,13.01578113
294,wynnum,wynnum/S2A_MSIL2A_20230504T000221_N0509_R030_T56JNQ_20230504T041857.npy,wynnum/S5P_OFFL_L2__NO2____20230504.nc,4/05/2023,18.30477835
295,wynnum,wynnum/S2A_MSIL2A_20221115T000221_N0400_R030_T56JNQ_20221115T024259.npy,wynnum/S5P_OFFL_L2__NO2____20221115.nc,15/11/2022,16.83165106
296,wynnum,wynnum/S2B_MSIL2A_20220808T235239_N0400_R130_T56JNQ_20220809T012639.npy,wynnum/S5P_OFFL_L2__NO2____20220808.nc,8/08/2022,5.645398773
297,wynnum,wynnum/S2B_MSIL2A_20230119T000219_N0509_R030_T56JNQ_20230119T013727.npy,wynnum/S5P_OFFL_L2__NO2____20230119.nc,19/01/2023,4.745407419
298,wynnum,wynnum/S2A_MSIL2A_20190714T000251_N0500_R030_T56JNQ_20230625T030649.npy,wynnum/S5P_RPRO_L2__NO2____20190714.nc,14/07/2019,18.6611799
299,wynnum,wynnum/S2B_MSIL2A_20210803T235249_N0500_R130_T56JNQ_20230116T045610.npy,wynnum/S5P_RPRO_L2__NO2____20210803.nc,3/08/2021,21.56228698
300,wynnum,wynnum/S2B_MSIL2A_20190719T000249_N9999_R030_T56JNQ_20230511T105304.npy,wynnum/S5P_OFFL_L2__NO2____20190719.nc,19/07/2019,31.20650988
301,wynnum,wynnum/S2A_MSIL2A_20190720T235251_N0500_R130_T56JNQ_20230625T064035.npy,wynnum/S5P_RPRO_L2__NO2____20190720.nc,20/07/2019,19.68048739
302,wynnum,wynnum/S2B_MSIL2A_20220305T000239_N0400_R030_T56JNQ_20220305T015705.npy,wynnum/S5P_RPRO_L2__NO2____20220305.nc,5/03/2022,0.250905985
303,wynnum,wynnum/S2A_MSIL2A_20211120T000241_N0500_R030_T56JNQ_20230101T195141.npy,wynnum/S5P_OFFL_L2__NO2____20211120.nc,20/11/2021,2.430658432
304,wynnum,wynnum/S2A_MSIL2A_20230609T235231_N0509_R130_T56JNQ_20230610T024101.npy,wynnum/S5P_OFFL_L2__NO2____20230609.nc,9/06/2023,22.58159509
305,wynnum,wynnum/S2B_MSIL2A_20220713T000229_N0400_R030_T56JNQ_20220713T013413.npy,wynnum/S5P_OFFL_L2__NO2____20220713.nc,13/07/2022,12.57384238
306,wynnum,wynnum/S2A_MSIL2A_20191211T000241_N0500_R030_T56JNQ_20230608T222120.npy,wynnum/S5P_OFFL_L2__NO2____20191211.nc,11/12/2019,10.50671376
307,wynnum,wynnum/S2B_MSIL2A_20210628T000239_N0500_R030_T56JNQ_20230202T161221.npy,wynnum/S5P_RPRO_L2__NO2____20210628.nc,28/06/2021,14.11349693
308,wynnum,wynnum/S2B_MSIL2A_20210728T000239_N0500_R030_T56JNQ_20230123T125421.npy,wynnum/S5P_OFFL_L2__NO2____20210728.nc,28/07/2021,27.52131902
309,wynnum,wynnum/S2A_MSIL2A_20190405T000241_N0500_R030_T56JNQ_20221029T033820.npy,wynnum/S5P_RPRO_L2__NO2____20190405.nc,5/04/2019,5.959032665
310,wynnum,wynnum/S2A_MSIL2A_20191107T235251_N0500_R130_T56JNQ_20230610T220239.npy,wynnum/S5P_RPRO_L2__NO2____20191107.nc,7/11/2019,24.14976142
311,wynnum,wynnum/S2A_MSIL2A_20190604T000241_N0500_R030_T56JNQ_20230605T114050.npy,wynnum/S5P_OFFL_L2__NO2____20190604.nc,4/06/2019,15.68166263
312,wynnum,wynnum/S2A_MSIL2A_20200415T235241_N0500_R130_T56JNQ_20230406T041155.npy,wynnum/S5P_RPRO_L2__NO2____20200415.nc,15/04/2020,13.40782209
313,wynnum,wynnum/S2A_MSIL2A_20230104T000221_N0509_R030_T56JNQ_20230104T024458.npy,wynnum/S5P_OFFL_L2__NO2____20230104.nc,4/01/2023,9.580070474
314,wynnum,wynnum/S2A_MSIL2A_20190928T235251_N0500_R130_T56JNQ_20230507T044833.npy,wynnum/S5P_RPRO_L2__NO2____20190928.nc,28/09/2019,8.076057205
315,wynnum,wynnum/S2A_MSIL2A_20220823T235241_N0400_R130_T56JNQ_20220824T022604.npy,wynnum/S5P_OFFL_L2__NO2____20220823.nc,23/08/2022,12.68169208
316,wynnum,wynnum/S2B_MSIL2A_20200603T000239_N0500_R030_T56JNQ_20230326T112817.npy,wynnum/S5P_RPRO_L2__NO2____20200603.nc,3/06/2020,12.54533123
317,wynnum,wynnum/S2B_MSIL2A_20220609T235239_N0400_R130_T56JNQ_20220610T012436.npy,wynnum/S5P_OFFL_L2__NO2____20220609.nc,9/06/2022,12.85896324
318,wynnum,wynnum/S2A_MSIL2A_20190918T235241_N0500_R130_T56JNQ_20230501T072239.npy,wynnum/S5P_OFFL_L2__NO2____20190918.nc,18/09/2019,15.99529652
319,wynnum,wynnum/S2B_MSIL2A_20230519T000229_N0509_R030_T56JNQ_20230519T014858.npy,wynnum/S5P_OFFL_L2__NO2____20230519.nc,19/05/2023,26.68733965
320,wynnum,wynnum/S2A_MSIL2A_20220604T235251_N0400_R130_T56JNQ_20220605T023313.npy,wynnum/S5P_RPRO_L2__NO2____20220604.nc,4/06/2022,7.25837012
321,wynnum,wynnum/S2A_MSIL2A_20221026T000221_N0400_R030_T56JNQ_20221026T024654.npy,wynnum/S5P_OFFL_L2__NO2____20221026.nc,26/10/2022,30.96415691
322,wynnum,wynnum/S2B_MSIL2A_20211115T000239_N0500_R030_T56JNQ_20230103T224227.npy,wynnum/S5P_OFFL_L2__NO2____20211115.nc,15/11/2021,29.01107703
323,wynnum,wynnum/S2B_MSIL2A_20220802T000229_N0400_R030_T56JNQ_20220802T013614.npy,wynnum/S5P_OFFL_L2__NO2____20220802.nc,2/08/2022,14.72712732
324,wynnum,wynnum/S2A_MSIL2A_20191221T000231_N0500_R030_T56JNQ_20230607T123434.npy,wynnum/S5P_OFFL_L2__NO2____20191221.nc,21/12/2019,5.410173824
325,wynnum,wynnum/S2A_MSIL2A_20221125T000221_N0400_R030_T56JNQ_20221125T024503.npy,wynnum/S5P_OFFL_L2__NO2____20221125.nc,25/11/2022,18.81799591
326,wynnum,wynnum/S2A_MSIL2A_20231116T235231_N0509_R130_T56JNQ_20231117T020756.npy,wynnum/S5P_OFFL_L2__NO2____20231116.nc,16/11/2023,10.18385716
327,wynnum,wynnum/S2A_MSIL2A_20220817T000231_N0400_R030_T56JNQ_20220817T024900.npy,wynnum/S5P_OFFL_L2__NO2____20220817.nc,17/08/2022,30.76333228
328,wynnum,wynnum/S2A_MSIL2A_20221111T235231_N0400_R130_T56JNQ_20221112T022357.npy,wynnum/S5P_OFFL_L2__NO2____20221111.nc,11/11/2022,14.88332421
329,wynnum,wynnum/S2B_MSIL2A_20190219T000239_N9999_R030_T56JNQ_20230425T193853.npy,wynnum/S5P_RPRO_L2__NO2____20190219.nc,19/02/2019,5.01813287
330,wynnum,wynnum/S2B_MSIL2A_20230505T235239_N0509_R130_T56JNQ_20230506T011911.npy,wynnum/S5P_OFFL_L2__NO2____20230505.nc,5/05/2023,16.93619632
331,wynnum,wynnum/S2B_MSIL2A_20210515T235249_N0500_R130_T56JNQ_20230206T021615.npy,wynnum/S5P_RPRO_L2__NO2____20210515.nc,15/05/2021,19.44526244
332,canon_hill,canon_hill/S2B_MSIL2A_20210724T235249_N0500_R130_T56JNQ_20230123T022009.npy,canon_hill/S5P_RPRO_L2__NO2____20210724.nc,24/07/2021,6.586298569
333,canon_hill,canon_hill/S2A_MSIL2A_20220912T235241_N0400_R130_T56JNQ_20220913T025555.npy,canon_hill/S5P_OFFL_L2__NO2____20220912.nc,12/09/2022,14.27031294
334,canon_hill,canon_hill/S2A_MSIL2A_20230504T000221_N0509_R030_T56JNQ_20230504T041857.npy,canon_hill/S5P_OFFL_L2__NO2____20230504.nc,4/05/2023,24.29975904
335,canon_hill,canon_hill/S2B_MSIL2A_20210125T235249_N0500_R130_T56JNQ_20230522T130036.npy,canon_hill/S5P_RPRO_L2__NO2____20210125.nc,25/01/2021,13.95668093
336,canon_hill,canon_hill/S2A_MSIL2A_20230414T000221_N0509_R030_T56JNQ_20230414T024802.npy,canon_hill/S5P_OFFL_L2__NO2____20230414.nc,14/04/2023,11.29079755
337,canon_hill,canon_hill/S2A_MSIL2A_20220708T000231_N0400_R030_T56JNQ_20220708T031158.npy,canon_hill/S5P_RPRO_L2__NO2____20220708.nc,8/07/2022,7.605607308
338,canon_hill,canon_hill/S2B_MSIL2A_20220808T235239_N0400_R130_T56JNQ_20220809T012639.npy,canon_hill/S5P_OFFL_L2__NO2____20220808.nc,8/08/2022,21.71910361
339,canon_hill,canon_hill/S2B_MSIL2A_20210803T235249_N0500_R130_T56JNQ_20230116T045610.npy,canon_hill/S5P_RPRO_L2__NO2____20210803.nc,3/08/2021,15.52484663
340,canon_hill,canon_hill/S2B_MSIL2A_20220713T000229_N0400_R030_T56JNQ_20220713T013413.npy,canon_hill/S5P_RPRO_L2__NO2____20220713.nc,13/07/2022,8.018103423
341,canon_hill,canon_hill/S2B_MSIL2A_20210628T000239_N0500_R030_T56JNQ_20230202T161221.npy,canon_hill/S5P_RPRO_L2__NO2____20210628.nc,28/06/2021,19.13162918
342,canon_hill,canon_hill/S2B_MSIL2A_20210525T235249_N0500_R130_T56JNQ_20230205T234802.npy,canon_hill/S5P_RPRO_L2__NO2____20210525.nc,25/05/2021,22.73841172
343,canon_hill,canon_hill/S2B_MSIL2A_20220209T235239_N0400_R130_T56JNQ_20220210T013105.npy,canon_hill/S5P_RPRO_L2__NO2____20220209.nc,9/02/2022,11.76124744
344,canon_hill,canon_hill/S2A_MSIL2A_20231206T235221_N0509_R130_T56JNQ_20231207T022051.npy,canon_hill/S5P_OFFL_L2__NO2____20231206.nc,6/12/2023,14.97257985
345,canon_hill,canon_hill/S2B_MSIL2A_20220609T235239_N0400_R130_T56JNQ_20220610T012436.npy,canon_hill/S5P_OFFL_L2__NO2____20220609.nc,9/06/2022,8.672642248
346,canon_hill,canon_hill/S2B_MSIL2A_20230519T000229_N0509_R030_T56JNQ_20230519T014858.npy,canon_hill/S5P_OFFL_L2__NO2____20230519.nc,19/05/2023,25.40429448
347,canon_hill,canon_hill/S2A_MSIL2A_20221026T000221_N0400_R030_T56JNQ_20221026T024654.npy,canon_hill/S5P_OFFL_L2__NO2____20221026.nc,26/10/2022,23.05204499
348,canon_hill,canon_hill/S2B_MSIL2A_20210718T000239_N0500_R030_T56JNQ_20230123T064218.npy,canon_hill/S5P_RPRO_L2__NO2____20210718.nc,18/07/2021,11.2123886
349,canon_hill,canon_hill/S2A_MSIL2A_20221125T000221_N0400_R030_T56JNQ_20221125T024503.npy,canon_hill/S5P_OFFL_L2__NO2____20221125.nc,25/11/2022,16.07370547
350,canon_hill,canon_hill/S2A_MSIL2A_20220817T000231_N0400_R030_T56JNQ_20220817T024900.npy,canon_hill/S5P_OFFL_L2__NO2____20220817.nc,17/08/2022,28.30540218
351,canon_hill,canon_hill/S2A_MSIL2A_20220624T235301_N0400_R130_T56JNQ_20220625T023308.npy,canon_hill/S5P_OFFL_L2__NO2____20220624.nc,24/06/2022,27.4906375
352,mountain_creek,mountain_creek/S2A_MSIL2A_20220708T000231_N0400_R030_T56JNR_20220708T031158.npy,mountain_creek/S5P_RPRO_L2__NO2____20220708.nc,8/07/2022,5.096539932
353,mountain_creek,mountain_creek/S2A_MSIL2A_20220807T000231_N0400_R030_T56JNR_20220807T032358.npy,mountain_creek/S5P_OFFL_L2__NO2____20220807.nc,7/08/2022,9.644222904
354,mountain_creek,mountain_creek/S2A_MSIL2A_20230104T000221_N0509_R030_T56JNR_20230104T024458.npy,mountain_creek/S5P_OFFL_L2__NO2____20230104.nc,4/01/2023,4.172685477
355,mountain_creek,mountain_creek/S2B_MSIL2A_20220603T000239_N0400_R030_T56JNR_20220603T020753.npy,mountain_creek/S5P_OFFL_L2__NO2____20220603.nc,3/06/2022,6.62720701
356,mountain_creek,mountain_creek/S2B_MSIL2A_20210827T000239_N0500_R030_T56JNR_20230121T212645.npy,mountain_creek/S5P_RPRO_L2__NO2____20210827.nc,27/08/2021,13.95668093
357,mountain_creek,mountain_creek/S2A_MSIL2A_20220208T000241_N0400_R030_T56JNR_20220208T020113.npy,mountain_creek/S5P_OFFL_L2__NO2____20220208.nc,8/02/2022,5.566989829
358,mountain_creek,mountain_creek/S2A_MSIL2A_20230414T000221_N0509_R030_T56JNR_20230414T024802.npy,mountain_creek/S5P_OFFL_L2__NO2____20230414.nc,14/04/2023,8.018103423
359,mountain_creek,mountain_creek/S2B_MSIL2A_20221031T000219_N0400_R030_T56JNR_20221031T013205.npy,mountain_creek/S5P_OFFL_L2__NO2____20221031.nc,31/10/2022,3.136333279
360,mountain_creek,mountain_creek/S2B_MSIL2A_20200901T000249_N0500_R030_T56JNR_20230315T183622.npy,mountain_creek/S5P_OFFL_L2__NO2____20200901.nc,1/09/2020,4.23404908
361,mountain_creek,mountain_creek/S2B_MSIL2A_20210409T000239_N0500_R030_T56JNR_20230513T070634.npy,mountain_creek/S5P_RPRO_L2__NO2____20210409.nc,9/04/2021,7.44878942
362,mountain_creek,mountain_creek/S2A_MSIL2A_20190912T000241_N0500_R030_T56JNR_20230501T211526.npy,mountain_creek/S5P_RPRO_L2__NO2____20190912.nc,12/09/2019,10.19308175
363,mountain_creek,mountain_creek/S2B_MSIL2A_20200613T000239_N0500_R030_T56JNR_20230328T124804.npy,mountain_creek/S5P_RPRO_L2__NO2____20200613.nc,13/06/2020,6.115848671
364,mountain_creek,mountain_creek/S2B_MSIL2A_20210718T000239_N0500_R030_T56JNR_20230123T064218.npy,mountain_creek/S5P_OFFL_L2__NO2____20210718.nc,18/07/2021,7.997648262
365,mountain_creek,mountain_creek/S2A_MSIL2A_20220926T000231_N0400_R030_T56JNR_20220926T024527.npy,mountain_creek/S5P_OFFL_L2__NO2____20220926.nc,26/09/2022,4.861314983
366,mountain_creek,mountain_creek/S2A_MSIL2A_20190803T000251_N0500_R030_T56JNR_20230504T120401.npy,mountain_creek/S5P_OFFL_L2__NO2____20190803.nc,3/08/2019,11.44761355
367,mountain_creek,mountain_creek/S2B_MSIL2A_20191216T000239_N0500_R030_T56JNR_20230531T145805.npy,mountain_creek/S5P_RPRO_L2__NO2____20191216.nc,16/12/2019,5.253357819
368,north_ward,north_ward/S2B_MSIL2A_20221209T002709_N0509_R016_T55KDU_20221209T020227.npy,north_ward/S5P_OFFL_L2__NO2____20221209.nc,9/12/2022,3.842008126
369,north_ward,north_ward/S2B_MSIL2A_20210915T002709_N0500_R016_T55KDU_20230114T052845.npy,north_ward/S5P_RPRO_L2__NO2____20210915.nc,15/09/2021,2.430658432
370,north_ward,north_ward/S2B_MSIL2A_20191215T002659_N0500_R016_T55KDU_20230611T220047.npy,north_ward/S5P_OFFL_L2__NO2____20191215.nc,15/12/2019,2.587474438
371,north_ward,north_ward/S2A_MSIL2A_20190703T002711_N0500_R016_T55KDU_20230717T054706.npy,north_ward/S5P_RPRO_L2__NO2____20190703.nc,3/07/2019,7.684014369
372,north_ward,north_ward/S2B_MSIL2A_20200602T002709_N0500_R016_T55KDU_20230402T215114.npy,north_ward/S5P_RPRO_L2__NO2____20200602.nc,2/06/2020,5.959032665
373,north_ward,north_ward/S2B_MSIL2A_20220304T002709_N0400_R016_T55KDU_20220304T022405.npy,north_ward/S5P_RPRO_L2__NO2____20220304.nc,4/03/2022,2.822699387
374,north_ward,north_ward/S2A_MSIL2A_20191120T002711_N0500_R016_T55KDU_20230707T030429.npy,north_ward/S5P_OFFL_L2__NO2____20191120.nc,20/11/2019,3.421454144
375,north_ward,north_ward/S2A_MSIL2A_20220707T002721_N0400_R016_T55KDU_20220707T034418.npy,north_ward/S5P_OFFL_L2__NO2____20220707.nc,7/07/2022,7.840832256
376,north_ward,north_ward/S2B_MSIL2A_20220103T002709_N0301_R016_T55KDU_20220103T022639.npy,north_ward/S5P_RPRO_L2__NO2____20220103.nc,3/01/2022,3.685190238
377,boat_creek,boat_creek/S2A_MSIL2A_20190518T001111_N0500_R073_T56KLU_20230618T075710.npy,boat_creek/S5P_RPRO_L2__NO2____20190518.nc,18/05/2019,8.624914165
378,boat_creek,boat_creek/S2A_MSIL2A_20220102T001111_N0301_R073_T56KLU_20220102T022110.npy,boat_creek/S5P_RPRO_L2__NO2____20220102.nc,2/01/2022,4.782907921
379,boat_creek,boat_creek/S2B_MSIL2A_20221103T001109_N0400_R073_T56KLU_20221103T013938.npy,boat_creek/S5P_OFFL_L2__NO2____20221103.nc,3/11/2022,9.56581396
380,boat_creek,boat_creek/S2B_MSIL2A_20211009T001109_N0301_R073_T56KLU_20211009T015100.npy,boat_creek/S5P_OFFL_L2__NO2____20211009.nc,9/10/2021,1.881799591
381,boat_creek,boat_creek/S2A_MSIL2A_20190826T001111_N0500_R073_T56KLU_20230501T010213.npy,boat_creek/S5P_RPRO_L2__NO2____20190826.nc,26/08/2019,12.23169734
382,boat_creek,boat_creek/S2B_MSIL2A_20200616T001109_N0500_R073_T56KLU_20230403T065102.npy,boat_creek/S5P_OFFL_L2__NO2____20200616.nc,16/06/2020,7.213564472
383,boat_creek,boat_creek/S2B_MSIL2A_20221113T001109_N0400_R073_T56KLU_20221113T182805.npy,boat_creek/S5P_OFFL_L2__NO2____20221113.nc,13/11/2022,3.998824131
384,boat_creek,boat_creek/S2A_MSIL2A_20230527T001111_N0509_R073_T56KLU_20230527T030116.npy,boat_creek/S5P_OFFL_L2__NO2____20230527.nc,27/05/2023,14.81917178
385,boat_creek,boat_creek/S2B_MSIL2A_20220815T001109_N0400_R073_T56KLU_20220815T014506.npy,boat_creek/S5P_OFFL_L2__NO2____20220815.nc,15/08/2022,15.76007157
386,boat_creek,boat_creek/S2B_MSIL2A_20230422T001109_N0509_R073_T56KLU_20230422T014516.npy,boat_creek/S5P_OFFL_L2__NO2____20230422.nc,22/04/2023,9.245362308
387,boat_creek,boat_creek/S2A_MSIL2A_20220820T001121_N0400_R073_T56KLU_20220820T024713.npy,boat_creek/S5P_OFFL_L2__NO2____20220820.nc,20/08/2022,8.781732052
388,boat_creek,boat_creek/S2A_MSIL2A_20211203T001111_N0301_R073_T56KLU_20211203T022529.npy,boat_creek/S5P_OFFL_L2__NO2____20211203.nc,3/12/2021,4.390865085
389,boat_creek,boat_creek/S2B_MSIL2A_20210721T001109_N0500_R073_T56KLU_20230129T091947.npy,boat_creek/S5P_RPRO_L2__NO2____20210721.nc,21/07/2021,8.389689216
390,boat_creek,boat_creek/S2B_MSIL2A_20210621T001109_N0500_R073_T56KLU_20230201T025610.npy,boat_creek/S5P_OFFL_L2__NO2____20210621.nc,21/06/2021,11.1271619
391,boat_creek,boat_creek/S2B_MSIL2A_20200407T001109_N0500_R073_T56KLU_20230411T061247.npy,boat_creek/S5P_RPRO_L2__NO2____20200407.nc,7/04/2020,7.605607308
392,boat_creek,boat_creek/S2A_MSIL2A_20190905T001111_N0500_R073_T56KLU_20230502T105804.npy,boat_creek/S5P_RPRO_L2__NO2____20190905.nc,5/09/2019,23.91453647
393,boat_creek,boat_creek/S2B_MSIL2A_20191109T001109_N0500_R073_T56KLU_20230611T025647.npy,boat_creek/S5P_RPRO_L2__NO2____20191109.nc,9/11/2019,5.959032665
394,boat_creek,boat_creek/S2A_MSIL2A_20190528T001111_N0500_R073_T56KLU_20230618T164739.npy,boat_creek/S5P_OFFL_L2__NO2____20190528.nc,28/05/2019,16.62256243
395,memorial_park,memorial_park/S2B_MSIL2A_20200726T001109_N0500_R073_T56KLU_20230423T020638.npy,memorial_park/S5P_RPRO_L2__NO2____20200726.nc,26/07/2020,15.83848052
396,memorial_park,memorial_park/S2A_MSIL2A_20200412T001111_N0500_R073_T56KLU_20230406T085454.npy,memorial_park/S5P_RPRO_L2__NO2____20200412.nc,12/04/2020,4.155640136
397,memorial_park,memorial_park/S2B_MSIL2A_20191020T001109_N0500_R073_T56KLU_20230703T233523.npy,memorial_park/S5P_RPRO_L2__NO2____20191020.nc,20/10/2019,6.194257614
398,memorial_park,memorial_park/S2A_MSIL2A_20191204T001111_N0500_R073_T56KLU_20230609T221403.npy,memorial_park/S5P_RPRO_L2__NO2____20191204.nc,4/12/2019,12.31010629
399,memorial_park,memorial_park/S2A_MSIL2A_20190826T001111_N0500_R073_T56KLU_20230501T010213.npy,memorial_park/S5P_RPRO_L2__NO2____20190826.nc,26/08/2019,16.54415536
400,memorial_park,memorial_park/S2B_MSIL2A_20200616T001109_N0500_R073_T56KLU_20230403T065102.npy,memorial_park/S5P_OFFL_L2__NO2____20200616.nc,16/06/2020,7.690834011
401,memorial_park,memorial_park/S2B_MSIL2A_20200606T001109_N0500_R073_T56KLU_20230403T072335.npy,memorial_park/S5P_OFFL_L2__NO2____20200606.nc,6/06/2020,5.253357819
402,memorial_park,memorial_park/S2B_MSIL2A_20200417T001109_N0500_R073_T56KLU_20230418T194035.npy,memorial_park/S5P_RPRO_L2__NO2____20200417.nc,17/04/2020,11.29079755
403,memorial_park,memorial_park/S2B_MSIL2A_20221113T001109_N0400_R073_T56KLU_20221113T182805.npy,memorial_park/S5P_OFFL_L2__NO2____20221113.nc,13/11/2022,7.609015247
404,memorial_park,memorial_park/S2B_MSIL2A_20220815T001109_N0400_R073_T56KLU_20220815T014506.npy,memorial_park/S5P_OFFL_L2__NO2____20220815.nc,15/08/2022,14.88332421
405,memorial_park,memorial_park/S2B_MSIL2A_20230422T001109_N0509_R073_T56KLU_20230422T014516.npy,memorial_park/S5P_OFFL_L2__NO2____20230422.nc,22/04/2023,4.499954889
406,memorial_park,memorial_park/S2B_MSIL2A_20210412T001109_N0500_R073_T56KLU_20230513T074442.npy,memorial_park/S5P_OFFL_L2__NO2____20210412.nc,12/04/2021,1.489758637
407,memorial_park,memorial_park/S2B_MSIL2A_20200805T001109_N0500_R073_T56KLU_20230316T085351.npy,memorial_park/S5P_OFFL_L2__NO2____20200805.nc,5/08/2020,20.80433992
408,memorial_park,memorial_park/S2B_MSIL2A_20210721T001109_N0500_R073_T56KLU_20230129T091947.npy,memorial_park/S5P_OFFL_L2__NO2____20210721.nc,21/07/2021,8.938548057
409,memorial_park,memorial_park/S2B_MSIL2A_20210621T001109_N0500_R073_T56KLU_20230201T025610.npy,memorial_park/S5P_OFFL_L2__NO2____20210621.nc,21/06/2021,5.410173824
410,memorial_park,memorial_park/S2B_MSIL2A_20200407T001109_N0500_R073_T56KLU_20230411T061247.npy,memorial_park/S5P_RPRO_L2__NO2____20200407.nc,7/04/2020,4.626090034
411,memorial_park,memorial_park/S2A_MSIL2A_20190905T001111_N0500_R073_T56KLU_20230502T105804.npy,memorial_park/S5P_OFFL_L2__NO2____20190905.nc,5/09/2019,22.73841172
412,memorial_park,memorial_park/S2B_MSIL2A_20230601T001119_N0509_R073_T56KLU_20230601T014045.npy,memorial_park/S5P_OFFL_L2__NO2____20230601.nc,1/06/2023,17.26346573
413,deception_bay,deception_bay/S2B_MSIL2A_20200828T235249_N0214_R130_T56JMQ_20200829T015907.npy,deception_bay/S5P_RPRO_L2__NO2____20200828.nc,28/08/2020,12.31010629
414,deception_bay,deception_bay/S2A_MSIL2A_20231226T235231_N0510_R130_T56JMQ_20231227T021750.npy,deception_bay/S5P_OFFL_L2__NO2____20231226.nc,26/12/2023,2.127252121
415,deception_bay,deception_bay/S2A_MSIL2A_20221115T000221_N0400_R030_T56JMQ_20221115T024259.npy,deception_bay/S5P_OFFL_L2__NO2____20221115.nc,15/11/2022,12.54533123
416,deception_bay,deception_bay/S2B_MSIL2A_20220729T235239_N0400_R130_T56JMQ_20220730T011722.npy,deception_bay/S5P_OFFL_L2__NO2____20220729.nc,29/07/2022,24.46339468
417,deception_bay,deception_bay/S2A_MSIL2A_20220306T235251_N0400_R130_T56JMQ_20220307T014916.npy,deception_bay/S5P_RPRO_L2__NO2____20220306.nc,6/03/2022,6.821523517
418,deception_bay,deception_bay/S2A_MSIL2A_20211027T235251_N0301_R130_T56JMQ_20211028T014413.npy,deception_bay/S5P_RPRO_L2__NO2____20211027.nc,27/10/2021,0.235224949
419,deception_bay,deception_bay/S2B_MSIL2A_20230409T000229_N0509_R030_T56JMQ_20230409T013526.npy,deception_bay/S5P_OFFL_L2__NO2____20230409.nc,9/04/2023,5.072676831
420,deception_bay,deception_bay/S2B_MSIL2A_20230519T000229_N0509_R030_T56JMQ_20230519T014858.npy,deception_bay/S5P_OFFL_L2__NO2____20230519.nc,19/05/2023,17.26346573
421,deception_bay,deception_bay/S2B_MSIL2A_20230119T000219_N0509_R030_T56JMQ_20230119T013727.npy,deception_bay/S5P_OFFL_L2__NO2____20230119.nc,19/01/2023,3.057924335
422,deception_bay,deception_bay/S2A_MSIL2A_20230104T000221_N0509_R030_T56JMQ_20230104T024458.npy,deception_bay/S5P_OFFL_L2__NO2____20230104.nc,4/01/2023,3.518146652
423,deception_bay,deception_bay/S2A_MSIL2A_20220807T000231_N0400_R030_T56JMQ_20220807T032358.npy,deception_bay/S5P_OFFL_L2__NO2____20220807.nc,7/08/2022,10.42830669
424,deception_bay,deception_bay/S2B_MSIL2A_20211002T235249_N0301_R130_T56JMQ_20211003T013007.npy,deception_bay/S5P_OFFL_L2__NO2____20211002.nc,2/10/2021,19.52367076
425,deception_bay,deception_bay/S2A_MSIL2A_20231206T235221_N0509_R130_T56JMQ_20231207T022051.npy,deception_bay/S5P_OFFL_L2__NO2____20231206.nc,6/12/2023,7.281745834
426,deception_bay,deception_bay/S2B_MSIL2A_20230529T000229_N0509_R030_T56JMQ_20230529T013045.npy,deception_bay/S5P_OFFL_L2__NO2____20230529.nc,29/05/2023,24.46339468
427,deception_bay,deception_bay/S2A_MSIL2A_20200624T235251_N0214_R130_T56JMQ_20200625T015852.npy,deception_bay/S5P_OFFL_L2__NO2____20200624.nc,24/06/2020,16.07370547
428,deception_bay,deception_bay/S2A_MSIL2A_20220817T000231_N0400_R030_T56JMQ_20220817T024900.npy,deception_bay/S5P_OFFL_L2__NO2____20220817.nc,17/08/2022,22.32498606
429,deception_bay,deception_bay/S2A_MSIL2A_20221111T235231_N0400_R130_T56JMQ_20221112T022357.npy,deception_bay/S5P_OFFL_L2__NO2____20221111.nc,11/11/2022,6.586298569
430,deception_bay,deception_bay/S2A_MSIL2A_20220926T000231_N0400_R030_T56JMQ_20220926T024527.npy,deception_bay/S5P_OFFL_L2__NO2____20220926.nc,26/09/2022,6.115848671
431,deception_bay,deception_bay/S2A_MSIL2A_20220823T235241_N0400_R130_T56JMQ_20220824T022604.npy,deception_bay/S5P_OFFL_L2__NO2____20220823.nc,23/08/2022,3.136333279
432,deception_bay,deception_bay/S2A_MSIL2A_20190521T235251_N0212_R130_T56JMQ_20190522T014028.npy,deception_bay/S5P_OFFL_L2__NO2____20190521.nc,21/05/2019,17.09301232
433,deception_bay,deception_bay/S2B_MSIL2A_20190219T000239_N0211_R030_T56JMQ_20190219T015436.npy,deception_bay/S5P_RPRO_L2__NO2____20190219.nc,19/02/2019,6.664707512
434,deception_bay,deception_bay/S2A_MSIL2A_20190819T235251_N0213_R130_T56JMQ_20190820T014338.npy,deception_bay/S5P_RPRO_L2__NO2____20190819.nc,19/08/2019,9.173773006
435,deception_bay,deception_bay/S2B_MSIL2A_20230505T235239_N0509_R130_T56JMQ_20230506T011911.npy,deception_bay/S5P_OFFL_L2__NO2____20230505.nc,5/05/2023,13.09078025
436,deception_bay,deception_bay/S2A_MSIL2A_20200704T235251_N0214_R130_T56JMQ_20200705T015226.npy,deception_bay/S5P_RPRO_L2__NO2____20200704.nc,4/07/2020,4.939723926
437,deception_bay,deception_bay/S2A_MSIL2A_20190405T000241_N0211_R030_T56JMQ_20190405T034247.npy,deception_bay/S5P_RPRO_L2__NO2____20190405.nc,5/04/2019,6.115848671
438,fishermans_landing,fishermans_landing/S2B_MSIL2A_20200726T001109_N0500_R073_T56KLU_20230423T020638.npy,fishermans_landing/S5P_RPRO_L2__NO2____20200726.nc,26/07/2020,6.978339523
439,fishermans_landing,fishermans_landing/S2A_MSIL2A_20200422T001111_N0500_R073_T56KLU_20230406T200210.npy,fishermans_landing/S5P_OFFL_L2__NO2____20200422.nc,22/04/2020,12.07488134
440,fishermans_landing,fishermans_landing/S2B_MSIL2A_20191020T001109_N0500_R073_T56KLU_20230703T233523.npy,fishermans_landing/S5P_OFFL_L2__NO2____20191020.nc,20/10/2019,11.76124744
441,fishermans_landing,fishermans_landing/S2A_MSIL2A_20191204T001111_N0500_R073_T56KLU_20230609T221403.npy,fishermans_landing/S5P_RPRO_L2__NO2____20191204.nc,4/12/2019,4.077233074
442,fishermans_landing,fishermans_landing/S2A_MSIL2A_20190826T001111_N0500_R073_T56KLU_20230501T010213.npy,fishermans_landing/S5P_OFFL_L2__NO2____20190826.nc,26/08/2019,7.363562717
443,fishermans_landing,fishermans_landing/S2B_MSIL2A_20200616T001109_N0500_R073_T56KLU_20230403T065102.npy,fishermans_landing/S5P_RPRO_L2__NO2____20200616.nc,16/06/2020,7.762423313
444,fishermans_landing,fishermans_landing/S2A_MSIL2A_20200512T001111_N0500_R073_T56KLU_20230402T164734.npy,fishermans_landing/S5P_RPRO_L2__NO2____20200512.nc,12/05/2020,8.232873211
445,fishermans_landing,fishermans_landing/S2B_MSIL2A_20200805T001109_N0500_R073_T56KLU_20230316T085351.npy,fishermans_landing/S5P_OFFL_L2__NO2____20200805.nc,5/08/2020,5.959032665
446,fishermans_landing,fishermans_landing/S2A_MSIL2A_20191224T001101_N0500_R073_T56KLU_20230608T063328.npy,fishermans_landing/S5P_RPRO_L2__NO2____20191224.nc,24/12/2019,1.411349693
447,fishermans_landing,fishermans_landing/S2B_MSIL2A_20191109T001109_N0500_R073_T56KLU_20230611T025647.npy,fishermans_landing/S5P_OFFL_L2__NO2____20191109.nc,9/11/2019,6.037439727
448,miles_airport,miles_airport/S2B_MSIL2A_20210810T001109_N0500_R073_T56JKR_20230116T202008.npy,miles_airport/S5P_OFFL_L2__NO2____20210810.nc,10/08/2021,1.227260766
449,miles_airport,miles_airport/S2A_MSIL2A_20221029T001111_N0400_R073_T56JKR_20221029T030600.npy,miles_airport/S5P_OFFL_L2__NO2____20221029.nc,29/10/2022,2.618155298
450,miles_airport,miles_airport/S2A_MSIL2A_20230107T001111_N0509_R073_T56JKR_20230107T024556.npy,miles_airport/S5P_OFFL_L2__NO2____20230107.nc,7/01/2023,4.418138007
451,miles_airport,miles_airport/S2B_MSIL2A_20210909T001109_N0500_R073_T56JKR_20230111T161231.npy,miles_airport/S5P_RPRO_L2__NO2____20210909.nc,9/09/2021,9.31938854
452,miles_airport,miles_airport/S2B_MSIL2A_20230102T001109_N0509_R073_T56JKR_20230102T014137.npy,miles_airport/S5P_OFFL_L2__NO2____20230102.nc,2/01/2023,2.618155298
453,miles_airport,miles_airport/S2B_MSIL2A_20230422T001109_N0509_R073_T56JKR_20230422T014516.npy,miles_airport/S5P_OFFL_L2__NO2____20230422.nc,22/04/2023,4.336321124
454,miles_airport,miles_airport/S2B_MSIL2A_20220815T001109_N0400_R073_T56JKR_20220815T014506.npy,miles_airport/S5P_OFFL_L2__NO2____20220815.nc,15/08/2022,4.336321124
455,miles_airport,miles_airport/S2A_MSIL2A_20191214T001101_N0500_R073_T56JKR_20230609T002910.npy,miles_airport/S5P_OFFL_L2__NO2____20191214.nc,14/12/2019,5.236312478
456,miles_airport,miles_airport/S2B_MSIL2A_20210522T001109_N0500_R073_T56JKR_20230206T054355.npy,miles_airport/S5P_OFFL_L2__NO2____20210522.nc,22/05/2021,7.690834011
457,miles_airport,miles_airport/S2B_MSIL2A_20210412T001109_N0500_R073_T56JKR_20230513T074442.npy,miles_airport/S5P_RPRO_L2__NO2____20210412.nc,12/04/2021,2.290885886
458,miles_airport,miles_airport/S2B_MSIL2A_20200805T001109_N0500_R073_T56JKR_20230316T085351.npy,miles_airport/S5P_RPRO_L2__NO2____20200805.nc,5/08/2020,3.19087724
459,miles_airport,miles_airport/S2B_MSIL2A_20200616T001109_N0500_R073_T56JKR_20230403T065102.npy,miles_airport/S5P_OFFL_L2__NO2____20200616.nc,16/06/2020,3.354512887
460,miles_airport,miles_airport/S2A_MSIL2A_20220211T001111_N0400_R073_T56JKR_20220211T022753.npy,miles_airport/S5P_OFFL_L2__NO2____20220211.nc,11/02/2022,5.399946243
461,miles_airport,miles_airport/S2B_MSIL2A_20220517T001109_N0400_R073_T56JKR_20220517T015336.npy,miles_airport/S5P_OFFL_L2__NO2____20220517.nc,17/05/2022,2.781790945
462,miles_airport,miles_airport/S2B_MSIL2A_20210820T001109_N0500_R073_T56JKR_20230119T201622.npy,miles_airport/S5P_OFFL_L2__NO2____20210820.nc,20/08/2021,5.236312478
463,miles_airport,miles_airport/S2A_MSIL2A_20200422T001111_N0500_R073_T56JKR_20230406T200210.npy,miles_airport/S5P_RPRO_L2__NO2____20200422.nc,22/04/2020,6.872659539
464,miles_airport,miles_airport/S2A_MSIL2A_20220711T001121_N0400_R073_T56JKR_20220711T033225.npy,miles_airport/S5P_OFFL_L2__NO2____20220711.nc,11/07/2022,7.527198364
465,miles_airport,miles_airport/S2B_MSIL2A_20221203T001109_N0400_R073_T56JKR_20221203T013634.npy,miles_airport/S5P_OFFL_L2__NO2____20221203.nc,3/12/2022,2.94542471
466,miles_airport,miles_airport/S2A_MSIL2A_20221118T001111_N0400_R073_T56JKR_20221118T034957.npy,miles_airport/S5P_OFFL_L2__NO2____20221118.nc,18/11/2022,4.172685477
467,southport,southport/S2A_MSIL2A_20220912T235241_N0400_R130_T56JNQ_20220913T025555.npy,southport/S5P_OFFL_L2__NO2____20220912.nc,12/09/2022,16.77938031
468,southport,southport/S2B_MSIL2A_20210125T235249_N0500_R130_T56JNQ_20230522T130036.npy,southport/S5P_OFFL_L2__NO2____20210125.nc,25/01/2021,4.499954889
469,southport,southport/S2B_MSIL2A_20200301T235239_N0500_R130_T56JNQ_20230411T215820.npy,southport/S5P_OFFL_L2__NO2____20200301.nc,1/03/2020,6.821523517
470,southport,southport/S2B_MSIL2A_20210803T235249_N0500_R130_T56JNQ_20230116T045610.npy,southport/S5P_OFFL_L2__NO2____20210803.nc,3/08/2021,10.42830669
471,southport,southport/S2B_MSIL2A_20220709T235239_N0400_R130_T56JNQ_20220710T012102.npy,southport/S5P_RPRO_L2__NO2____20220709.nc,9/07/2022,13.56463809
472,southport,southport/S2B_MSIL2A_20230525T235239_N0509_R130_T56JNQ_20230526T011433.npy,southport/S5P_OFFL_L2__NO2____20230525.nc,25/05/2023,16.44529126
473,southport,southport/S2B_MSIL2A_20220818T235229_N0400_R130_T56JNQ_20220822T133125.npy,southport/S5P_OFFL_L2__NO2____20220818.nc,18/08/2022,23.00927682
474,southport,southport/S2A_MSIL2A_20190610T235251_N0500_R130_T56JNQ_20230605T123649.npy,southport/S5P_RPRO_L2__NO2____20190610.nc,10/06/2019,15.52484663
475,southport,southport/S2A_MSIL2A_20200415T235241_N0500_R130_T56JNQ_20230406T041155.npy,southport/S5P_OFFL_L2__NO2____20200415.nc,15/04/2020,7.213564472
476,southport,southport/S2B_MSIL2A_20230306T235239_N0509_R130_T56JNQ_20230307T011519.npy,southport/S5P_OFFL_L2__NO2____20230306.nc,6/03/2023,6.38175448
477,southport,southport/S2B_MSIL2A_20220209T235239_N0400_R130_T56JNQ_20220210T013105.npy,southport/S5P_OFFL_L2__NO2____20220209.nc,9/02/2022,6.507889625
478,southport,southport/S2A_MSIL2A_20231206T235221_N0509_R130_T56JNQ_20231207T022051.npy,southport/S5P_OFFL_L2__NO2____20231206.nc,6/12/2023,5.56358189
479,southport,southport/S2B_MSIL2A_20220609T235239_N0400_R130_T56JNQ_20220610T012436.npy,southport/S5P_OFFL_L2__NO2____20220609.nc,9/06/2022,11.45443319
480,southport,southport/S2A_MSIL2A_20220604T235251_N0400_R130_T56JNQ_20220605T023313.npy,southport/S5P_RPRO_L2__NO2____20220604.nc,4/06/2022,8.75445913
481,southport,southport/S2A_MSIL2A_20200525T235251_N0500_R130_T56JNQ_20230415T094900.npy,southport/S5P_RPRO_L2__NO2____20200525.nc,25/05/2020,19.05322086
482,southport,southport/S2A_MSIL2A_20220624T235301_N0400_R130_T56JNQ_20220625T023308.npy,southport/S5P_OFFL_L2__NO2____20220624.nc,24/06/2022,23.74651937
483,deagon,deagon/S2A_MSIL2A_20231226T235231_N0510_R130_T56JMQ_20231227T021750.npy,deagon/S5P_OFFL_L2__NO2____20231226.nc,26/12/2023,6.136303832
484,deagon,deagon/S2B_MSIL2A_20220530T235249_N0400_R130_T56JMQ_20220531T012325.npy,deagon/S5P_RPRO_L2__NO2____20220530.nc,30/05/2022,13.01578113
485,deagon,deagon/S2A_MSIL2A_20230410T235231_N0509_R130_T56JMQ_20230411T023352.npy,deagon/S5P_OFFL_L2__NO2____20230410.nc,10/04/2023,8.918092896
486,deagon,deagon/S2B_MSIL2A_20230409T000229_N0509_R030_T56JMQ_20230409T013526.npy,deagon/S5P_OFFL_L2__NO2____20230409.nc,9/04/2023,4.499954889
487,deagon,deagon/S2A_MSIL2A_20220813T235241_N0400_R130_T56JMQ_20220814T030801.npy,deagon/S5P_OFFL_L2__NO2____20220813.nc,13/08/2022,15.36803062
488,deagon,deagon/S2A_MSIL2A_20230504T000221_N0509_R030_T56JMQ_20230504T041857.npy,deagon/S5P_OFFL_L2__NO2____20230504.nc,4/05/2023,29.86334134
489,deagon,deagon/S2B_MSIL2A_20220818T235229_N0400_R130_T56JMQ_20220822T133125.npy,deagon/S5P_OFFL_L2__NO2____20220818.nc,18/08/2022,28.3838105
490,deagon,deagon/S2A_MSIL2A_20221125T000221_N0400_R030_T56JMQ_20221125T024503.npy,deagon/S5P_OFFL_L2__NO2____20221125.nc,25/11/2022,14.97598778
491,deagon,deagon/S2A_MSIL2A_20230104T000221_N0509_R030_T56JMQ_20230104T024458.npy,deagon/S5P_OFFL_L2__NO2____20230104.nc,4/01/2023,8.895780398
492,deagon,deagon/S2A_MSIL2A_20220807T000231_N0400_R030_T56JMQ_20220807T032358.npy,deagon/S5P_OFFL_L2__NO2____20220807.nc,7/08/2022,13.17259714
493,deagon,deagon/S2A_MSIL2A_20221111T235231_N0400_R130_T56JMQ_20221112T022357.npy,deagon/S5P_OFFL_L2__NO2____20221111.nc,11/11/2022,10.27148881
494,deagon,deagon/S2A_MSIL2A_20220926T000231_N0400_R030_T56JMQ_20220926T024527.npy,deagon/S5P_OFFL_L2__NO2____20220926.nc,26/09/2022,11.13398154
495,deagon,deagon/S2B_MSIL2A_20220209T235239_N0400_R130_T56JMQ_20220210T013105.npy,deagon/S5P_OFFL_L2__NO2____20220209.nc,9/02/2022,34.6564758
496,deagon,deagon/S2B_MSIL2A_20220410T235239_N0400_R130_T56JMQ_20220411T020918.npy,deagon/S5P_RPRO_L2__NO2____20220410.nc,10/04/2022,15.13280567
497,deagon,deagon/S2A_MSIL2A_20220827T000231_N0400_R030_T56JMQ_20220827T031756.npy,deagon/S5P_OFFL_L2__NO2____20220827.nc,27/08/2022,14.03508799
498,deagon,deagon/S2B_MSIL2A_20230505T235239_N0509_R130_T56JMQ_20230506T011911.npy,deagon/S5P_OFFL_L2__NO2____20230505.nc,5/05/2023,23.56340357
499,deagon,deagon/S2A_MSIL2A_20220708T000231_N0400_R030_T56JMQ_20220708T031158.npy,deagon/S5P_OFFL_L2__NO2____20220708.nc,8/07/2022,9.095364063
500,christie_downs,christie_downs/S2B_MSIL2A_20200529T004709_N0500_R102_T54HTG_20230401T075829.npy,christie_downs/S5P_OFFL_L2__NO2____20200529.nc,29/05/2020,19.14526532
501,christie_downs,christie_downs/S2B_MSIL2A_20200725T003709_N0500_R059_T54HTG_20230324T210910.npy,christie_downs/S5P_RPRO_L2__NO2____20200725.nc,25/07/2020,12.92714461
502,christie_downs,christie_downs/S2B_MSIL2A_20200725T003709_N0500_R059_T54HTG_20230324T210910.npy,christie_downs/S5P_OFFL_L2__NO2____20200725.nc,25/07/2020,12.92714461
503,christie_downs,christie_downs/S2A_MSIL2A_20210827T004711_N0500_R102_T54HTG_20230222T082625.npy,christie_downs/S5P_OFFL_L2__NO2____20210827.nc,27/08/2021,18.98163156
504,christie_downs,christie_downs/S2B_MSIL2A_20210822T004709_N0500_R102_T54HTG_20230118T083048.npy,christie_downs/S5P_RPRO_L2__NO2____20210822.nc,22/08/2021,8.311282154
505,christie_downs,christie_downs/S2A_MSIL2A_20200713T004711_N0500_R102_T54HTG_20230531T114824.npy,christie_downs/S5P_OFFL_L2__NO2____20200713.nc,13/07/2020,16.60892691
506,christie_downs,christie_downs/S2B_MSIL2A_20190102T003659_N0500_R059_T54HTG_20221129T050113.npy,christie_downs/S5P_RPRO_L2__NO2____20190102.nc,2/01/2019,2.209069003
507,christie_downs,christie_downs/S2B_MSIL2A_20230424T004709_N0509_R102_T54HTG_20230424T023308.npy,christie_downs/S5P_OFFL_L2__NO2____20230424.nc,24/04/2023,15.05439673
508,christie_downs,christie_downs/S2B_MSIL2A_20201215T004659_N0500_R102_T54HTG_20230402T171338.npy,christie_downs/S5P_RPRO_L2__NO2____20201215.nc,15/12/2020,3.842008126
509,christie_downs,christie_downs/S2B_MSIL2A_20201215T004659_N0500_R102_T54HTG_20230402T171338.npy,christie_downs/S5P_OFFL_L2__NO2____20201215.nc,15/12/2020,3.842008126
510,christie_downs,christie_downs/S2A_MSIL2A_20201130T004711_N0500_R102_T54HTG_20230323T185445.npy,christie_downs/S5P_OFFL_L2__NO2____20201130.nc,30/11/2020,6.463573245
511,christie_downs,christie_downs/S2B_MSIL2A_20200117T003659_N0500_R059_T54HTG_20230427T061115.npy,christie_downs/S5P_RPRO_L2__NO2____20200117.nc,17/01/2020,2.258159509
512,christie_downs,christie_downs/S2A_MSIL2A_20231115T004701_N0509_R102_T54HTG_20231115T025855.npy,christie_downs/S5P_OFFL_L2__NO2____20231115.nc,15/11/2023,3.681782299
513,christie_downs,christie_downs/S2B_MSIL2A_20201225T004709_N0500_R102_T54HTG_20230402T025324.npy,christie_downs/S5P_OFFL_L2__NO2____20201225.nc,25/12/2020,1.33294075
514,christie_downs,christie_downs/S2B_MSIL2A_20201225T004709_N0500_R102_T54HTG_20230402T025324.npy,christie_downs/S5P_RPRO_L2__NO2____20201225.nc,25/12/2020,1.33294075
515,christie_downs,christie_downs/S2A_MSIL2A_20190917T004711_N0500_R102_T54HTG_20230627T205536.npy,christie_downs/S5P_RPRO_L2__NO2____20190917.nc,17/09/2019,6.054485068
516,christie_downs,christie_downs/S2B_MSIL2A_20210121T003709_N0500_R059_T54HTG_20230520T102455.npy,christie_downs/S5P_RPRO_L2__NO2____20210121.nc,21/01/2021,11.53625008
517,christie_downs,christie_downs/S2B_MSIL2A_20200913T003709_N0500_R059_T54HTG_20230330T095416.npy,christie_downs/S5P_RPRO_L2__NO2____20200913.nc,13/09/2020,5.236312478
518,christie_downs,christie_downs/S2A_MSIL2A_20210215T003701_N0500_R059_T54HTG_20230609T133930.npy,christie_downs/S5P_RPRO_L2__NO2____20210215.nc,15/02/2021,3.057924335
519,christie_downs,christie_downs/S2A_MSIL2A_20210215T003701_N0500_R059_T54HTG_20230609T133930.npy,christie_downs/S5P_OFFL_L2__NO2____20210215.nc,15/02/2021,3.057924335
520,christie_downs,christie_downs/S2A_MSIL2A_20210429T004701_N0500_R102_T54HTG_20230518T144225.npy,christie_downs/S5P_OFFL_L2__NO2____20210429.nc,29/04/2021,20.12707356
521,christie_downs,christie_downs/S2B_MSIL2A_20230322T003709_N0509_R059_T54HTG_20230322T022808.npy,christie_downs/S5P_OFFL_L2__NO2____20230322.nc,22/03/2023,3.845416065
522,christie_downs,christie_downs/S2B_MSIL2A_20200206T003659_N0500_R059_T54HTG_20230428T204144.npy,christie_downs/S5P_OFFL_L2__NO2____20200206.nc,6/02/2020,4.418138007
523,christie_downs,christie_downs/S2B_MSIL2A_20210521T003709_N0500_R059_T54HTG_20230210T201125.npy,christie_downs/S5P_RPRO_L2__NO2____20210521.nc,21/05/2021,32.15422869
524,christie_downs,christie_downs/S2A_MSIL2A_20200224T004701_N0500_R102_T54HTG_20230612T194055.npy,christie_downs/S5P_OFFL_L2__NO2____20200224.nc,24/02/2020,7.772650894
525,christie_downs,christie_downs/S2A_MSIL2A_20200315T004701_N0500_R102_T54HTG_20230626T231130.npy,christie_downs/S5P_OFFL_L2__NO2____20200315.nc,15/03/2020,1.636347061
526,christie_downs,christie_downs/S2A_MSIL2A_20181012T004701_N0500_R102_T54HTG_20230729T003534.npy,christie_downs/S5P_OFFL_L2__NO2____20181012.nc,12/10/2018,8.154464267
527,christie_downs,christie_downs/S2A_MSIL2A_20190216T003611_N0500_R059_T54HTG_20221125T182118.npy,christie_downs/S5P_OFFL_L2__NO2____20190216.nc,16/02/2019,5.802214778
528,christie_downs,christie_downs/S2A_MSIL2A_20190226T003701_N0500_R059_T54HTG_20221126T181426.npy,christie_downs/S5P_RPRO_L2__NO2____20190226.nc,26/02/2019,8.703323108
529,christie_downs,christie_downs/S2B_MSIL2A_20221222T003709_N0509_R059_T54HTG_20221222T022450.npy,christie_downs/S5P_OFFL_L2__NO2____20221222.nc,22/12/2022,3.763599182
530,christie_downs,christie_downs/S2A_MSIL2A_20201028T003711_N0500_R059_T54HTG_20230414T221152.npy,christie_downs/S5P_RPRO_L2__NO2____20201028.nc,28/10/2020,11.6828385
531,christie_downs,christie_downs/S2B_MSIL2A_20180924T003659_N0500_R059_T54HTG_20230710T001615.npy,christie_downs/S5P_OFFL_L2__NO2____20180924.nc,24/09/2018,6.38175448
532,christie_downs,christie_downs/S2A_MSIL2A_20210426T003701_N0500_R059_T54HTG_20230524T120641.npy,christie_downs/S5P_OFFL_L2__NO2____20210426.nc,26/04/2021,4.861314983
533,christie_downs,christie_downs/S2A_MSIL2A_20211212T003701_N0500_R059_T54HTG_20221224T113519.npy,christie_downs/S5P_RPRO_L2__NO2____20211212.nc,12/12/2021,9.644222904
534,christie_downs,christie_downs/S2A_MSIL2A_20210406T003701_N0500_R059_T54HTG_20230510T212746.npy,christie_downs/S5P_RPRO_L2__NO2____20210406.nc,6/04/2021,4.23404908
535,christie_downs,christie_downs/S2A_MSIL2A_20230218T004701_N0509_R102_T54HTG_20230218T031154.npy,christie_downs/S5P_OFFL_L2__NO2____20230218.nc,18/02/2023,2.37270465
536,christie_downs,christie_downs/S2A_MSIL2A_20200115T004701_N0500_R102_T54HTG_20230604T014529.npy,christie_downs/S5P_OFFL_L2__NO2____20200115.nc,15/01/2020,3.681782299
537,christie_downs,christie_downs/S2B_MSIL2A_20230124T004709_N0509_R102_T54HTG_20230124T022319.npy,christie_downs/S5P_OFFL_L2__NO2____20230124.nc,24/01/2023,4.312458023
538,christie_downs,christie_downs/S2B_MSIL2A_20180726T003659_N0500_R059_T54HTG_20230719T135312.npy,christie_downs/S5P_RPRO_L2__NO2____20180726.nc,26/07/2018,27.32700251
539,christie_downs,christie_downs/S2B_MSIL2A_20191022T004709_N0500_R102_T54HTG_20230615T174232.npy,christie_downs/S5P_OFFL_L2__NO2____20191022.nc,22/10/2019,14.42713082
540,christie_downs,christie_downs/S2A_MSIL2A_20200112T003701_N0500_R059_T54HTG_20230618T045833.npy,christie_downs/S5P_RPRO_L2__NO2____20200112.nc,12/01/2020,2.587474438
541,christie_downs,christie_downs/S2A_MSIL2A_20181118T003701_N0500_R059_T54HTG_20230817T101751.npy,christie_downs/S5P_OFFL_L2__NO2____20181118.nc,18/11/2018,4.23404908
542,christie_downs,christie_downs/S2A_MSIL2A_20181029T003701_N0500_R059_T54HTG_20230730T042454.npy,christie_downs/S5P_OFFL_L2__NO2____20181029.nc,29/10/2018,5.174948875
543,christie_downs,christie_downs/S2B_MSIL2A_20221016T004709_N0400_R102_T54HTG_20221016T023233.npy,christie_downs/S5P_OFFL_L2__NO2____20221016.nc,16/10/2022,3.763599182
544,christie_downs,christie_downs/S2B_MSIL2A_20180825T003659_N0500_R059_T54HTG_20230712T031354.npy,christie_downs/S5P_RPRO_L2__NO2____20180825.nc,25/08/2018,13.6635022
545,christie_downs,christie_downs/S2B_MSIL2A_20200605T003709_N0500_R059_T54HTG_20230402T131552.npy,christie_downs/S5P_RPRO_L2__NO2____20200605.nc,5/06/2020,20.78161238
546,christie_downs,christie_downs/S2A_MSIL2A_20210320T004711_N0500_R102_T54HTG_20230520T092502.npy,christie_downs/S5P_OFFL_L2__NO2____20210320.nc,20/03/2021,4.418138007
547,christie_downs,christie_downs/S2B_MSIL2A_20190813T004709_N0500_R102_T54HTG_20230505T220559.npy,christie_downs/S5P_RPRO_L2__NO2____20190813.nc,13/08/2019,22.81682004
548,netley,netley/S2A_MSIL2A_20180525T004711_N0500_R102_T54HTG_20230829T173928.npy,netley/S5P_RPRO_L2__NO2____20180525.nc,25/05/2018,23.97248962
549,netley,netley/S2B_MSIL2A_20190122T003709_N0500_R059_T54HTG_20221201T002343.npy,netley/S5P_RPRO_L2__NO2____20190122.nc,22/01/2019,11.52602249
550,netley,netley/S2B_MSIL2A_20190122T003709_N0500_R059_T54HTG_20221201T002343.npy,netley/S5P_OFFL_L2__NO2____20190122.nc,22/01/2019,11.52602249
551,netley,netley/S2B_MSIL2A_20200310T004709_N0500_R102_T54HTG_20230409T114442.npy,netley/S5P_OFFL_L2__NO2____20200310.nc,10/03/2020,15.21803238
552,netley,netley/S2B_MSIL2A_20190912T004709_N0500_R102_T54HTG_20230501T231444.npy,netley/S5P_OFFL_L2__NO2____20190912.nc,12/09/2019,11.44761355
553,netley,netley/S2B_MSIL2A_20231217T003659_N0510_R059_T54HTG_20231217T022222.npy,netley/S5P_OFFL_L2__NO2____20231217.nc,17/12/2023,9.408997955
554,netley,netley/S2B_MSIL2A_20210822T004709_N0500_R102_T54HTG_20230118T083048.npy,netley/S5P_OFFL_L2__NO2____20210822.nc,22/08/2021,9.173773006
555,netley,netley/S2B_MSIL2A_20190102T003659_N0500_R059_T54HTG_20221129T050113.npy,netley/S5P_RPRO_L2__NO2____20190102.nc,2/01/2019,7.997648262
556,netley,netley/S2B_MSIL2A_20230424T004709_N0509_R102_T54HTG_20230424T023308.npy,netley/S5P_OFFL_L2__NO2____20230424.nc,24/04/2023,23.05204499
557,netley,netley/S2A_MSIL2A_20220623T004721_N0400_R102_T54HTG_20220623T034218.npy,netley/S5P_RPRO_L2__NO2____20220623.nc,23/06/2022,17.67255203
558,netley,netley/S2B_MSIL2A_20200117T003659_N0500_R059_T54HTG_20230427T061115.npy,netley/S5P_RPRO_L2__NO2____20200117.nc,17/01/2020,2.777893738
559,netley,netley/S2B_MSIL2A_20210809T003709_N0500_R059_T54HTG_20230110T141907.npy,netley/S5P_RPRO_L2__NO2____20210809.nc,9/08/2021,18.65436026
560,netley,netley/S2B_MSIL2A_20211210T004659_N0500_R102_T54HTG_20221228T110440.npy,netley/S5P_RPRO_L2__NO2____20211210.nc,10/12/2021,3.293149284
561,netley,netley/S2B_MSIL2A_20211210T004659_N0500_R102_T54HTG_20221228T110440.npy,netley/S5P_OFFL_L2__NO2____20211210.nc,10/12/2021,3.293149284
562,netley,netley/S2B_MSIL2A_20230220T003709_N0509_R059_T54HTG_20230220T023407.npy,netley/S5P_OFFL_L2__NO2____20230220.nc,20/02/2023,19.55435162
563,netley,netley/S2B_MSIL2A_20200107T003659_N0500_R059_T54HTG_20230424T210455.npy,netley/S5P_OFFL_L2__NO2____20200107.nc,7/01/2020,11.1271619
564,netley,netley/S2B_MSIL2A_20200130T004659_N0500_R102_T54HTG_20230426T105901.npy,netley/S5P_OFFL_L2__NO2____20200130.nc,30/01/2020,23.52249489
565,netley,netley/S2A_MSIL2A_20231122T003701_N0509_R059_T54HTG_20231122T030259.npy,netley/S5P_OFFL_L2__NO2____20231122.nc,22/11/2023,2.430658432
566,netley,netley/S2A_MSIL2A_20190120T004701_N0500_R102_T54HTG_20230725T133519.npy,netley/S5P_OFFL_L2__NO2____20190120.nc,20/01/2019,4.704498978
567,netley,netley/S2B_MSIL2A_20211230T004659_N0500_R102_T54HTG_20221230T171432.npy,netley/S5P_RPRO_L2__NO2____20211230.nc,30/12/2021,6.664707512
568,netley,netley/S2A_MSIL2A_20200610T003711_N0500_R059_T54HTG_20230618T083928.npy,netley/S5P_OFFL_L2__NO2____20200610.nc,10/06/2020,35.44055834
569,netley,netley/S2A_MSIL2A_20191216T004701_N0500_R102_T54HTG_20230619T020958.npy,netley/S5P_OFFL_L2__NO2____20191216.nc,16/12/2019,23.56340333
570,netley,netley/S2B_MSIL2A_20200206T003659_N0500_R059_T54HTG_20230428T204144.npy,netley/S5P_OFFL_L2__NO2____20200206.nc,6/02/2020,11.04534502
571,netley,netley/S2B_MSIL2A_20210404T004709_N0500_R102_T54HTG_20230509T171946.npy,netley/S5P_RPRO_L2__NO2____20210404.nc,4/04/2021,18.73958697
572,netley,netley/S2B_MSIL2A_20211227T003659_N0500_R059_T54HTG_20221225T040145.npy,netley/S5P_RPRO_L2__NO2____20211227.nc,27/12/2021,0.981808237
573,netley,netley/S2A_MSIL2A_20190914T003701_N0500_R059_T54HTG_20230704T115157.npy,netley/S5P_RPRO_L2__NO2____20190914.nc,14/09/2019,25.16906953
574,netley,netley/S2A_MSIL2A_20200224T004701_N0500_R102_T54HTG_20230612T194055.npy,netley/S5P_RPRO_L2__NO2____20200224.nc,24/02/2020,22.41795944
575,netley,netley/S2A_MSIL2A_20210218T004711_N0500_R102_T54HTG_20230605T150311.npy,netley/S5P_OFFL_L2__NO2____20210218.nc,18/02/2021,11.29079755
576,netley,netley/S2B_MSIL2A_20190105T004709_N0500_R102_T54HTG_20221214T210444.npy,netley/S5P_OFFL_L2__NO2____20190105.nc,5/01/2019,0.981808237
577,netley,netley/S2A_MSIL2A_20190226T003701_N0500_R059_T54HTG_20221126T181426.npy,netley/S5P_OFFL_L2__NO2____20190226.nc,26/02/2019,23.23613392
578,netley,netley/S2B_MSIL2A_20191029T003709_N0500_R059_T54HTG_20230615T200323.npy,netley/S5P_OFFL_L2__NO2____20191029.nc,29/10/2019,19.30890097
579,netley,netley/S2B_MSIL2A_20190823T004709_N0500_R102_T54HTG_20230626T024333.npy,netley/S5P_RPRO_L2__NO2____20190823.nc,23/08/2019,23.44408594
580,netley,netley/S2B_MSIL2A_20230315T004709_N0509_R102_T54HTG_20230315T023533.npy,netley/S5P_OFFL_L2__NO2____20230315.nc,15/03/2023,19.21003686
581,netley,netley/S2B_MSIL2A_20180924T003659_N0500_R059_T54HTG_20230710T001615.npy,netley/S5P_OFFL_L2__NO2____20180924.nc,24/09/2018,7.527198364
582,netley,netley/S2A_MSIL2A_20191024T003711_N0500_R059_T54HTG_20230712T051225.npy,netley/S5P_RPRO_L2__NO2____20191024.nc,24/10/2019,20.85661151
583,netley,netley/S2A_MSIL2A_20210426T003701_N0500_R059_T54HTG_20230524T120641.npy,netley/S5P_RPRO_L2__NO2____20210426.nc,26/04/2021,16.77938031
584,netley,netley/S2A_MSIL2A_20211212T003701_N0500_R059_T54HTG_20221224T113519.npy,netley/S5P_OFFL_L2__NO2____20211212.nc,12/12/2021,11.83965639
585,netley,netley/S2A_MSIL2A_20210926T004711_N0500_R102_T54HTG_20230125T031919.npy,netley/S5P_OFFL_L2__NO2____20210926.nc,26/09/2021,7.281745834
586,netley,netley/S2A_MSIL2A_20190616T003711_N0500_R059_T54HTG_20230723T132213.npy,netley/S5P_OFFL_L2__NO2____20190616.nc,16/06/2019,19.83730465
587,netley,netley/S2A_MSIL2A_20201220T004701_N0500_R102_T54HTG_20230305T073214.npy,netley/S5P_RPRO_L2__NO2____20201220.nc,20/12/2020,4.009051712
588,netley,netley/S2B_MSIL2A_20211031T004709_N0500_R102_T54HTG_20230105T123901.npy,netley/S5P_RPRO_L2__NO2____20211031.nc,31/10/2021,10.03626386
589,netley,netley/S2A_MSIL2A_20221117T003711_N0400_R059_T54HTG_20221117T030259.npy,netley/S5P_OFFL_L2__NO2____20221117.nc,17/11/2022,12.1532884
590,netley,netley/S2A_MSIL2A_20190318T003701_N0500_R059_T54HTG_20221120T145042.npy,netley/S5P_RPRO_L2__NO2____20190318.nc,18/03/2019,21.35433433
591,netley,netley/S2B_MSIL2A_20230511T003709_N0509_R059_T54HTG_20230511T022200.npy,netley/S5P_OFFL_L2__NO2____20230511.nc,11/05/2023,23.48158645
592,netley,netley/S2A_MSIL2A_20190130T004701_N0500_R102_T54HTG_20221221T180730.npy,netley/S5P_OFFL_L2__NO2____20190130.nc,30/01/2019,17.01460526
593,netley,netley/S2B_MSIL2A_20231117T003659_N0509_R059_T54HTG_20231117T023600.npy,netley/S5P_OFFL_L2__NO2____20231117.nc,17/11/2023,5.154493714
594,netley,netley/S2B_MSIL2A_20220317T003659_N0400_R059_T54HTG_20220317T023325.npy,netley/S5P_RPRO_L2__NO2____20220317.nc,17/03/2022,16.28165749
595,netley,netley/S2A_MSIL2A_20200829T003711_N0500_R059_T54HTG_20230502T222639.npy,netley/S5P_OFFL_L2__NO2____20200829.nc,29/08/2020,19.28844581
596,netley,netley/S2A_MSIL2A_20200204T004701_N0500_R102_T54HTG_20230625T044705.npy,netley/S5P_OFFL_L2__NO2____20200204.nc,4/02/2020,6.054485068
597,netley,netley/S2A_MSIL2A_20200204T004701_N0500_R102_T54HTG_20230625T044705.npy,netley/S5P_RPRO_L2__NO2____20200204.nc,4/02/2020,6.054485068
598,netley,netley/S2A_MSIL2A_20180909T003701_N0500_R059_T54HTG_20230801T174749.npy,netley/S5P_RPRO_L2__NO2____20180909.nc,9/09/2018,11.44761355
599,netley,netley/S2B_MSIL2A_20181116T004709_N0500_R102_T54HTG_20230617T201600.npy,netley/S5P_OFFL_L2__NO2____20181116.nc,16/11/2018,11.94533637
600,netley,netley/S2A_MSIL2A_20200102T003701_N0500_R059_T54HTG_20230625T141255.npy,netley/S5P_OFFL_L2__NO2____20200102.nc,2/01/2020,10.89875659
601,netley,netley/S2A_MSIL2A_20181029T003701_N0500_R059_T54HTG_20230730T042454.npy,netley/S5P_OFFL_L2__NO2____20181029.nc,29/10/2018,16.77256067
602,netley,netley/S2B_MSIL2A_20180825T003659_N0500_R059_T54HTG_20230712T031354.npy,netley/S5P_RPRO_L2__NO2____20180825.nc,25/08/2018,20.94524803
603,netley,netley/S2B_MSIL2A_20180825T003659_N0500_R059_T54HTG_20230712T031354.npy,netley/S5P_OFFL_L2__NO2____20180825.nc,25/08/2018,20.94524803
604,netley,netley/S2B_MSIL2A_20200605T003709_N0500_R059_T54HTG_20230402T131552.npy,netley/S5P_RPRO_L2__NO2____20200605.nc,5/06/2020,32.64513187
605,netley,netley/S2B_MSIL2A_20200605T003709_N0500_R059_T54HTG_20230402T131552.npy,netley/S5P_OFFL_L2__NO2____20200605.nc,5/06/2020,32.64513187
606,netley,netley/S2A_MSIL2A_20210320T004711_N0500_R102_T54HTG_20230520T092502.npy,netley/S5P_RPRO_L2__NO2____20210320.nc,20/03/2021,5.727215656
607,netley,netley/S2B_MSIL2A_20190522T003719_N0500_R059_T54HTG_20221216T045841.npy,netley/S5P_OFFL_L2__NO2____20190522.nc,22/05/2019,32.97240128
608,northfield,northfield/S2A_MSIL2A_20180525T004711_N0500_R102_T54HTG_20230829T173928.npy,northfield/S5P_RPRO_L2__NO2____20180525.nc,25/05/2018,9.899903014
609,northfield,northfield/S2B_MSIL2A_20190122T003709_N0500_R059_T54HTG_20221201T002343.npy,northfield/S5P_OFFL_L2__NO2____20190122.nc,22/01/2019,14.3998579
610,northfield,northfield/S2A_MSIL2A_20210827T004711_N0500_R102_T54HTG_20230222T082625.npy,northfield/S5P_RPRO_L2__NO2____20210827.nc,27/08/2021,8.918092896
611,northfield,northfield/S2A_MSIL2A_20210827T004711_N0500_R102_T54HTG_20230222T082625.npy,northfield/S5P_OFFL_L2__NO2____20210827.nc,27/08/2021,8.918092896
612,northfield,northfield/S2B_MSIL2A_20231217T003659_N0510_R059_T54HTG_20231217T022222.npy,northfield/S5P_OFFL_L2__NO2____20231217.nc,17/12/2023,4.909043066
613,northfield,northfield/S2B_MSIL2A_20191118T003659_N0500_R059_T54HTG_20230528T064553.npy,northfield/S5P_OFFL_L2__NO2____20191118.nc,18/11/2019,11.78170261
614,northfield,northfield/S2B_MSIL2A_20190102T003659_N0500_R059_T54HTG_20221129T050113.npy,northfield/S5P_RPRO_L2__NO2____20190102.nc,2/01/2019,4.581773654
615,northfield,northfield/S2A_MSIL2A_20220623T004721_N0400_R102_T54HTG_20220623T034218.npy,northfield/S5P_RPRO_L2__NO2____20220623.nc,23/06/2022,8.181737189
616,northfield,northfield/S2B_MSIL2A_20200117T003659_N0500_R059_T54HTG_20230427T061115.npy,northfield/S5P_RPRO_L2__NO2____20200117.nc,17/01/2020,2.94542471
617,northfield,northfield/S2A_MSIL2A_20231115T004701_N0509_R102_T54HTG_20231115T025855.npy,northfield/S5P_OFFL_L2__NO2____20231115.nc,15/11/2023,6.38175448
618,northfield,northfield/S2B_MSIL2A_20201225T004709_N0500_R102_T54HTG_20230402T025324.npy,northfield/S5P_OFFL_L2__NO2____20201225.nc,25/12/2020,2.979515392
619,northfield,northfield/S2B_MSIL2A_20201225T004709_N0500_R102_T54HTG_20230402T025324.npy,northfield/S5P_RPRO_L2__NO2____20201225.nc,25/12/2020,2.979515392
620,northfield,northfield/S2A_MSIL2A_20190917T004711_N0500_R102_T54HTG_20230627T205536.npy,northfield/S5P_RPRO_L2__NO2____20190917.nc,17/09/2019,9.490814838
621,northfield,northfield/S2B_MSIL2A_20200913T003709_N0500_R059_T54HTG_20230330T095416.npy,northfield/S5P_RPRO_L2__NO2____20200913.nc,13/09/2020,7.936284659
622,northfield,northfield/S2A_MSIL2A_20210215T003701_N0500_R059_T54HTG_20230609T133930.npy,northfield/S5P_RPRO_L2__NO2____20210215.nc,15/02/2021,12.85896324
623,northfield,northfield/S2A_MSIL2A_20210215T003701_N0500_R059_T54HTG_20230609T133930.npy,northfield/S5P_OFFL_L2__NO2____20210215.nc,15/02/2021,12.85896324
624,northfield,northfield/S2A_MSIL2A_20231122T003701_N0509_R059_T54HTG_20231122T030259.npy,northfield/S5P_OFFL_L2__NO2____20231122.nc,22/11/2023,4.077233074
625,northfield,northfield/S2A_MSIL2A_20190120T004701_N0500_R102_T54HTG_20230725T133519.npy,northfield/S5P_RPRO_L2__NO2____20190120.nc,20/01/2019,3.354512887
626,northfield,northfield/S2B_MSIL2A_20230322T003709_N0509_R059_T54HTG_20230322T022808.npy,northfield/S5P_OFFL_L2__NO2____20230322.nc,22/03/2023,14.64531043
627,northfield,northfield/S2B_MSIL2A_20200206T003659_N0500_R059_T54HTG_20230428T204144.npy,northfield/S5P_OFFL_L2__NO2____20200206.nc,6/02/2020,10.79989249
628,northfield,northfield/S2B_MSIL2A_20211227T003659_N0500_R059_T54HTG_20221225T040145.npy,northfield/S5P_RPRO_L2__NO2____20211227.nc,27/12/2021,1.636347061
629,northfield,northfield/S2A_MSIL2A_20190914T003701_N0500_R059_T54HTG_20230704T115157.npy,northfield/S5P_RPRO_L2__NO2____20190914.nc,14/09/2019,21.95432919
630,northfield,northfield/S2A_MSIL2A_20210218T004711_N0500_R102_T54HTG_20230605T150311.npy,northfield/S5P_OFFL_L2__NO2____20210218.nc,18/02/2021,4.663590536
631,northfield,northfield/S2B_MSIL2A_20190105T004709_N0500_R102_T54HTG_20221214T210444.npy,northfield/S5P_OFFL_L2__NO2____20190105.nc,5/01/2019,2.822699387
632,northfield,northfield/S2A_MSIL2A_20190226T003701_N0500_R059_T54HTG_20221126T181426.npy,northfield/S5P_OFFL_L2__NO2____20190226.nc,26/02/2019,13.72145598
633,northfield,northfield/S2B_MSIL2A_20190823T004709_N0500_R102_T54HTG_20230626T024333.npy,northfield/S5P_OFFL_L2__NO2____20190823.nc,23/08/2019,13.56463809
634,northfield,northfield/S2A_MSIL2A_20201028T003711_N0500_R059_T54HTG_20230414T221152.npy,northfield/S5P_OFFL_L2__NO2____20201028.nc,28/10/2020,16.23052147
635,northfield,northfield/S2B_MSIL2A_20190316T004709_N0500_R102_T54HTG_20221116T155024.npy,northfield/S5P_RPRO_L2__NO2____20190316.nc,16/03/2019,6.507889625
636,northfield,northfield/S2B_MSIL2A_20180924T003659_N0500_R059_T54HTG_20230710T001615.npy,northfield/S5P_OFFL_L2__NO2____20180924.nc,24/09/2018,4.909043066
637,northfield,northfield/S2B_MSIL2A_20191111T004709_N0500_R102_T54HTG_20230525T200050.npy,northfield/S5P_OFFL_L2__NO2____20191111.nc,11/11/2019,7.919239318
638,northfield,northfield/S2A_MSIL2A_20191024T003711_N0500_R059_T54HTG_20230712T051225.npy,northfield/S5P_RPRO_L2__NO2____20191024.nc,24/10/2019,8.232873211
639,northfield,northfield/S2A_MSIL2A_20211212T003701_N0500_R059_T54HTG_20221224T113519.npy,northfield/S5P_OFFL_L2__NO2____20211212.nc,12/12/2021,5.566989829
640,northfield,northfield/S2A_MSIL2A_20211212T003701_N0500_R059_T54HTG_20221224T113519.npy,northfield/S5P_RPRO_L2__NO2____20211212.nc,12/12/2021,5.566989829
641,northfield,northfield/S2A_MSIL2A_20210926T004711_N0500_R102_T54HTG_20230125T031919.npy,northfield/S5P_RPRO_L2__NO2____20210926.nc,26/09/2021,4.172685477
642,northfield,northfield/S2A_MSIL2A_20210406T003701_N0500_R059_T54HTG_20230510T212746.npy,northfield/S5P_OFFL_L2__NO2____20210406.nc,6/04/2021,7.762423313
643,northfield,northfield/S2A_MSIL2A_20201220T004701_N0500_R102_T54HTG_20230305T073214.npy,northfield/S5P_RPRO_L2__NO2____20201220.nc,20/12/2020,3.845416065
644,northfield,northfield/S2A_MSIL2A_20190318T003701_N0500_R059_T54HTG_20221120T145042.npy,northfield/S5P_RPRO_L2__NO2____20190318.nc,18/03/2019,21.24865434
645,northfield,northfield/S2B_MSIL2A_20180430T004709_N0500_R102_T54HTG_20230907T034732.npy,northfield/S5P_RPRO_L2__NO2____20180430.nc,30/04/2018,17.24983021
646,northfield,northfield/S2B_MSIL2A_20180726T003659_N0500_R059_T54HTG_20230719T135312.npy,northfield/S5P_OFFL_L2__NO2____20180726.nc,26/07/2018,19.71798726
647,northfield,northfield/S2B_MSIL2A_20180726T003659_N0500_R059_T54HTG_20230719T135312.npy,northfield/S5P_RPRO_L2__NO2____20180726.nc,26/07/2018,19.71798726
648,northfield,northfield/S2A_MSIL2A_20190130T004701_N0500_R102_T54HTG_20221221T180730.npy,northfield/S5P_RPRO_L2__NO2____20190130.nc,30/01/2019,9.408997955
649,northfield,northfield/S2A_MSIL2A_20200112T003701_N0500_R059_T54HTG_20230618T045833.npy,northfield/S5P_OFFL_L2__NO2____20200112.nc,12/01/2020,3.136333279
650,northfield,northfield/S2A_MSIL2A_20200829T003711_N0500_R059_T54HTG_20230502T222639.npy,northfield/S5P_RPRO_L2__NO2____20200829.nc,29/08/2020,6.978339523
651,northfield,northfield/S2A_MSIL2A_20200829T003711_N0500_R059_T54HTG_20230502T222639.npy,northfield/S5P_OFFL_L2__NO2____20200829.nc,29/08/2020,6.978339523
652,northfield,northfield/S2A_MSIL2A_20200204T004701_N0500_R102_T54HTG_20230625T044705.npy,northfield/S5P_OFFL_L2__NO2____20200204.nc,4/02/2020,3.027243475
653,northfield,northfield/S2A_MSIL2A_20200204T004701_N0500_R102_T54HTG_20230625T044705.npy,northfield/S5P_RPRO_L2__NO2____20200204.nc,4/02/2020,3.027243475
654,northfield,northfield/S2A_MSIL2A_20180909T003701_N0500_R059_T54HTG_20230801T174749.npy,northfield/S5P_RPRO_L2__NO2____20180909.nc,9/09/2018,12.38851335
655,northfield,northfield/S2B_MSIL2A_20210401T003709_N0500_R059_T54HTG_20230510T225038.npy,northfield/S5P_OFFL_L2__NO2____20210401.nc,1/04/2021,20.20889044
656,northfield,northfield/S2A_MSIL2A_20211105T004711_N0500_R102_T54HTG_20230107T055717.npy,northfield/S5P_OFFL_L2__NO2____20211105.nc,5/11/2021,5.645398773
657,northfield,northfield/S2A_MSIL2A_20210317T003701_N0500_R059_T54HTG_20230514T174356.npy,northfield/S5P_RPRO_L2__NO2____20210317.nc,17/03/2021,14.27031294
658,northfield,northfield/S2B_MSIL2A_20180825T003659_N0500_R059_T54HTG_20230712T031354.npy,northfield/S5P_RPRO_L2__NO2____20180825.nc,25/08/2018,17.67255203
659,northfield,northfield/S2B_MSIL2A_20180825T003659_N0500_R059_T54HTG_20230712T031354.npy,northfield/S5P_OFFL_L2__NO2____20180825.nc,25/08/2018,17.67255203
660,northfield,northfield/S2B_MSIL2A_20200605T003709_N0500_R059_T54HTG_20230402T131552.npy,northfield/S5P_RPRO_L2__NO2____20200605.nc,5/06/2020,22.9088645
661,northfield,northfield/S2A_MSIL2A_20230106T003701_N0509_R059_T54HTG_20230106T030451.npy,northfield/S5P_OFFL_L2__NO2____20230106.nc,6/01/2023,4.861314983
662,northfield,northfield/S2B_MSIL2A_20190522T003719_N0500_R059_T54HTG_20221216T045841.npy,northfield/S5P_OFFL_L2__NO2____20190522.nc,22/05/2019,35.75419223
663,north_haven,north_haven/S2A_MSIL2A_20190626T003711_N0500_R059_T54HTG_20230723T120705.npy,north_haven/S5P_RPRO_L2__NO2____20190626.nc,26/06/2019,26.67246369
664,north_haven,north_haven/S2A_MSIL2A_20210529T004711_N0500_R102_T54HTG_20230227T132812.npy,north_haven/S5P_OFFL_L2__NO2____20210529.nc,29/05/2021,16.54415536
665,north_haven,north_haven/S2B_MSIL2A_20200529T004709_N0500_R102_T54HTG_20230401T075829.npy,north_haven/S5P_RPRO_L2__NO2____20200529.nc,29/05/2020,15.21803238
666,north_haven,north_haven/S2B_MSIL2A_20200725T003709_N0500_R059_T54HTG_20230324T210910.npy,north_haven/S5P_OFFL_L2__NO2____20200725.nc,25/07/2020,17.09301232
667,north_haven,north_haven/S2B_MSIL2A_20190912T004709_N0500_R102_T54HTG_20230501T231444.npy,north_haven/S5P_OFFL_L2__NO2____20190912.nc,12/09/2019,7.118112069
668,north_haven,north_haven/S2A_MSIL2A_20210827T004711_N0500_R102_T54HTG_20230222T082625.npy,north_haven/S5P_RPRO_L2__NO2____20210827.nc,27/08/2021,16.46574642
669,north_haven,north_haven/S2A_MSIL2A_20221227T003701_N0509_R059_T54HTG_20221227T025503.npy,north_haven/S5P_OFFL_L2__NO2____20221227.nc,27/12/2022,7.281745834
670,north_haven,north_haven/S2B_MSIL2A_20231217T003659_N0510_R059_T54HTG_20231217T022222.npy,north_haven/S5P_OFFL_L2__NO2____20231217.nc,17/12/2023,6.037439727
671,north_haven,north_haven/S2B_MSIL2A_20191118T003659_N0500_R059_T54HTG_20230528T064553.npy,north_haven/S5P_RPRO_L2__NO2____20191118.nc,18/11/2019,9.016957001
672,north_haven,north_haven/S2B_MSIL2A_20191118T003659_N0500_R059_T54HTG_20230528T064553.npy,north_haven/S5P_OFFL_L2__NO2____20191118.nc,18/11/2019,9.016957001
673,north_haven,north_haven/S2B_MSIL2A_20210822T004709_N0500_R102_T54HTG_20230118T083048.npy,north_haven/S5P_OFFL_L2__NO2____20210822.nc,22/08/2021,4.172685477
674,north_haven,north_haven/S2A_MSIL2A_20201130T004711_N0500_R102_T54HTG_20230323T185445.npy,north_haven/S5P_RPRO_L2__NO2____20201130.nc,30/11/2020,10.66353164
675,north_haven,north_haven/S2A_MSIL2A_20220623T004721_N0400_R102_T54HTG_20220623T034218.npy,north_haven/S5P_OFFL_L2__NO2____20220623.nc,23/06/2022,9.722631847
676,north_haven,north_haven/S2A_MSIL2A_20190719T004711_N0500_R102_T54HTG_20230723T011555.npy,north_haven/S5P_RPRO_L2__NO2____20190719.nc,19/07/2019,19.44526181
677,north_haven,north_haven/S2B_MSIL2A_20200117T003659_N0500_R059_T54HTG_20230427T061115.npy,north_haven/S5P_OFFL_L2__NO2____20200117.nc,17/01/2020,5.802214778
678,north_haven,north_haven/S2B_MSIL2A_20180904T003659_N0500_R059_T54HTG_20230814T221004.npy,north_haven/S5P_OFFL_L2__NO2____20180904.nc,4/09/2018,17.40664622
679,north_haven,north_haven/S2A_MSIL2A_20190729T004711_N0500_R102_T54HTG_20230711T004612.npy,north_haven/S5P_RPRO_L2__NO2____20190729.nc,29/07/2019,18.11232106
680,north_haven,north_haven/S2A_MSIL2A_20231115T004701_N0509_R102_T54HTG_20231115T025855.npy,north_haven/S5P_OFFL_L2__NO2____20231115.nc,15/11/2023,9.56581396
681,north_haven,north_haven/S2B_MSIL2A_20211210T004659_N0500_R102_T54HTG_20221228T110440.npy,north_haven/S5P_RPRO_L2__NO2____20211210.nc,10/12/2021,9.327181072
682,north_haven,north_haven/S2B_MSIL2A_20211210T004659_N0500_R102_T54HTG_20221228T110440.npy,north_haven/S5P_OFFL_L2__NO2____20211210.nc,10/12/2021,9.327181072
683,north_haven,north_haven/S2B_MSIL2A_20201225T004709_N0500_R102_T54HTG_20230402T025324.npy,north_haven/S5P_OFFL_L2__NO2____20201225.nc,25/12/2020,3.518146652
684,north_haven,north_haven/S2B_MSIL2A_20211220T004659_N0500_R102_T54HTG_20221229T215723.npy,north_haven/S5P_OFFL_L2__NO2____20211220.nc,20/12/2021,2.209069003
685,north_haven,north_haven/S2B_MSIL2A_20201013T003709_N0500_R059_T54HTG_20230306T063411.npy,north_haven/S5P_OFFL_L2__NO2____20201013.nc,13/10/2020,7.213564472
686,north_haven,north_haven/S2B_MSIL2A_20201013T003709_N0500_R059_T54HTG_20230306T063411.npy,north_haven/S5P_RPRO_L2__NO2____20201013.nc,13/10/2020,7.213564472
687,north_haven,north_haven/S2B_MSIL2A_20200913T003709_N0500_R059_T54HTG_20230330T095416.npy,north_haven/S5P_OFFL_L2__NO2____20200913.nc,13/09/2020,4.626090034
688,north_haven,north_haven/S2B_MSIL2A_20200107T003659_N0500_R059_T54HTG_20230424T210455.npy,north_haven/S5P_OFFL_L2__NO2____20200107.nc,7/01/2020,9.879447853
689,north_haven,north_haven/S2A_MSIL2A_20210215T003701_N0500_R059_T54HTG_20230609T133930.npy,north_haven/S5P_RPRO_L2__NO2____20210215.nc,15/02/2021,13.17259714
690,north_haven,north_haven/S2A_MSIL2A_20210215T003701_N0500_R059_T54HTG_20230609T133930.npy,north_haven/S5P_OFFL_L2__NO2____20210215.nc,15/02/2021,13.17259714
691,north_haven,north_haven/S2A_MSIL2A_20210429T004701_N0500_R102_T54HTG_20230518T144225.npy,north_haven/S5P_RPRO_L2__NO2____20210429.nc,29/04/2021,21.56228635
692,north_haven,north_haven/S2B_MSIL2A_20200130T004659_N0500_R102_T54HTG_20230426T105901.npy,north_haven/S5P_RPRO_L2__NO2____20200130.nc,30/01/2020,19.71798726
693,north_haven,north_haven/S2A_MSIL2A_20231122T003701_N0509_R059_T54HTG_20231122T030259.npy,north_haven/S5P_OFFL_L2__NO2____20231122.nc,22/11/2023,9.736267367
694,north_haven,north_haven/S2B_MSIL2A_20230322T003709_N0509_R059_T54HTG_20230322T022808.npy,north_haven/S5P_OFFL_L2__NO2____20230322.nc,22/03/2023,16.85778738
695,north_haven,north_haven/S2B_MSIL2A_20210404T004709_N0500_R102_T54HTG_20230509T171946.npy,north_haven/S5P_OFFL_L2__NO2____20210404.nc,4/04/2021,12.5998752
696,north_haven,north_haven/S2B_MSIL2A_20211227T003659_N0500_R059_T54HTG_20221225T040145.npy,north_haven/S5P_RPRO_L2__NO2____20211227.nc,27/12/2021,7.13515741
697,north_haven,north_haven/S2A_MSIL2A_20210218T004711_N0500_R102_T54HTG_20230605T150311.npy,north_haven/S5P_OFFL_L2__NO2____20210218.nc,18/02/2021,7.919239318
698,north_haven,north_haven/S2A_MSIL2A_20190216T003611_N0500_R059_T54HTG_20221125T182118.npy,north_haven/S5P_OFFL_L2__NO2____20190216.nc,16/02/2019,6.115848671
699,north_haven,north_haven/S2B_MSIL2A_20190316T004709_N0500_R102_T54HTG_20221116T155024.npy,north_haven/S5P_OFFL_L2__NO2____20190316.nc,16/03/2019,7.690834011
700,north_haven,north_haven/S2B_MSIL2A_20190316T004709_N0500_R102_T54HTG_20221116T155024.npy,north_haven/S5P_RPRO_L2__NO2____20190316.nc,16/03/2019,7.690834011
701,north_haven,north_haven/S2A_MSIL2A_20191024T003711_N0500_R059_T54HTG_20230712T051225.npy,north_haven/S5P_OFFL_L2__NO2____20191024.nc,24/10/2019,8.590823483
702,north_haven,north_haven/S2A_MSIL2A_20211212T003701_N0500_R059_T54HTG_20221224T113519.npy,north_haven/S5P_OFFL_L2__NO2____20211212.nc,12/12/2021,10.30898931
703,north_haven,north_haven/S2A_MSIL2A_20210926T004711_N0500_R102_T54HTG_20230125T031919.npy,north_haven/S5P_OFFL_L2__NO2____20210926.nc,26/09/2021,4.704498978
704,north_haven,north_haven/S2A_MSIL2A_20210406T003701_N0500_R059_T54HTG_20230510T212746.npy,north_haven/S5P_OFFL_L2__NO2____20210406.nc,6/04/2021,15.62711867
705,north_haven,north_haven/S2A_MSIL2A_20190616T003711_N0500_R059_T54HTG_20230723T132213.npy,north_haven/S5P_OFFL_L2__NO2____20190616.nc,16/06/2019,14.07258849
706,north_haven,north_haven/S2A_MSIL2A_20201220T004701_N0500_R102_T54HTG_20230305T073214.npy,north_haven/S5P_RPRO_L2__NO2____20201220.nc,20/12/2020,6.743114574
707,north_haven,north_haven/S2A_MSIL2A_20221117T003711_N0400_R059_T54HTG_20221117T030259.npy,north_haven/S5P_OFFL_L2__NO2____20221117.nc,17/11/2022,8.99991166
708,north_haven,north_haven/S2A_MSIL2A_20200115T004701_N0500_R102_T54HTG_20230604T014529.npy,north_haven/S5P_RPRO_L2__NO2____20200115.nc,15/01/2020,2.90110833
709,north_haven,north_haven/S2A_MSIL2A_20210208T004711_N0500_R102_T54HTG_20230610T235406.npy,north_haven/S5P_OFFL_L2__NO2____20210208.nc,8/02/2021,9.801038909
710,north_haven,north_haven/S2B_MSIL2A_20230511T003709_N0509_R059_T54HTG_20230511T022200.npy,north_haven/S5P_OFFL_L2__NO2____20230511.nc,11/05/2023,13.56463809
711,north_haven,north_haven/S2B_MSIL2A_20200409T004659_N0500_R102_T54HTG_20230412T064512.npy,north_haven/S5P_OFFL_L2__NO2____20200409.nc,9/04/2020,11.37261443
712,north_haven,north_haven/S2B_MSIL2A_20190611T003709_N0500_R059_T54HTG_20230707T085333.npy,north_haven/S5P_RPRO_L2__NO2____20190611.nc,11/06/2019,16.15211253
713,north_haven,north_haven/S2B_MSIL2A_20220317T003659_N0400_R059_T54HTG_20220317T023325.npy,north_haven/S5P_RPRO_L2__NO2____20220317.nc,17/03/2022,16.62256243
714,north_haven,north_haven/S2B_MSIL2A_20200516T003709_N0500_R059_T54HTG_20230404T124035.npy,north_haven/S5P_OFFL_L2__NO2____20200516.nc,16/05/2020,19.1316298
715,north_haven,north_haven/S2A_MSIL2A_20200829T003711_N0500_R059_T54HTG_20230502T222639.npy,north_haven/S5P_OFFL_L2__NO2____20200829.nc,29/08/2020,6.218120715
716,north_haven,north_haven/S2A_MSIL2A_20181118T003701_N0500_R059_T54HTG_20230817T101751.npy,north_haven/S5P_OFFL_L2__NO2____20181118.nc,18/11/2018,7.527198364
717,north_haven,north_haven/S2A_MSIL2A_20190517T003711_N0500_R059_T54HTG_20221217T172317.npy,north_haven/S5P_RPRO_L2__NO2____20190517.nc,17/05/2019,19.75889571
718,north_haven,north_haven/S2A_MSIL2A_20200102T003701_N0500_R059_T54HTG_20230625T141255.npy,north_haven/S5P_RPRO_L2__NO2____20200102.nc,2/01/2020,8.918092896
719,north_haven,north_haven/S2B_MSIL2A_20190830T003709_N0500_R059_T54HTG_20230524T031503.npy,north_haven/S5P_RPRO_L2__NO2____20190830.nc,30/08/2019,10.34989775
720,north_haven,north_haven/S2A_MSIL2A_20211105T004711_N0500_R102_T54HTG_20230107T055717.npy,north_haven/S5P_OFFL_L2__NO2____20211105.nc,5/11/2021,12.6237383
721,north_haven,north_haven/S2A_MSIL2A_20211105T004711_N0500_R102_T54HTG_20230107T055717.npy,north_haven/S5P_RPRO_L2__NO2____20211105.nc,5/11/2021,12.6237383
722,north_haven,north_haven/S2A_MSIL2A_20180714T004711_N0500_R102_T54HTG_20230820T024400.npy,north_haven/S5P_RPRO_L2__NO2____20180714.nc,14/07/2018,9.330589011
723,north_haven,north_haven/S2B_MSIL2A_20200605T003709_N0500_R059_T54HTG_20230402T131552.npy,north_haven/S5P_RPRO_L2__NO2____20200605.nc,5/06/2020,21.24865434
724,north_haven,north_haven/S2B_MSIL2A_20200605T003709_N0500_R059_T54HTG_20230402T131552.npy,north_haven/S5P_OFFL_L2__NO2____20200605.nc,5/06/2020,21.24865434
725,north_haven,north_haven/S2A_MSIL2A_20230106T003701_N0509_R059_T54HTG_20230106T030451.npy,north_haven/S5P_OFFL_L2__NO2____20230106.nc,6/01/2023,6.62720701
726,adelaide,adelaide/S2A_MSIL2A_20180525T004711_N0500_R102_T54HTG_20230829T173928.npy,adelaide/S5P_RPRO_L2__NO2____20180525.nc,25/05/2018,23.91453584
727,adelaide,adelaide/S2B_MSIL2A_20190912T004709_N0500_R102_T54HTG_20230501T231444.npy,adelaide/S5P_RPRO_L2__NO2____20190912.nc,12/09/2019,28.30881075
728,adelaide,adelaide/S2A_MSIL2A_20221227T003701_N0509_R059_T54HTG_20221227T025503.npy,adelaide/S5P_OFFL_L2__NO2____20221227.nc,27/12/2022,16.03620496
729,adelaide,adelaide/S2B_MSIL2A_20231217T003659_N0510_R059_T54HTG_20231217T022222.npy,adelaide/S5P_OFFL_L2__NO2____20231217.nc,17/12/2023,10.5851227
730,adelaide,adelaide/S2B_MSIL2A_20191118T003659_N0500_R059_T54HTG_20230528T064553.npy,adelaide/S5P_RPRO_L2__NO2____20191118.nc,18/11/2019,42.3404908
731,adelaide,adelaide/S2B_MSIL2A_20191118T003659_N0500_R059_T54HTG_20230528T064553.npy,adelaide/S5P_OFFL_L2__NO2____20191118.nc,18/11/2019,42.3404908
732,adelaide,adelaide/S2B_MSIL2A_20210822T004709_N0500_R102_T54HTG_20230118T083048.npy,adelaide/S5P_OFFL_L2__NO2____20210822.nc,22/08/2021,10.88171125
733,adelaide,adelaide/S2A_MSIL2A_20201130T004711_N0500_R102_T54HTG_20230323T185445.npy,adelaide/S5P_OFFL_L2__NO2____20201130.nc,30/11/2020,23.60090383
734,adelaide,adelaide/S2B_MSIL2A_20181223T003659_N0500_R059_T54HTG_20230616T225929.npy,adelaide/S5P_RPRO_L2__NO2____20181223.nc,23/12/2018,21.87592025
735,adelaide,adelaide/S2A_MSIL2A_20220623T004721_N0400_R102_T54HTG_20220623T034218.npy,adelaide/S5P_RPRO_L2__NO2____20220623.nc,23/06/2022,22.03273625
736,adelaide,adelaide/S2B_MSIL2A_20200117T003659_N0500_R059_T54HTG_20230427T061115.npy,adelaide/S5P_RPRO_L2__NO2____20200117.nc,17/01/2020,11.13398154
737,adelaide,adelaide/S2B_MSIL2A_20201225T004709_N0500_R102_T54HTG_20230402T025324.npy,adelaide/S5P_OFFL_L2__NO2____20201225.nc,25/12/2020,6.054485068
738,adelaide,adelaide/S2B_MSIL2A_20201225T004709_N0500_R102_T54HTG_20230402T025324.npy,adelaide/S5P_RPRO_L2__NO2____20201225.nc,25/12/2020,6.054485068
739,adelaide,adelaide/S2A_MSIL2A_20210814T003711_N0500_R059_T54HTG_20230212T213938.npy,adelaide/S5P_RPRO_L2__NO2____20210814.nc,14/08/2021,25.11793351
740,adelaide,adelaide/S2A_MSIL2A_20210814T003711_N0500_R059_T54HTG_20230212T213938.npy,adelaide/S5P_OFFL_L2__NO2____20210814.nc,14/08/2021,25.11793351
741,adelaide,adelaide/S2B_MSIL2A_20230220T003709_N0509_R059_T54HTG_20230220T023407.npy,adelaide/S5P_OFFL_L2__NO2____20230220.nc,20/02/2023,33.63716769
742,adelaide,adelaide/S2A_MSIL2A_20230208T004711_N0509_R102_T54HTG_20230208T031600.npy,adelaide/S5P_OFFL_L2__NO2____20230208.nc,8/02/2023,29.95197745
743,adelaide,adelaide/S2A_MSIL2A_20190917T004711_N0500_R102_T54HTG_20230627T205536.npy,adelaide/S5P_RPRO_L2__NO2____20190917.nc,17/09/2019,21.09183646
744,adelaide,adelaide/S2B_MSIL2A_20211220T004659_N0500_R102_T54HTG_20221229T215723.npy,adelaide/S5P_OFFL_L2__NO2____20211220.nc,20/12/2021,19.14526532
745,adelaide,adelaide/S2B_MSIL2A_20201013T003709_N0500_R059_T54HTG_20230306T063411.npy,adelaide/S5P_RPRO_L2__NO2____20201013.nc,13/10/2020,37.32235793
746,adelaide,adelaide/S2B_MSIL2A_20200913T003709_N0500_R059_T54HTG_20230330T095416.npy,adelaide/S5P_RPRO_L2__NO2____20200913.nc,13/09/2020,7.690834011
747,adelaide,adelaide/S2B_MSIL2A_20200107T003659_N0500_R059_T54HTG_20230424T210455.npy,adelaide/S5P_OFFL_L2__NO2____20200107.nc,7/01/2020,33.3235338
748,adelaide,adelaide/S2A_MSIL2A_20210215T003701_N0500_R059_T54HTG_20230609T133930.npy,adelaide/S5P_RPRO_L2__NO2____20210215.nc,15/02/2021,29.04516834
749,adelaide,adelaide/S2A_MSIL2A_20210215T003701_N0500_R059_T54HTG_20230609T133930.npy,adelaide/S5P_OFFL_L2__NO2____20210215.nc,15/02/2021,29.04516834
750,adelaide,adelaide/S2A_MSIL2A_20210429T004701_N0500_R102_T54HTG_20230518T144225.npy,adelaide/S5P_OFFL_L2__NO2____20210429.nc,29/04/2021,45.08478124
751,adelaide,adelaide/S2B_MSIL2A_20200130T004659_N0500_R102_T54HTG_20230426T105901.npy,adelaide/S5P_RPRO_L2__NO2____20200130.nc,30/01/2020,51.92056127
752,adelaide,adelaide/S2A_MSIL2A_20231122T003701_N0509_R059_T54HTG_20231122T030259.npy,adelaide/S5P_OFFL_L2__NO2____20231122.nc,22/11/2023,13.25441402
753,adelaide,adelaide/S2A_MSIL2A_20190120T004701_N0500_R102_T54HTG_20230725T133519.npy,adelaide/S5P_RPRO_L2__NO2____20190120.nc,20/01/2019,12.78055618
754,adelaide,adelaide/S2B_MSIL2A_20211230T004659_N0500_R102_T54HTG_20221230T171432.npy,adelaide/S5P_RPRO_L2__NO2____20211230.nc,30/12/2021,22.07978124
755,adelaide,adelaide/S2A_MSIL2A_20200610T003711_N0500_R059_T54HTG_20230618T083928.npy,adelaide/S5P_RPRO_L2__NO2____20200610.nc,10/06/2020,39.10870512
756,adelaide,adelaide/S2A_MSIL2A_20191216T004701_N0500_R102_T54HTG_20230619T020958.npy,adelaide/S5P_OFFL_L2__NO2____20191216.nc,16/12/2019,51.5142638
757,adelaide,adelaide/S2B_MSIL2A_20210404T004709_N0500_R102_T54HTG_20230509T171946.npy,adelaide/S5P_OFFL_L2__NO2____20210404.nc,4/04/2021,25.69065545
758,adelaide,adelaide/S2B_MSIL2A_20211227T003659_N0500_R059_T54HTG_20221225T040145.npy,adelaide/S5P_RPRO_L2__NO2____20211227.nc,27/12/2021,6.507889625
759,adelaide,adelaide/S2B_MSIL2A_20210521T003709_N0500_R059_T54HTG_20230210T201125.npy,adelaide/S5P_RPRO_L2__NO2____20210521.nc,21/05/2021,43.20298165
760,adelaide,adelaide/S2B_MSIL2A_20190105T004709_N0500_R102_T54HTG_20221214T210444.npy,adelaide/S5P_OFFL_L2__NO2____20190105.nc,5/01/2019,8.181737189
761,adelaide,adelaide/S2A_MSIL2A_20190301T004701_N0500_R102_T54HTG_20221117T123823.npy,adelaide/S5P_OFFL_L2__NO2____20190301.nc,1/03/2019,63.35392019
762,adelaide,adelaide/S2B_MSIL2A_20191029T003709_N0500_R059_T54HTG_20230615T200323.npy,adelaide/S5P_OFFL_L2__NO2____20191029.nc,29/10/2019,41.242775
763,adelaide,adelaide/S2B_MSIL2A_20190823T004709_N0500_R102_T54HTG_20230626T024333.npy,adelaide/S5P_RPRO_L2__NO2____20190823.nc,23/08/2019,29.37243775
764,adelaide,adelaide/S2B_MSIL2A_20180924T003659_N0500_R059_T54HTG_20230710T001615.npy,adelaide/S5P_OFFL_L2__NO2____20180924.nc,24/09/2018,15.05439673
765,adelaide,adelaide/S2A_MSIL2A_20191024T003711_N0500_R059_T54HTG_20230712T051225.npy,adelaide/S5P_OFFL_L2__NO2____20191024.nc,24/10/2019,38.94506947
766,adelaide,adelaide/S2A_MSIL2A_20211212T003701_N0500_R059_T54HTG_20221224T113519.npy,adelaide/S5P_OFFL_L2__NO2____20211212.nc,12/12/2021,20.45434297
767,adelaide,adelaide/S2A_MSIL2A_20211212T003701_N0500_R059_T54HTG_20221224T113519.npy,adelaide/S5P_RPRO_L2__NO2____20211212.nc,12/12/2021,20.45434297
768,adelaide,adelaide/S2A_MSIL2A_20230218T004701_N0509_R102_T54HTG_20230218T031154.npy,adelaide/S5P_OFFL_L2__NO2____20230218.nc,18/02/2023,13.40782209
769,adelaide,adelaide/S2A_MSIL2A_20201220T004701_N0500_R102_T54HTG_20230305T073214.npy,adelaide/S5P_RPRO_L2__NO2____20201220.nc,20/12/2020,11.29079755
770,adelaide,adelaide/S2B_MSIL2A_20211031T004709_N0500_R102_T54HTG_20230105T123901.npy,adelaide/S5P_RPRO_L2__NO2____20211031.nc,31/10/2021,19.2270822
771,adelaide,adelaide/S2B_MSIL2A_20211031T004709_N0500_R102_T54HTG_20230105T123901.npy,adelaide/S5P_OFFL_L2__NO2____20211031.nc,31/10/2021,19.2270822
772,adelaide,adelaide/S2A_MSIL2A_20221117T003711_N0400_R059_T54HTG_20221117T030259.npy,adelaide/S5P_OFFL_L2__NO2____20221117.nc,17/11/2022,13.49986655
773,adelaide,adelaide/S2A_MSIL2A_20200115T004701_N0500_R102_T54HTG_20230604T014529.npy,adelaide/S5P_OFFL_L2__NO2____20200115.nc,15/01/2020,27.36450301
774,adelaide,adelaide/S2A_MSIL2A_20210208T004711_N0500_R102_T54HTG_20230610T235406.npy,adelaide/S5P_OFFL_L2__NO2____20210208.nc,8/02/2021,14.11349693
775,adelaide,adelaide/S2B_MSIL2A_20180430T004709_N0500_R102_T54HTG_20230907T034732.npy,adelaide/S5P_RPRO_L2__NO2____20180430.nc,30/04/2018,45.98136466
776,adelaide,adelaide/S2B_MSIL2A_20230124T004709_N0509_R102_T54HTG_20230124T022319.npy,adelaide/S5P_OFFL_L2__NO2____20230124.nc,24/01/2023,27.73608881
777,adelaide,adelaide/S2B_MSIL2A_20190611T003709_N0500_R059_T54HTG_20230707T085333.npy,adelaide/S5P_RPRO_L2__NO2____20190611.nc,11/06/2019,24.46339468
778,adelaide,adelaide/S2A_MSIL2A_20190130T004701_N0500_R102_T54HTG_20221221T180730.npy,adelaide/S5P_OFFL_L2__NO2____20190130.nc,30/01/2019,36.69509202
779,adelaide,adelaide/S2B_MSIL2A_20220317T003659_N0400_R059_T54HTG_20220317T023325.npy,adelaide/S5P_RPRO_L2__NO2____20220317.nc,17/03/2022,27.99176892
780,adelaide,adelaide/S2B_MSIL2A_20200516T003709_N0500_R059_T54HTG_20230404T124035.npy,adelaide/S5P_OFFL_L2__NO2____20200516.nc,16/05/2020,14.74076284
781,adelaide,adelaide/S2A_MSIL2A_20200829T003711_N0500_R059_T54HTG_20230502T222639.npy,adelaide/S5P_RPRO_L2__NO2____20200829.nc,29/08/2020,7.281745834
782,adelaide,adelaide/S2A_MSIL2A_20200829T003711_N0500_R059_T54HTG_20230502T222639.npy,adelaide/S5P_OFFL_L2__NO2____20200829.nc,29/08/2020,7.281745834
783,adelaide,adelaide/S2A_MSIL2A_20200204T004701_N0500_R102_T54HTG_20230625T044705.npy,adelaide/S5P_OFFL_L2__NO2____20200204.nc,4/02/2020,13.01578113
784,adelaide,adelaide/S2A_MSIL2A_20200204T004701_N0500_R102_T54HTG_20230625T044705.npy,adelaide/S5P_RPRO_L2__NO2____20200204.nc,4/02/2020,13.01578113
785,adelaide,adelaide/S2A_MSIL2A_20180909T003701_N0500_R059_T54HTG_20230801T174749.npy,adelaide/S5P_RPRO_L2__NO2____20180909.nc,9/09/2018,21.51796997
786,adelaide,adelaide/S2B_MSIL2A_20181116T004709_N0500_R102_T54HTG_20230617T201600.npy,adelaide/S5P_RPRO_L2__NO2____20181116.nc,16/11/2018,24.3815778
787,adelaide,adelaide/S2A_MSIL2A_20181029T003701_N0500_R059_T54HTG_20230730T042454.npy,adelaide/S5P_RPRO_L2__NO2____20181029.nc,29/10/2018,35.59055658
788,adelaide,adelaide/S2A_MSIL2A_20210317T003701_N0500_R059_T54HTG_20230514T174356.npy,adelaide/S5P_OFFL_L2__NO2____20210317.nc,17/03/2021,29.86334093
789,adelaide,adelaide/S2B_MSIL2A_20200605T003709_N0500_R059_T54HTG_20230402T131552.npy,adelaide/S5P_RPRO_L2__NO2____20200605.nc,5/06/2020,32.225818
790,adelaide,adelaide/S2A_MSIL2A_20210320T004711_N0500_R102_T54HTG_20230520T092502.npy,adelaide/S5P_OFFL_L2__NO2____20210320.nc,20/03/2021,11.29079755
791,adelaide,adelaide/S2B_MSIL2A_20190522T003719_N0500_R059_T54HTG_20221216T045841.npy,adelaide/S5P_OFFL_L2__NO2____20190522.nc,22/05/2019,56.14035384
792,alphington,alphington/S2A_MSIL2A_20231223T001111_N0510_R073_T55HCU_20231223T023249.npy,alphington/S5P_OFFL_L2__NO2____20231223.nc,23/12/2023,6.490735876
793,alphington,alphington/S2B_MSIL2A_20230211T001109_N0509_R073_T55HCU_20230211T014741.npy,alphington/S5P_OFFL_L2__NO2____20230211.nc,11/02/2023,14.30895864
794,alphington,alphington/S2B_MSIL2A_20210402T001109_N0500_R073_T55HCU_20230517T155156.npy,alphington/S5P_OFFL_L2__NO2____20210402.nc,2/04/2021,19.95525741
795,alphington,alphington/S2A_MSIL2A_20200316T002051_N0500_R116_T55HCU_20230408T163503.npy,alphington/S5P_RPRO_L2__NO2____20200316.nc,16/03/2020,14.07258825
796,alphington,alphington/S2B_MSIL2A_20190222T001109_N0500_R073_T55HCU_20221124T144910.npy,alphington/S5P_RPRO_L2__NO2____20190222.nc,22/02/2019,8.836276341
797,alphington,alphington/S2A_MSIL2A_20190905T001111_N0500_R073_T55HCU_20230502T105804.npy,alphington/S5P_RPRO_L2__NO2____20190905.nc,5/09/2019,21.76342135
798,alphington,alphington/S2A_MSIL2A_20200505T002101_N0500_R116_T55HCU_20230331T142518.npy,alphington/S5P_OFFL_L2__NO2____20200505.nc,5/05/2020,17.42710056
799,alphington,alphington/S2A_MSIL2A_20180824T002051_N0500_R116_T55HCU_20230712T203443.npy,alphington/S5P_RPRO_L2__NO2____20180824.nc,24/08/2018,36.40873122
800,alphington,alphington/S2A_MSIL2A_20181013T002051_N0500_R116_T55HCU_20230620T235510.npy,alphington/S5P_RPRO_L2__NO2____20181013.nc,13/10/2018,15.62711834
801,alphington,alphington/S2B_MSIL2A_20190113T001109_N0500_R073_T55HCU_20221130T073843.npy,alphington/S5P_RPRO_L2__NO2____20190113.nc,13/01/2019,6.299937761
802,alphington,alphington/S2A_MSIL2A_20210127T001111_N0500_R073_T55HCU_20230522T190810.npy,alphington/S5P_OFFL_L2__NO2____20210127.nc,27/01/2021,6.373246128
803,alphington,alphington/S2B_MSIL2A_20211128T001109_N0500_R073_T55HCU_20230103T085158.npy,alphington/S5P_RPRO_L2__NO2____20211128.nc,28/11/2021,8.091820058
804,alphington,alphington/S2B_MSIL2A_20211228T001109_N0500_R073_T55HCU_20221227T162044.npy,alphington/S5P_OFFL_L2__NO2____20211228.nc,28/12/2021,5.784651943
805,alphington,alphington/S2A_MSIL2A_20201211T002051_N0500_R116_T55HCU_20230225T150444.npy,alphington/S5P_OFFL_L2__NO2____20201211.nc,11/12/2020,11.69988441
806,alphington,alphington/S2B_MSIL2A_20210125T002059_N0500_R116_T55HCU_20230520T133647.npy,alphington/S5P_OFFL_L2__NO2____20210125.nc,25/01/2021,11.12217194
807,alphington,alphington/S2A_MSIL2A_20230209T002051_N0509_R116_T55HCU_20230209T031050.npy,alphington/S5P_OFFL_L2__NO2____20230209.nc,9/02/2023,16.69859867
808,alphington,alphington/S2A_MSIL2A_20210219T002051_N0500_R116_T55HCU_20230521T042025.npy,alphington/S5P_RPRO_L2__NO2____20210219.nc,19/02/2021,12.38445038
809,alphington,alphington/S2A_MSIL2A_20210828T002101_N0500_R116_T55HCU_20230116T164153.npy,alphington/S5P_OFFL_L2__NO2____20210828.nc,28/08/2021,13.9993617
810,alphington,alphington/S2A_MSIL2A_20191224T001101_N0500_R073_T55HCU_20230608T063328.npy,alphington/S5P_OFFL_L2__NO2____20191224.nc,24/12/2019,6.299937761
811,alphington,alphington/S2B_MSIL2A_20231118T001109_N0509_R073_T55HCU_20231118T014824.npy,alphington/S5P_OFFL_L2__NO2____20231118.nc,18/11/2023,6.931158799
812,alphington,alphington/S2B_MSIL2A_20180905T001059_N0500_R073_T55HCU_20230623T125815.npy,alphington/S5P_RPRO_L2__NO2____20180905.nc,5/09/2018,17.9180048
813,alphington,alphington/S2B_MSIL2A_20190824T002059_N0500_R116_T55HCU_20230505T034633.npy,alphington/S5P_RPRO_L2__NO2____20190824.nc,24/08/2019,10.71807593
814,alphington,alphington/S2A_MSIL2A_20210914T001111_N0500_R073_T55HCU_20230113T205952.npy,alphington/S5P_RPRO_L2__NO2____20210914.nc,14/09/2021,23.60693043
815,alphington,alphington/S2A_MSIL2A_20210120T002101_N0500_R116_T55HCU_20230608T091104.npy,alphington/S5P_OFFL_L2__NO2____20210120.nc,20/01/2021,13.91639888
816,alphington,alphington/S2B_MSIL2A_20191229T001109_N0500_R073_T55HCU_20230705T061816.npy,alphington/S5P_OFFL_L2__NO2____20191229.nc,29/12/2019,17.34528319
817,alphington,alphington/S2B_MSIL2A_20191229T001109_N0500_R073_T55HCU_20230705T061816.npy,alphington/S5P_RPRO_L2__NO2____20191229.nc,29/12/2019,17.34528319
818,alphington,alphington/S2A_MSIL2A_20200810T001121_N0500_R073_T55HCU_20230317T054714.npy,alphington/S5P_OFFL_L2__NO2____20200810.nc,10/08/2020,33.62694052
819,alphington,alphington/S2A_MSIL2A_20200810T001121_N0500_R073_T55HCU_20230317T054714.npy,alphington/S5P_RPRO_L2__NO2____20200810.nc,10/08/2020,33.62694052
820,alphington,alphington/S2A_MSIL2A_20211213T001111_N0500_R073_T55HCU_20221224T190619.npy,alphington/S5P_RPRO_L2__NO2____20211213.nc,13/12/2021,10.85503822
821,alphington,alphington/S2A_MSIL2A_20211213T001111_N0500_R073_T55HCU_20221224T190619.npy,alphington/S5P_OFFL_L2__NO2____20211213.nc,13/12/2021,10.85503822
822,alphington,alphington/S2B_MSIL2A_20200427T001109_N0500_R073_T55HCU_20230418T220509.npy,alphington/S5P_RPRO_L2__NO2____20200427.nc,27/04/2020,21.84523873
823,alphington,alphington/S2B_MSIL2A_20181117T002049_N0500_R116_T55HCU_20230618T015237.npy,alphington/S5P_OFFL_L2__NO2____20181117.nc,17/11/2018,10.79989331
824,alphington,alphington/S2B_MSIL2A_20211101T002059_N0500_R116_T55HCU_20221228T121615.npy,alphington/S5P_OFFL_L2__NO2____20211101.nc,1/11/2021,16.0276962
825,alphington,alphington/S2A_MSIL2A_20230430T002101_N0509_R116_T55HCU_20230430T043957.npy,alphington/S5P_OFFL_L2__NO2____20230430.nc,30/04/2023,20.59179658
826,alphington,alphington/S2A_MSIL2A_20200222T001101_N0500_R073_T55HCU_20230427T231423.npy,alphington/S5P_RPRO_L2__NO2____20200222.nc,22/02/2020,13.66350138
827,alphington,alphington/S2A_MSIL2A_20230127T001111_N0509_R073_T55HCU_20230127T023252.npy,alphington/S5P_OFFL_L2__NO2____20230127.nc,27/01/2023,19.85805836
828,alphington,alphington/S2B_MSIL2A_20200217T001109_N0500_R073_T55HCU_20230425T150553.npy,alphington/S5P_OFFL_L2__NO2____20200217.nc,17/02/2020,19.22708277
829,alphington,alphington/S2B_MSIL2A_20190327T002059_N0500_R116_T55HCU_20221119T131002.npy,alphington/S5P_RPRO_L2__NO2____20190327.nc,27/03/2019,24.79066417
830,alphington,alphington/S2B_MSIL2A_20201203T001109_N0500_R073_T55HCU_20230225T222141.npy,alphington/S5P_OFFL_L2__NO2____20201203.nc,3/12/2020,13.9089535
831,alphington,alphington/S2B_MSIL2A_20191219T001109_N0500_R073_T55HCU_20230607T160421.npy,alphington/S5P_OFFL_L2__NO2____20191219.nc,19/12/2019,12.3544234
832,alphington,alphington/S2B_MSIL2A_20200629T002059_N0500_R116_T55HCU_20230329T204856.npy,alphington/S5P_RPRO_L2__NO2____20200629.nc,29/06/2020,22.90886458
833,alphington,alphington/S2B_MSIL2A_20200629T002059_N0500_R116_T55HCU_20230329T204856.npy,alphington/S5P_OFFL_L2__NO2____20200629.nc,29/06/2020,22.90886458
834,alphington,alphington/S2A_MSIL2A_20200515T002101_N0500_R116_T55HCU_20230404T115246.npy,alphington/S5P_OFFL_L2__NO2____20200515.nc,15/05/2020,29.99809936
835,alphington,alphington/S2B_MSIL2A_20200101T002049_N0500_R116_T55HCU_20230424T195632.npy,alphington/S5P_RPRO_L2__NO2____20200101.nc,1/01/2020,9.245363207
836,alphington,alphington/S2A_MSIL2A_20200103T001101_N0500_R073_T55HCU_20230426T062103.npy,alphington/S5P_RPRO_L2__NO2____20200103.nc,3/01/2020,15.79075309
837,alphington,alphington/S2B_MSIL2A_20181008T002049_N0500_R116_T55HCU_20230701T083253.npy,alphington/S5P_OFFL_L2__NO2____20181008.nc,8/10/2018,18.98163065
838,alphington,alphington/S2A_MSIL2A_20220922T002101_N0400_R116_T55HCU_20220922T025149.npy,alphington/S5P_OFFL_L2__NO2____20220922.nc,22/09/2022,15.83550719
839,alphington,alphington/S2B_MSIL2A_20200609T002059_N0500_R116_T55HCU_20230326T090139.npy,alphington/S5P_RPRO_L2__NO2____20200609.nc,9/06/2020,24.54521205
840,alphington,alphington/S2A_MSIL2A_20190918T002051_N0500_R116_T55HCU_20230501T212243.npy,alphington/S5P_RPRO_L2__NO2____20190918.nc,18/09/2019,26.2633769
841,alphington,alphington/S2A_MSIL2A_20190518T001111_N0500_R073_T55HCU_20230618T075710.npy,alphington/S5P_OFFL_L2__NO2____20190518.nc,18/05/2019,33.79057527
842,footscray,footscray/S2B_MSIL2A_20190222T001109_N0500_R073_T55HCU_20221124T144910.npy,footscray/S5P_OFFL_L2__NO2____20190222.nc,22/02/2019,8.590824219
843,footscray,footscray/S2A_MSIL2A_20200505T002101_N0500_R116_T55HCU_20230331T142518.npy,footscray/S5P_OFFL_L2__NO2____20200505.nc,5/05/2020,24.1361252
844,footscray,footscray/S2A_MSIL2A_20181013T002051_N0500_R116_T55HCU_20230620T235510.npy,footscray/S5P_RPRO_L2__NO2____20181013.nc,13/10/2018,19.71798702
845,footscray,footscray/S2A_MSIL2A_20210127T001111_N0500_R073_T55HCU_20230522T190810.npy,footscray/S5P_OFFL_L2__NO2____20210127.nc,27/01/2021,7.376466217
846,footscray,footscray/S2A_MSIL2A_20211027T002101_N0500_R116_T55HCU_20230107T012122.npy,footscray/S5P_OFFL_L2__NO2____20211027.nc,27/10/2021,19.463722
847,footscray,footscray/S2B_MSIL2A_20211128T001109_N0500_R073_T55HCU_20230103T085158.npy,footscray/S5P_RPRO_L2__NO2____20211128.nc,28/11/2021,10.02074646
848,footscray,footscray/S2B_MSIL2A_20211228T001109_N0500_R073_T55HCU_20221227T162044.npy,footscray/S5P_OFFL_L2__NO2____20211228.nc,28/12/2021,7.228319498
849,footscray,footscray/S2B_MSIL2A_20210125T002059_N0500_R116_T55HCU_20230520T133647.npy,footscray/S5P_OFFL_L2__NO2____20210125.nc,25/01/2021,12.77267382
850,footscray,footscray/S2A_MSIL2A_20191224T001101_N0500_R073_T55HCU_20230608T063328.npy,footscray/S5P_OFFL_L2__NO2____20191224.nc,24/12/2019,9.597177914
851,footscray,footscray/S2B_MSIL2A_20190824T002059_N0500_R116_T55HCU_20230505T034633.npy,footscray/S5P_RPRO_L2__NO2____20190824.nc,24/08/2019,8.672641593
852,footscray,footscray/S2A_MSIL2A_20210914T001111_N0500_R073_T55HCU_20230113T205952.npy,footscray/S5P_RPRO_L2__NO2____20210914.nc,14/09/2021,21.4005613
853,footscray,footscray/S2A_MSIL2A_20210120T002101_N0500_R116_T55HCU_20230608T091104.npy,footscray/S5P_OFFL_L2__NO2____20210120.nc,20/01/2021,12.19479771
854,footscray,footscray/S2B_MSIL2A_20190225T002059_N0500_R116_T55HCU_20221213T225019.npy,footscray/S5P_OFFL_L2__NO2____20190225.nc,25/02/2019,25.44520316
855,footscray,footscray/S2B_MSIL2A_20191229T001109_N0500_R073_T55HCU_20230705T061816.npy,footscray/S5P_OFFL_L2__NO2____20191229.nc,29/12/2019,13.66350138
856,footscray,footscray/S2B_MSIL2A_20191229T001109_N0500_R073_T55HCU_20230705T061816.npy,footscray/S5P_RPRO_L2__NO2____20191229.nc,29/12/2019,13.66350138
857,footscray,footscray/S2A_MSIL2A_20200810T001121_N0500_R073_T55HCU_20230317T054714.npy,footscray/S5P_OFFL_L2__NO2____20200810.nc,10/08/2020,46.71772029
858,footscray,footscray/S2A_MSIL2A_20200810T001121_N0500_R073_T55HCU_20230317T054714.npy,footscray/S5P_RPRO_L2__NO2____20200810.nc,10/08/2020,46.71772029
859,footscray,footscray/S2A_MSIL2A_20211213T001111_N0500_R073_T55HCU_20221224T190619.npy,footscray/S5P_RPRO_L2__NO2____20211213.nc,13/12/2021,14.63745539
860,footscray,footscray/S2A_MSIL2A_20211213T001111_N0500_R073_T55HCU_20221224T190619.npy,footscray/S5P_OFFL_L2__NO2____20211213.nc,13/12/2021,14.63745539
861,footscray,footscray/S2B_MSIL2A_20200427T001109_N0500_R073_T55HCU_20230418T220509.npy,footscray/S5P_OFFL_L2__NO2____20200427.nc,27/04/2020,23.89067306
862,footscray,footscray/S2A_MSIL2A_20230219T002051_N0509_R116_T55HCU_20230219T033503.npy,footscray/S5P_OFFL_L2__NO2____20230219.nc,19/02/2023,10.16850863
863,footscray,footscray/S2B_MSIL2A_20191222T002049_N0500_R116_T55HCU_20230703T070651.npy,footscray/S5P_OFFL_L2__NO2____20191222.nc,22/12/2019,4.254503423
864,footscray,footscray/S2B_MSIL2A_20181117T002049_N0500_R116_T55HCU_20230618T015237.npy,footscray/S5P_OFFL_L2__NO2____20181117.nc,17/11/2018,4.336320796
865,footscray,footscray/S2B_MSIL2A_20211101T002059_N0500_R116_T55HCU_20221228T121615.npy,footscray/S5P_RPRO_L2__NO2____20211101.nc,1/11/2021,22.49208688
866,footscray,footscray/S2A_MSIL2A_20230430T002101_N0509_R116_T55HCU_20230430T043957.npy,footscray/S5P_OFFL_L2__NO2____20230430.nc,30/04/2023,22.54567726
867,footscray,footscray/S2A_MSIL2A_20200222T001101_N0500_R073_T55HCU_20230427T231423.npy,footscray/S5P_RPRO_L2__NO2____20200222.nc,22/02/2020,11.29079755
868,footscray,footscray/S2A_MSIL2A_20230127T001111_N0509_R073_T55HCU_20230127T023252.npy,footscray/S5P_OFFL_L2__NO2____20230127.nc,27/01/2023,15.75851704
869,footscray,footscray/S2B_MSIL2A_20200217T001109_N0500_R073_T55HCU_20230425T150553.npy,footscray/S5P_RPRO_L2__NO2____20200217.nc,17/02/2020,19.79980439
870,footscray,footscray/S2B_MSIL2A_20190831T001109_N0500_R073_T55HCU_20230524T101240.npy,footscray/S5P_OFFL_L2__NO2____20190831.nc,31/08/2019,20.53616076
871,footscray,footscray/S2A_MSIL2A_20230117T001111_N0509_R073_T55HCU_20230117T022354.npy,footscray/S5P_OFFL_L2__NO2____20230117.nc,17/01/2023,14.19032345
872,footscray,footscray/S2B_MSIL2A_20190327T002059_N0500_R116_T55HCU_20221119T131002.npy,footscray/S5P_OFFL_L2__NO2____20190327.nc,27/03/2019,30.43606294
873,footscray,footscray/S2B_MSIL2A_20190327T002059_N0500_R116_T55HCU_20221119T131002.npy,footscray/S5P_RPRO_L2__NO2____20190327.nc,27/03/2019,30.43606294
874,footscray,footscray/S2A_MSIL2A_20200126T002051_N0500_R116_T55HCU_20230429T210718.npy,footscray/S5P_RPRO_L2__NO2____20200126.nc,26/01/2020,10.14535432
875,footscray,footscray/S2B_MSIL2A_20191219T001109_N0500_R073_T55HCU_20230607T160421.npy,footscray/S5P_RPRO_L2__NO2____20191219.nc,19/12/2019,10.06353694
876,footscray,footscray/S2A_MSIL2A_20200515T002101_N0500_R116_T55HCU_20230404T115246.npy,footscray/S5P_OFFL_L2__NO2____20200515.nc,15/05/2020,37.54638231
877,footscray,footscray/S2A_MSIL2A_20200515T002101_N0500_R116_T55HCU_20230404T115246.npy,footscray/S5P_RPRO_L2__NO2____20200515.nc,15/05/2020,37.54638231
878,footscray,footscray/S2A_MSIL2A_20200103T001101_N0500_R073_T55HCU_20230426T062103.npy,footscray/S5P_RPRO_L2__NO2____20200103.nc,3/01/2020,31.58150619
879,footscray,footscray/S2A_MSIL2A_20190918T002051_N0500_R116_T55HCU_20230501T212243.npy,footscray/S5P_OFFL_L2__NO2____20190918.nc,18/09/2019,42.6268516
880,footscray,footscray/S2A_MSIL2A_20190518T001111_N0500_R073_T55HCU_20230618T075710.npy,footscray/S5P_OFFL_L2__NO2____20190518.nc,18/05/2019,47.6177114
881,footscray,footscray/S2B_MSIL2A_20201226T002049_N0500_R116_T55HCU_20230304T225848.npy,footscray/S5P_RPRO_L2__NO2____20201226.nc,26/12/2020,10.55444118
882,dandenong,dandenong/S2B_MSIL2A_20210402T001109_N0500_R073_T55HCU_20230517T155156.npy,dandenong/S5P_OFFL_L2__NO2____20210402.nc,2/04/2021,25.82279034
883,dandenong,dandenong/S2A_MSIL2A_20200316T002051_N0500_R116_T55HCU_20230408T163503.npy,dandenong/S5P_OFFL_L2__NO2____20200316.nc,16/03/2020,14.56349249
884,dandenong,dandenong/S2A_MSIL2A_20200505T002101_N0500_R116_T55HCU_20230331T142518.npy,dandenong/S5P_OFFL_L2__NO2____20200505.nc,5/05/2020,20.32343558
885,dandenong,dandenong/S2A_MSIL2A_20210127T001111_N0500_R073_T55HCU_20230522T190810.npy,dandenong/S5P_OFFL_L2__NO2____20210127.nc,27/01/2021,11.18402587
886,dandenong,dandenong/S2B_MSIL2A_20211128T001109_N0500_R073_T55HCU_20230103T085158.npy,dandenong/S5P_RPRO_L2__NO2____20211128.nc,28/11/2021,6.091630729
887,dandenong,dandenong/S2B_MSIL2A_20200311T002049_N0500_R116_T55HCU_20230411T080628.npy,dandenong/S5P_RPRO_L2__NO2____20200311.nc,11/03/2020,22.99068195
888,dandenong,dandenong/S2A_MSIL2A_20201211T002051_N0500_R116_T55HCU_20230225T150444.npy,dandenong/S5P_RPRO_L2__NO2____20201211.nc,11/12/2020,14.07258825
889,dandenong,dandenong/S2A_MSIL2A_20190227T001101_N0500_R073_T55HCU_20221218T150916.npy,dandenong/S5P_RPRO_L2__NO2____20190227.nc,27/02/2019,20.86343024
890,dandenong,dandenong/S2A_MSIL2A_20210828T002101_N0500_R116_T55HCU_20230116T164153.npy,dandenong/S5P_RPRO_L2__NO2____20210828.nc,28/08/2021,17.28948374
891,dandenong,dandenong/S2A_MSIL2A_20201002T002101_N0500_R116_T55HCU_20230307T173742.npy,dandenong/S5P_OFFL_L2__NO2____20201002.nc,2/10/2020,7.44538099
892,dandenong,dandenong/S2B_MSIL2A_20190523T001119_N0500_R073_T55HCU_20230618T033942.npy,dandenong/S5P_OFFL_L2__NO2____20190523.nc,23/05/2019,20.20889125
893,dandenong,dandenong/S2B_MSIL2A_20190523T001119_N0500_R073_T55HCU_20230618T033942.npy,dandenong/S5P_RPRO_L2__NO2____20190523.nc,23/05/2019,20.20889125
894,dandenong,dandenong/S2B_MSIL2A_20231118T001109_N0509_R073_T55HCU_20231118T014824.npy,dandenong/S5P_OFFL_L2__NO2____20231118.nc,18/11/2023,8.715513897
895,dandenong,dandenong/S2B_MSIL2A_20190416T002059_N0500_R116_T55HCU_20221023T031854.npy,dandenong/S5P_RPRO_L2__NO2____20190416.nc,16/04/2019,22.74522984
896,dandenong,dandenong/S2B_MSIL2A_20190416T002059_N0500_R116_T55HCU_20221023T031854.npy,dandenong/S5P_OFFL_L2__NO2____20190416.nc,16/04/2019,22.74522984
897,dandenong,dandenong/S2B_MSIL2A_20190824T002059_N0500_R116_T55HCU_20230505T034633.npy,dandenong/S5P_RPRO_L2__NO2____20190824.nc,24/08/2019,7.363563616
898,dandenong,dandenong/S2A_MSIL2A_20210914T001111_N0500_R073_T55HCU_20230113T205952.npy,dandenong/S5P_RPRO_L2__NO2____20210914.nc,14/09/2021,24.10626185
899,dandenong,dandenong/S2A_MSIL2A_20200810T001121_N0500_R073_T55HCU_20230317T054714.npy,dandenong/S5P_OFFL_L2__NO2____20200810.nc,10/08/2020,34.69056638
900,dandenong,dandenong/S2A_MSIL2A_20200810T001121_N0500_R073_T55HCU_20230317T054714.npy,dandenong/S5P_RPRO_L2__NO2____20200810.nc,10/08/2020,34.69056638
901,dandenong,dandenong/S2A_MSIL2A_20190302T002051_N0500_R116_T55HCU_20221122T201424.npy,dandenong/S5P_OFFL_L2__NO2____20190302.nc,2/03/2019,14.07258825
902,dandenong,dandenong/S2A_MSIL2A_20190302T002051_N0500_R116_T55HCU_20221122T201424.npy,dandenong/S5P_RPRO_L2__NO2____20190302.nc,2/03/2019,14.07258825
903,dandenong,dandenong/S2A_MSIL2A_20211213T001111_N0500_R073_T55HCU_20221224T190619.npy,dandenong/S5P_RPRO_L2__NO2____20211213.nc,13/12/2021,13.54715707
904,dandenong,dandenong/S2A_MSIL2A_20211213T001111_N0500_R073_T55HCU_20221224T190619.npy,dandenong/S5P_OFFL_L2__NO2____20211213.nc,13/12/2021,13.54715707
905,dandenong,dandenong/S2B_MSIL2A_20200427T001109_N0500_R073_T55HCU_20230418T220509.npy,dandenong/S5P_RPRO_L2__NO2____20200427.nc,27/04/2020,27.81790701
906,dandenong,dandenong/S2A_MSIL2A_20210808T002101_N0500_R116_T55HCU_20230116T191334.npy,dandenong/S5P_RPRO_L2__NO2____20210808.nc,8/08/2021,25.15303332
907,dandenong,dandenong/S2A_MSIL2A_20230219T002051_N0509_R116_T55HCU_20230219T033503.npy,dandenong/S5P_OFFL_L2__NO2____20230219.nc,19/02/2023,9.395416272
908,dandenong,dandenong/S2B_MSIL2A_20211012T002059_N0500_R116_T55HCU_20230103T233233.npy,dandenong/S5P_RPRO_L2__NO2____20211012.nc,12/10/2021,16.78835233
909,dandenong,dandenong/S2B_MSIL2A_20211101T002059_N0500_R116_T55HCU_20221228T121615.npy,dandenong/S5P_OFFL_L2__NO2____20211101.nc,1/11/2021,16.06009588
910,dandenong,dandenong/S2A_MSIL2A_20201108T001111_N0500_R073_T55HCU_20230303T044954.npy,dandenong/S5P_OFFL_L2__NO2____20201108.nc,8/11/2020,9.981719569
911,dandenong,dandenong/S2A_MSIL2A_20200525T002101_N0500_R116_T55HCU_20230415T235722.npy,dandenong/S5P_RPRO_L2__NO2____20200525.nc,25/05/2020,28.71789812
912,dandenong,dandenong/S2A_MSIL2A_20230430T002101_N0509_R116_T55HCU_20230430T043957.npy,dandenong/S5P_OFFL_L2__NO2____20230430.nc,30/04/2023,21.44425179
913,dandenong,dandenong/S2A_MSIL2A_20230127T001111_N0509_R073_T55HCU_20230127T023252.npy,dandenong/S5P_OFFL_L2__NO2____20230127.nc,27/01/2023,16.62128125
914,dandenong,dandenong/S2B_MSIL2A_20221017T002059_N0400_R116_T55HCU_20221017T020712.npy,dandenong/S5P_OFFL_L2__NO2____20221017.nc,17/10/2022,20.10383776
915,dandenong,dandenong/S2B_MSIL2A_20200217T001109_N0500_R073_T55HCU_20230425T150553.npy,dandenong/S5P_RPRO_L2__NO2____20200217.nc,17/02/2020,15.87257046
916,dandenong,dandenong/S2B_MSIL2A_20210512T001109_N0500_R073_T55HCU_20230207T204433.npy,dandenong/S5P_OFFL_L2__NO2____20210512.nc,12/05/2021,33.64837667
917,dandenong,dandenong/S2B_MSIL2A_20190831T001109_N0500_R073_T55HCU_20230524T101240.npy,dandenong/S5P_RPRO_L2__NO2____20190831.nc,31/08/2019,15.21803148
918,dandenong,dandenong/S2A_MSIL2A_20200113T001101_N0500_R073_T55HCU_20230429T013419.npy,dandenong/S5P_OFFL_L2__NO2____20200113.nc,13/01/2020,19.55435228
919,dandenong,dandenong/S2A_MSIL2A_20230117T001111_N0509_R073_T55HCU_20230117T022354.npy,dandenong/S5P_OFFL_L2__NO2____20230117.nc,17/01/2023,15.44818375
920,dandenong,dandenong/S2A_MSIL2A_20180526T002101_N0500_R116_T55HCU_20230730T063509.npy,dandenong/S5P_RPRO_L2__NO2____20180526.nc,26/05/2018,29.78152397
921,dandenong,dandenong/S2A_MSIL2A_20200126T002051_N0500_R116_T55HCU_20230429T210718.npy,dandenong/S5P_OFFL_L2__NO2____20200126.nc,26/01/2020,8.672641593
922,dandenong,dandenong/S2B_MSIL2A_20191219T001109_N0500_R073_T55HCU_20230607T160421.npy,dandenong/S5P_OFFL_L2__NO2____20191219.nc,19/12/2019,11.86351916
923,dandenong,dandenong/S2B_MSIL2A_20210522T001109_N0500_R073_T55HCU_20230206T054355.npy,dandenong/S5P_OFFL_L2__NO2____20210522.nc,22/05/2021,26.04026092
924,dandenong,dandenong/S2A_MSIL2A_20230420T002051_N0509_R116_T55HCU_20230420T023357.npy,dandenong/S5P_OFFL_L2__NO2____20230420.nc,20/04/2023,24.67497441
925,dandenong,dandenong/S2B_MSIL2A_20200101T002049_N0500_R116_T55HCU_20230424T195632.npy,dandenong/S5P_OFFL_L2__NO2____20200101.nc,1/01/2020,7.936285231
926,dandenong,dandenong/S2A_MSIL2A_20191127T002051_N0500_R116_T55HCU_20230616T050821.npy,dandenong/S5P_OFFL_L2__NO2____20191127.nc,27/11/2019,16.19983996
927,dandenong,dandenong/S2A_MSIL2A_20210331T002051_N0500_R116_T55HCU_20230518T191918.npy,dandenong/S5P_OFFL_L2__NO2____20210331.nc,31/03/2021,24.993244
928,dandenong,dandenong/S2B_MSIL2A_20190705T002109_N0500_R116_T55HCU_20221217T140656.npy,dandenong/S5P_RPRO_L2__NO2____20190705.nc,5/07/2019,42.87230373
929,dandenong,dandenong/S2B_MSIL2A_20201226T002049_N0500_R116_T55HCU_20230304T225848.npy,dandenong/S5P_RPRO_L2__NO2____20201226.nc,26/12/2020,8.672641593
930,morwell_south,morwell_south/S2B_MSIL2A_20210522T001109_N0500_R073_T55HDT_20230206T054355.npy,morwell_south/S5P_OFFL_L2__NO2____20210522.nc,22/05/2021,16.59804511
931,morwell_south,morwell_south/S2B_MSIL2A_20210522T001109_N0500_R073_T55HDT_20230206T054355.npy,morwell_south/S5P_RPRO_L2__NO2____20210522.nc,22/05/2021,16.59804511
932,morwell_south,morwell_south/S2B_MSIL2A_20190503T001119_N0500_R073_T55HDT_20221222T080131.npy,morwell_south/S5P_OFFL_L2__NO2____20190503.nc,3/05/2019,14.89076198
933,morwell_south,morwell_south/S2B_MSIL2A_20210701T001109_N0500_R073_T55HDT_20230128T192249.npy,morwell_south/S5P_OFFL_L2__NO2____20210701.nc,1/07/2021,16.29450266
934,morwell_south,morwell_south/S2B_MSIL2A_20211228T001109_N0500_R073_T55HDT_20221227T162044.npy,morwell_south/S5P_OFFL_L2__NO2____20211228.nc,28/12/2021,2.932171032
935,morwell_south,morwell_south/S2A_MSIL2A_20191124T001111_N0500_R073_T55HDT_20230615T075302.npy,morwell_south/S5P_RPRO_L2__NO2____20191124.nc,24/11/2019,5.972668266
936,morwell_south,morwell_south/S2A_MSIL2A_20201108T001111_N0500_R073_T55HDT_20230303T044954.npy,morwell_south/S5P_OFFL_L2__NO2____20201108.nc,8/11/2020,3.272694941
937,morwell_south,morwell_south/S2B_MSIL2A_20190523T001119_N0500_R073_T55HDT_20230618T033942.npy,morwell_south/S5P_OFFL_L2__NO2____20190523.nc,23/05/2019,17.34528319
938,morwell_south,morwell_south/S2B_MSIL2A_20190523T001119_N0500_R073_T55HDT_20230618T033942.npy,morwell_south/S5P_RPRO_L2__NO2____20190523.nc,23/05/2019,17.34528319
939,morwell_south,morwell_south/S2B_MSIL2A_20191229T001109_N0500_R073_T55HDT_20230705T061816.npy,morwell_south/S5P_RPRO_L2__NO2____20191229.nc,29/12/2019,7.281746243
940,morwell_south,morwell_south/S2B_MSIL2A_20180905T001059_N0500_R073_T55HDT_20230623T125815.npy,morwell_south/S5P_RPRO_L2__NO2____20180905.nc,5/09/2018,14.15440562
941,traralgon,traralgon/S2B_MSIL2A_20190503T001119_N0500_R073_T55HDT_20221222T080131.npy,traralgon/S5P_OFFL_L2__NO2____20190503.nc,3/05/2019,14.23622299
942,traralgon,traralgon/S2A_MSIL2A_20200222T001101_N0500_R073_T55HDT_20230427T231423.npy,traralgon/S5P_RPRO_L2__NO2____20200222.nc,22/02/2020,5.809033521
943,traralgon,traralgon/S2B_MSIL2A_20210621T001109_N0500_R073_T55HDT_20230201T025610.npy,traralgon/S5P_OFFL_L2__NO2____20210621.nc,21/06/2021,19.33270901
944,traralgon,traralgon/S2B_MSIL2A_20230611T001119_N0509_R073_T55HDT_20230611T013954.npy,traralgon/S5P_OFFL_L2__NO2____20230611.nc,11/06/2023,15.7922258
945,traralgon,traralgon/S2A_MSIL2A_20191124T001111_N0500_R073_T55HDT_20230615T075302.npy,traralgon/S5P_RPRO_L2__NO2____20191124.nc,24/11/2019,6.709024628
946,traralgon,traralgon/S2A_MSIL2A_20191124T001111_N0500_R073_T55HDT_20230615T075302.npy,traralgon/S5P_OFFL_L2__NO2____20191124.nc,24/11/2019,6.709024628
947,traralgon,traralgon/S2A_MSIL2A_20200701T001111_N0500_R073_T55HDT_20230410T211817.npy,traralgon/S5P_RPRO_L2__NO2____20200701.nc,1/07/2020,23.4815862
948,traralgon,traralgon/S2A_MSIL2A_20200701T001111_N0500_R073_T55HDT_20230410T211817.npy,traralgon/S5P_OFFL_L2__NO2____20200701.nc,1/07/2020,23.4815862
949,traralgon,traralgon/S2A_MSIL2A_20211213T001111_N0500_R073_T55HDT_20221224T190619.npy,traralgon/S5P_RPRO_L2__NO2____20211213.nc,13/12/2021,7.306536907
950,traralgon,traralgon/S2A_MSIL2A_20211213T001111_N0500_R073_T55HDT_20221224T190619.npy,traralgon/S5P_OFFL_L2__NO2____20211213.nc,13/12/2021,7.306536907
951,traralgon,traralgon/S2B_MSIL2A_20190324T001109_N0500_R073_T55HDT_20221117T071111.npy,traralgon/S5P_RPRO_L2__NO2____20190324.nc,24/03/2019,9.490815329
952,traralgon,traralgon/S2B_MSIL2A_20190324T001109_N0500_R073_T55HDT_20221117T071111.npy,traralgon/S5P_OFFL_L2__NO2____20190324.nc,24/03/2019,9.490815329
953,wyong,wyong/S2A_MSIL2A_20200823T235251_N0500_R130_T56HLJ_20230318T183929.npy,wyong/S5P_OFFL_L2__NO2____20200823.nc,23/08/2020,0
954,wyong,wyong/S2A_MSIL2A_20210514T000241_N0500_R030_T56HLJ_20230208T180340.npy,wyong/S5P_OFFL_L2__NO2____20210514.nc,14/05/2021,5.645398773
955,wyong,wyong/S2B_MSIL2A_20181111T000239_N0500_R030_T56HLJ_20230703T092922.npy,wyong/S5P_OFFL_L2__NO2____20181111.nc,11/11/2018,5.645398773
956,wyong,wyong/S2A_MSIL2A_20180709T000241_N0500_R030_T56HLJ_20230713T200747.npy,wyong/S5P_RPRO_L2__NO2____20180709.nc,9/07/2018,13.17259714
957,wyong,wyong/S2A_MSIL2A_20180709T000241_N0500_R030_T56HLJ_20230713T200747.npy,wyong/S5P_OFFL_L2__NO2____20180709.nc,9/07/2018,13.17259714
958,wyong,wyong/S2B_MSIL2A_20220410T235239_N0400_R130_T56HLJ_20220411T020918.npy,wyong/S5P_OFFL_L2__NO2____20220410.nc,10/04/2022,5.645398773
959,wyong,wyong/S2B_MSIL2A_20230505T235239_N0509_R130_T56HLJ_20230506T011911.npy,wyong/S5P_OFFL_L2__NO2____20230505.nc,5/05/2023,9.408997955
960,wyong,wyong/S2B_MSIL2A_20211115T000239_N0500_R030_T56HLJ_20230103T224227.npy,wyong/S5P_OFFL_L2__NO2____20211115.nc,15/11/2021,0
961,wyong,wyong/S2B_MSIL2A_20210419T000239_N0500_R030_T56HLJ_20230513T132818.npy,wyong/S5P_OFFL_L2__NO2____20210419.nc,19/04/2021,9.408997955
962,wyong,wyong/S2A_MSIL2A_20180818T000241_N0500_R030_T56HLJ_20230628T134648.npy,wyong/S5P_RPRO_L2__NO2____20180818.nc,18/08/2018,7.527198364
963,wyong,wyong/S2A_MSIL2A_20180516T235331_N0500_R130_T56HLJ_20230716T223933.npy,wyong/S5P_RPRO_L2__NO2____20180516.nc,16/05/2018,16.93619632
964,wyong,wyong/S2A_MSIL2A_20230410T235231_N0509_R130_T56HLJ_20230411T023352.npy,wyong/S5P_OFFL_L2__NO2____20230410.nc,10/04/2023,0
965,wyong,wyong/S2B_MSIL2A_20181201T000239_N0500_R030_T56HLJ_20230622T053914.npy,wyong/S5P_OFFL_L2__NO2____20181201.nc,1/12/2018,3.763599182
966,wyong,wyong/S2A_MSIL2A_20210424T000241_N0500_R030_T56HLJ_20230512T054740.npy,wyong/S5P_OFFL_L2__NO2____20210424.nc,24/04/2021,7.527198364
967,wyong,wyong/S2B_MSIL2A_20211006T000239_N0500_R030_T56HLJ_20230111T150222.npy,wyong/S5P_OFFL_L2__NO2____20211006.nc,6/10/2021,1.881799591
968,wyong,wyong/S2B_MSIL2A_20180521T235239_N0500_R130_T56HLJ_20230716T161505.npy,wyong/S5P_RPRO_L2__NO2____20180521.nc,21/05/2018,7.527198364
969,wyong,wyong/S2B_MSIL2A_20210429T000239_N0500_R030_T56HLJ_20230511T204921.npy,wyong/S5P_RPRO_L2__NO2____20210429.nc,29/04/2021,9.408997955
970,wyong,wyong/S2A_MSIL2A_20191107T235251_N0500_R130_T56HLJ_20230610T220239.npy,wyong/S5P_OFFL_L2__NO2____20191107.nc,7/11/2019,9.408997955
971,wyong,wyong/S2A_MSIL2A_20180804T235251_N0500_R130_T56HLJ_20230710T124642.npy,wyong/S5P_RPRO_L2__NO2____20180804.nc,4/08/2018,11.29079755
972,wyong,wyong/S2B_MSIL2A_20200121T235239_N0500_R130_T56HLJ_20230426T072747.npy,wyong/S5P_OFFL_L2__NO2____20200121.nc,21/01/2020,1.881799591
973,wyong,wyong/S2A_MSIL2A_20180715T235251_N0500_R130_T56HLJ_20230712T180527.npy,wyong/S5P_OFFL_L2__NO2____20180715.nc,15/07/2018,7.527198364
974,wyong,wyong/S2B_MSIL2A_20190923T235249_N0500_R130_T56HLJ_20230503T073737.npy,wyong/S5P_RPRO_L2__NO2____20190923.nc,23/09/2019,9.408997955
975,wyong,wyong/S2B_MSIL2A_20191017T000239_N0500_R030_T56HLJ_20230614T100839.npy,wyong/S5P_RPRO_L2__NO2____20191017.nc,17/10/2019,5.645398773
976,wyong,wyong/S2A_MSIL2A_20190322T235241_N0500_R130_T56HLJ_20221122T163112.npy,wyong/S5P_RPRO_L2__NO2____20190322.nc,22/03/2019,3.763599182
977,wyong,wyong/S2B_MSIL2A_20210525T235249_N0500_R130_T56HLJ_20230205T234802.npy,wyong/S5P_RPRO_L2__NO2____20210525.nc,25/05/2021,11.29079755
978,wyong,wyong/S2B_MSIL2A_20210326T235249_N0500_R130_T56HLJ_20230519T203620.npy,wyong/S5P_OFFL_L2__NO2____20210326.nc,26/03/2021,7.527198364
979,wyong,wyong/S2A_MSIL2A_20210719T235251_N0500_R130_T56HLJ_20230123T014851.npy,wyong/S5P_OFFL_L2__NO2____20210719.nc,19/07/2021,3.763599182
980,wyong,wyong/S2B_MSIL2A_20191106T000239_N0500_R030_T56HLJ_20230704T225531.npy,wyong/S5P_RPRO_L2__NO2____20191106.nc,6/11/2019,5.645398773
981,wyong,wyong/S2A_MSIL2A_20200405T235241_N0500_R130_T56HLJ_20230410T190033.npy,wyong/S5P_OFFL_L2__NO2____20200405.nc,5/04/2020,3.763599182
982,wyong,wyong/S2B_MSIL2A_20190619T000249_N0500_R030_T56HLJ_20230707T083046.npy,wyong/S5P_OFFL_L2__NO2____20190619.nc,19/06/2019,7.527198364
983,wyong,wyong/S2A_MSIL2A_20190101T235241_N0500_R130_T56HLJ_20221219T081434.npy,wyong/S5P_OFFL_L2__NO2____20190101.nc,1/01/2019,5.645398773
984,wyong,wyong/S2A_MSIL2A_20230305T000221_N0509_R030_T56HLJ_20230305T024055.npy,wyong/S5P_OFFL_L2__NO2____20230305.nc,5/03/2023,0
985,wyong,wyong/S2A_MSIL2A_20180506T235251_N0500_R130_T56HLJ_20231101T191847.npy,wyong/S5P_RPRO_L2__NO2____20180506.nc,6/05/2018,13.17259714
986,wyong,wyong/S2B_MSIL2A_20180505T000239_N0500_R030_T56HLJ_20230718T145427.npy,wyong/S5P_RPRO_L2__NO2____20180505.nc,5/05/2018,7.527198364
987,wyong,wyong/S2A_MSIL2A_20230331T235231_N0509_R130_T56HLJ_20230401T024759.npy,wyong/S5P_OFFL_L2__NO2____20230331.nc,31/03/2023,3.763599182
988,wyong,wyong/S2A_MSIL2A_20190302T235241_N0500_R130_T56HLJ_20221119T222505.npy,wyong/S5P_RPRO_L2__NO2____20190302.nc,2/03/2019,3.763599182
989,wyong,wyong/S2A_MSIL2A_20190902T000241_N0500_R030_T56HLJ_20230501T045615.npy,wyong/S5P_OFFL_L2__NO2____20190902.nc,2/09/2019,7.527198364
990,wyong,wyong/S2B_MSIL2A_20191112T235249_N0500_R130_T56HLJ_20230611T072511.npy,wyong/S5P_OFFL_L2__NO2____20191112.nc,12/11/2019,3.763599182
991,wyong,wyong/S2B_MSIL2A_20181018T235239_N0500_R130_T56HLJ_20230706T003121.npy,wyong/S5P_OFFL_L2__NO2____20181018.nc,18/10/2018,11.29079755
992,wyong,wyong/S2B_MSIL2A_20210515T235249_N0500_R130_T56HLJ_20230206T021615.npy,wyong/S5P_RPRO_L2__NO2____20210515.nc,15/05/2021,1.881799591
993,wyong,wyong/S2A_MSIL2A_20190610T235251_N0500_R130_T56HLJ_20230605T123649.npy,wyong/S5P_OFFL_L2__NO2____20190610.nc,10/06/2019,5.645398773
994,wyong,wyong/S2A_MSIL2A_20180520T000241_N0500_R030_T56HLJ_20230913T075554.npy,wyong/S5P_RPRO_L2__NO2____20180520.nc,20/05/2018,9.408997955
995,wyong,wyong/S2B_MSIL2A_20191027T000239_N0500_R030_T56HLJ_20230704T192248.npy,wyong/S5P_RPRO_L2__NO2____20191027.nc,27/10/2019,3.763599182
996,wyong,wyong/S2B_MSIL2A_20180714T000239_N0500_R030_T56HLJ_20230712T203028.npy,wyong/S5P_RPRO_L2__NO2____20180714.nc,14/07/2018,7.527198364
997,wyong,wyong/S2B_MSIL2A_20190907T000239_N0500_R030_T56HLJ_20230502T114324.npy,wyong/S5P_RPRO_L2__NO2____20190907.nc,7/09/2019,3.763599182
998,wyong,wyong/S2B_MSIL2A_20190818T000249_N0500_R030_T56HLJ_20230507T001953.npy,wyong/S5P_OFFL_L2__NO2____20190818.nc,18/08/2019,5.645398773
999,wyong,wyong/S2A_MSIL2A_20190803T000251_N0500_R030_T56HLJ_20230504T120401.npy,wyong/S5P_OFFL_L2__NO2____20190803.nc,3/08/2019,9.408997955
1000,wyong,wyong/S2A_MSIL2A_20230504T000221_N0509_R030_T56HLJ_20230504T041857.npy,wyong/S5P_OFFL_L2__NO2____20230504.nc,4/05/2023,7.527198364
1001,wyong,wyong/S2A_MSIL2A_20190710T235251_N0500_R130_T56HLJ_20231010T052013.npy,wyong/S5P_OFFL_L2__NO2____20190710.nc,10/07/2019,7.527198364
1002,wyong,wyong/S2A_MSIL2A_20201115T000241_N0500_R030_T56HLJ_20230303T170603.npy,wyong/S5P_RPRO_L2__NO2____20201115.nc,15/11/2020,5.645398773
1003,wyong,wyong/S2B_MSIL2A_20180624T000239_N0500_R030_T56HLJ_20230803T094100.npy,wyong/S5P_RPRO_L2__NO2____20180624.nc,24/06/2018,11.29079755
1004,wyong,wyong/S2B_MSIL2A_20210718T000239_N0500_R030_T56HLJ_20230123T064218.npy,wyong/S5P_OFFL_L2__NO2____20210718.nc,18/07/2021,1.881799591
1005,wyong,wyong/S2A_MSIL2A_20190928T235251_N0500_R130_T56HLJ_20230507T044833.npy,wyong/S5P_RPRO_L2__NO2____20190928.nc,28/09/2019,3.763599182
1006,wyong,wyong/S2A_MSIL2A_20210729T235251_N0500_R130_T56HLJ_20230308T172238.npy,wyong/S5P_RPRO_L2__NO2____20210729.nc,29/07/2021,7.527198364
1007,wyong,wyong/S2B_MSIL2A_20230330T000229_N0509_R030_T56HLJ_20230330T014225.npy,wyong/S5P_OFFL_L2__NO2____20230330.nc,30/03/2023,1.881799591
1008,wyong,wyong/S2A_MSIL2A_20191127T235241_N0500_R130_T56HLJ_20231009T231150.npy,wyong/S5P_RPRO_L2__NO2____20191127.nc,27/11/2019,5.645398773
1009,wyong,wyong/S2B_MSIL2A_20220530T235249_N0400_R130_T56HLJ_20220531T012325.npy,wyong/S5P_RPRO_L2__NO2____20220530.nc,30/05/2022,5.645398773
1010,wyong,wyong/S2B_MSIL2A_20200623T000239_N0500_R030_T56HLJ_20230401T125307.npy,wyong/S5P_OFFL_L2__NO2____20200623.nc,23/06/2020,7.527198364
1011,wyong,wyong/S2A_MSIL2A_20181216T000231_N0500_R030_T56HLJ_20230629T223105.npy,wyong/S5P_RPRO_L2__NO2____20181216.nc,16/12/2018,7.527198364
1012,wyong,wyong/S2A_MSIL2A_20200916T000241_N0500_R030_T56HLJ_20230313T210727.npy,wyong/S5P_RPRO_L2__NO2____20200916.nc,16/09/2020,11.29079755
1013,morisset,morisset/S2B_MSIL2A_20230409T000229_N0509_R030_T56HLJ_20230409T013526.npy,morisset/S5P_OFFL_L2__NO2____20230409.nc,9/04/2023,0
1014,morisset,morisset/S2B_MSIL2A_20220410T235239_N0400_R130_T56HLJ_20220411T020918.npy,morisset/S5P_OFFL_L2__NO2____20220410.nc,10/04/2022,3.763599182
1015,morisset,morisset/S2B_MSIL2A_20220410T235239_N0400_R130_T56HLJ_20220411T020918.npy,morisset/S5P_RPRO_L2__NO2____20220410.nc,10/04/2022,3.763599182
1016,morisset,morisset/S2A_MSIL2A_20220529T000251_N0400_R030_T56HLJ_20220529T030818.npy,morisset/S5P_OFFL_L2__NO2____20220529.nc,29/05/2022,0
1017,morisset,morisset/S2B_MSIL2A_20230505T235239_N0509_R130_T56HLJ_20230506T011911.npy,morisset/S5P_OFFL_L2__NO2____20230505.nc,5/05/2023,7.527198364
1018,morisset,morisset/S2A_MSIL2A_20210424T000241_N0500_R030_T56HLJ_20230512T054740.npy,morisset/S5P_OFFL_L2__NO2____20210424.nc,24/04/2021,7.527198364
1019,morisset,morisset/S2B_MSIL2A_20211006T000239_N0500_R030_T56HLJ_20230111T150222.npy,morisset/S5P_RPRO_L2__NO2____20211006.nc,6/10/2021,5.645398773
1020,morisset,morisset/S2B_MSIL2A_20230125T235229_N0509_R130_T56HLJ_20230126T011303.npy,morisset/S5P_OFFL_L2__NO2____20230125.nc,25/01/2023,3.763599182
1021,morisset,morisset/S2B_MSIL2A_20210429T000239_N0500_R030_T56HLJ_20230511T204921.npy,morisset/S5P_OFFL_L2__NO2____20210429.nc,29/04/2021,7.527198364
1022,morisset,morisset/S2A_MSIL2A_20210613T000241_N0500_R030_T56HLJ_20230201T040303.npy,morisset/S5P_RPRO_L2__NO2____20210613.nc,13/06/2021,1.881799591
1023,morisset,morisset/S2B_MSIL2A_20210803T235249_N0500_R130_T56HLJ_20230116T045610.npy,morisset/S5P_RPRO_L2__NO2____20210803.nc,3/08/2021,3.763599182
1024,morisset,morisset/S2A_MSIL2A_20230609T235231_N0509_R130_T56HLJ_20230610T032946.npy,morisset/S5P_OFFL_L2__NO2____20230609.nc,9/06/2023,5.645398773
1025,morisset,morisset/S2A_MSIL2A_20230510T235231_N0509_R130_T56HLJ_20230511T023457.npy,morisset/S5P_OFFL_L2__NO2____20230510.nc,10/05/2023,5.645398773
1026,morisset,morisset/S2B_MSIL2A_20211022T235249_N0500_R130_T56HLJ_20230108T091610.npy,morisset/S5P_OFFL_L2__NO2____20211022.nc,22/10/2021,3.763599182
1027,morisset,morisset/S2A_MSIL2A_20230209T235231_N0509_R130_T56HLJ_20230210T023752.npy,morisset/S5P_OFFL_L2__NO2____20230209.nc,9/02/2023,1.881799591
1028,morisset,morisset/S2B_MSIL2A_20210525T235249_N0500_R130_T56HLJ_20230205T234802.npy,morisset/S5P_OFFL_L2__NO2____20210525.nc,25/05/2021,7.527198364
1029,morisset,morisset/S2B_MSIL2A_20210326T235249_N0500_R130_T56HLJ_20230519T203620.npy,morisset/S5P_OFFL_L2__NO2____20210326.nc,26/03/2021,7.527198364
1030,morisset,morisset/S2B_MSIL2A_20210519T000239_N0500_R030_T56HLJ_20230206T190057.npy,morisset/S5P_OFFL_L2__NO2____20210519.nc,19/05/2021,18.81799591
1031,morisset,morisset/S2B_MSIL2A_20210618T000239_N0500_R030_T56HLJ_20230203T073543.npy,morisset/S5P_OFFL_L2__NO2____20210618.nc,18/06/2021,1.881799591
1032,morisset,morisset/S2A_MSIL2A_20220419T000241_N0400_R030_T56HLJ_20220419T021414.npy,morisset/S5P_OFFL_L2__NO2____20220419.nc,19/04/2022,7.527198364
1033,morisset,morisset/S2A_MSIL2A_20210719T235251_N0500_R130_T56HLJ_20230123T014851.npy,morisset/S5P_RPRO_L2__NO2____20210719.nc,19/07/2021,5.645398773
1034,morisset,morisset/S2A_MSIL2A_20230305T000221_N0509_R030_T56HLJ_20230305T024055.npy,morisset/S5P_OFFL_L2__NO2____20230305.nc,5/03/2023,1.881799591
1035,morisset,morisset/S2A_MSIL2A_20220823T235241_N0400_R130_T56HLJ_20220824T023905.npy,morisset/S5P_OFFL_L2__NO2____20220823.nc,23/08/2022,7.527198364
1036,morisset,morisset/S2B_MSIL2A_20210515T235249_N0500_R130_T56HLJ_20230206T021615.npy,morisset/S5P_OFFL_L2__NO2____20210515.nc,15/05/2021,1.881799591
1037,morisset,morisset/S2B_MSIL2A_20230509T000229_N0509_R030_T56HLJ_20230509T012929.npy,morisset/S5P_OFFL_L2__NO2____20230509.nc,9/05/2023,3.763599182
1038,morisset,morisset/S2A_MSIL2A_20230504T000221_N0509_R030_T56HLJ_20230504T041857.npy,morisset/S5P_OFFL_L2__NO2____20230504.nc,4/05/2023,5.645398773
1039,morisset,morisset/S2A_MSIL2A_20210729T235251_N0500_R130_T56HLJ_20230308T172238.npy,morisset/S5P_OFFL_L2__NO2____20210729.nc,29/07/2021,1.881799591
1040,morisset,morisset/S2B_MSIL2A_20211002T235249_N0500_R130_T56HLJ_20231101T085301.npy,morisset/S5P_OFFL_L2__NO2____20211002.nc,2/10/2021,5.645398773
1041,morisset,morisset/S2B_MSIL2A_20210704T235249_N0500_R130_T56HLJ_20230308T164813.npy,morisset/S5P_OFFL_L2__NO2____20210704.nc,4/07/2021,1.881799591
1042,carrington,carrington/S2A_MSIL2A_20200110T000231_N0500_R030_T56HLJ_20230427T182712.npy,carrington/S5P_RPRO_L2__NO2____20200110.nc,10/01/2020,11.29079755
1043,carrington,carrington/S2A_MSIL2A_20200823T235251_N0500_R130_T56HLJ_20230318T183929.npy,carrington/S5P_OFFL_L2__NO2____20200823.nc,23/08/2020,7.527198364
1044,carrington,carrington/S2B_MSIL2A_20200603T000239_N0500_R030_T56HLJ_20230326T112817.npy,carrington/S5P_OFFL_L2__NO2____20200603.nc,3/06/2020,9.408997955
1045,carrington,carrington/S2B_MSIL2A_20230409T000229_N0509_R030_T56HLJ_20230409T013526.npy,carrington/S5P_OFFL_L2__NO2____20230409.nc,9/04/2023,1.881799591
1046,carrington,carrington/S2A_MSIL2A_20210514T000241_N0500_R030_T56HLJ_20230208T180340.npy,carrington/S5P_RPRO_L2__NO2____20210514.nc,14/05/2021,18.81799591
1047,carrington,carrington/S2A_MSIL2A_20201012T235251_N0500_R130_T56HLJ_20230307T072141.npy,carrington/S5P_RPRO_L2__NO2____20201012.nc,12/10/2020,11.29079755
1048,carrington,carrington/S2A_MSIL2A_20220529T000251_N0400_R030_T56HLJ_20220529T030818.npy,carrington/S5P_OFFL_L2__NO2____20220529.nc,29/05/2022,15.05439673
1049,carrington,carrington/S2B_MSIL2A_20211115T000239_N0500_R030_T56HLJ_20230103T224227.npy,carrington/S5P_RPRO_L2__NO2____20211115.nc,15/11/2021,7.527198364
1050,carrington,carrington/S2B_MSIL2A_20180928T235239_N0500_R130_T56HLJ_20230710T035040.npy,carrington/S5P_RPRO_L2__NO2____20180928.nc,28/09/2018,28.22699387
1051,carrington,carrington/S2A_MSIL2A_20210424T000241_N0500_R030_T56HLJ_20230512T054740.npy,carrington/S5P_RPRO_L2__NO2____20210424.nc,24/04/2021,28.22699387
1052,carrington,carrington/S2B_MSIL2A_20211006T000239_N0500_R030_T56HLJ_20230111T150222.npy,carrington/S5P_RPRO_L2__NO2____20211006.nc,6/10/2021,15.05439673
1053,carrington,carrington/S2B_MSIL2A_20180521T235239_N0500_R130_T56HLJ_20230716T161505.npy,carrington/S5P_RPRO_L2__NO2____20180521.nc,21/05/2018,22.58159509
1054,carrington,carrington/S2B_MSIL2A_20230125T235229_N0509_R130_T56HLJ_20230126T011303.npy,carrington/S5P_OFFL_L2__NO2____20230125.nc,25/01/2023,1.881799591
1055,carrington,carrington/S2B_MSIL2A_20210429T000239_N0500_R030_T56HLJ_20230511T204921.npy,carrington/S5P_RPRO_L2__NO2____20210429.nc,29/04/2021,26.34519427
1056,carrington,carrington/S2A_MSIL2A_20210613T000241_N0500_R030_T56HLJ_20230201T040303.npy,carrington/S5P_RPRO_L2__NO2____20210613.nc,13/06/2021,11.29079755
1057,carrington,carrington/S2A_MSIL2A_20190819T235251_N0500_R130_T56HLJ_20230513T104914.npy,carrington/S5P_OFFL_L2__NO2____20190819.nc,19/08/2019,0
1058,carrington,carrington/S2A_MSIL2A_20191221T000231_N0500_R030_T56HLJ_20230607T123434.npy,carrington/S5P_RPRO_L2__NO2____20191221.nc,21/12/2019,3.763599182
1059,carrington,carrington/S2B_MSIL2A_20210803T235249_N0500_R130_T56HLJ_20230116T045610.npy,carrington/S5P_OFFL_L2__NO2____20210803.nc,3/08/2021,16.93619632
1060,carrington,carrington/S2A_MSIL2A_20191107T235251_N0500_R130_T56HLJ_20230610T220239.npy,carrington/S5P_RPRO_L2__NO2____20191107.nc,7/11/2019,24.46339468
1061,carrington,carrington/S2A_MSIL2A_20230609T235231_N0509_R130_T56HLJ_20230610T032946.npy,carrington/S5P_OFFL_L2__NO2____20230609.nc,9/06/2023,24.46339468
1062,carrington,carrington/S2A_MSIL2A_20200803T235251_N0500_R130_T56HLJ_20230320T053401.npy,carrington/S5P_RPRO_L2__NO2____20200803.nc,3/08/2020,35.75419223
1063,carrington,carrington/S2B_MSIL2A_20180724T000239_N0500_R030_T56HLJ_20230720T000359.npy,carrington/S5P_OFFL_L2__NO2____20180724.nc,24/07/2018,37.63599182
1064,carrington,carrington/S2A_MSIL2A_20180927T000241_N0500_R030_T56HLJ_20230710T030650.npy,carrington/S5P_RPRO_L2__NO2____20180927.nc,27/09/2018,16.93619632
1065,carrington,carrington/S2A_MSIL2A_20210911T000241_N0500_R030_T56HLJ_20230114T151656.npy,carrington/S5P_RPRO_L2__NO2____20210911.nc,11/09/2021,26.34519427
1066,carrington,carrington/S2B_MSIL2A_20200121T235239_N0500_R130_T56HLJ_20230426T072747.npy,carrington/S5P_RPRO_L2__NO2____20200121.nc,21/01/2020,24.46339468
1067,carrington,carrington/S2A_MSIL2A_20180715T235251_N0500_R130_T56HLJ_20230712T180527.npy,carrington/S5P_RPRO_L2__NO2____20180715.nc,15/07/2018,33.87239264
1068,carrington,carrington/S2A_MSIL2A_20230510T235231_N0509_R130_T56HLJ_20230511T023457.npy,carrington/S5P_OFFL_L2__NO2____20230510.nc,10/05/2023,20.6997955
1069,carrington,carrington/S2A_MSIL2A_20190720T235251_N0500_R130_T56HLJ_20230625T064035.npy,carrington/S5P_RPRO_L2__NO2____20190720.nc,20/07/2019,28.22699387
1070,carrington,carrington/S2B_MSIL2A_20211022T235249_N0500_R130_T56HLJ_20230108T091610.npy,carrington/S5P_OFFL_L2__NO2____20211022.nc,22/10/2021,9.408997955
1071,carrington,carrington/S2A_MSIL2A_20191018T235251_N0500_R130_T56HLJ_20230614T121835.npy,carrington/S5P_OFFL_L2__NO2____20191018.nc,18/10/2019,15.05439673
1072,carrington,carrington/S2A_MSIL2A_20190813T000241_N0500_R030_T56HLJ_20230507T195156.npy,carrington/S5P_OFFL_L2__NO2____20190813.nc,13/08/2019,31.99059305
1073,carrington,carrington/S2B_MSIL2A_20191017T000239_N0500_R030_T56HLJ_20230614T100839.npy,carrington/S5P_RPRO_L2__NO2____20191017.nc,17/10/2019,18.81799591
1074,carrington,carrington/S2B_MSIL2A_20201226T235239_N0500_R130_T56HLJ_20230306T014518.npy,carrington/S5P_OFFL_L2__NO2____20201226.nc,26/12/2020,1.881799591
1075,carrington,carrington/S2A_MSIL2A_20230209T235231_N0509_R130_T56HLJ_20230210T023752.npy,carrington/S5P_OFFL_L2__NO2____20230209.nc,9/02/2023,3.763599182
1076,carrington,carrington/S2A_MSIL2A_20190322T235241_N0500_R130_T56HLJ_20221122T163112.npy,carrington/S5P_OFFL_L2__NO2____20190322.nc,22/03/2019,7.527198364
1077,carrington,carrington/S2B_MSIL2A_20210525T235249_N0500_R130_T56HLJ_20230205T234802.npy,carrington/S5P_OFFL_L2__NO2____20210525.nc,25/05/2021,15.05439673
1078,carrington,carrington/S2B_MSIL2A_20210807T000239_N0500_R030_T56HLJ_20230116T231458.npy,carrington/S5P_OFFL_L2__NO2____20210807.nc,7/08/2021,15.05439673
1079,carrington,carrington/S2A_MSIL2A_20180615T235241_N0500_R130_T56HLJ_20230714T214812.npy,carrington/S5P_RPRO_L2__NO2____20180615.nc,15/06/2018,20.6997955
1080,carrington,carrington/S2A_MSIL2A_20210719T235251_N0500_R130_T56HLJ_20230123T014851.npy,carrington/S5P_RPRO_L2__NO2____20210719.nc,19/07/2021,26.34519427
1081,carrington,carrington/S2A_MSIL2A_20200405T235241_N0500_R130_T56HLJ_20230410T190033.npy,carrington/S5P_RPRO_L2__NO2____20200405.nc,5/04/2020,18.81799591
1082,carrington,carrington/S2A_MSIL2A_20230305T000221_N0509_R030_T56HLJ_20230305T024055.npy,carrington/S5P_OFFL_L2__NO2____20230305.nc,5/03/2023,3.763599182
1083,carrington,carrington/S2A_MSIL2A_20190902T000241_N0500_R030_T56HLJ_20230501T045615.npy,carrington/S5P_OFFL_L2__NO2____20190902.nc,2/09/2019,20.6997955
1084,carrington,carrington/S2B_MSIL2A_20191112T235249_N0500_R130_T56HLJ_20230611T072511.npy,carrington/S5P_RPRO_L2__NO2____20191112.nc,12/11/2019,18.81799591
1085,carrington,carrington/S2B_MSIL2A_20181018T235239_N0500_R130_T56HLJ_20230706T003121.npy,carrington/S5P_OFFL_L2__NO2____20181018.nc,18/10/2018,11.29079755
1086,carrington,carrington/S2A_MSIL2A_20220823T235241_N0400_R130_T56HLJ_20220824T023905.npy,carrington/S5P_OFFL_L2__NO2____20220823.nc,23/08/2022,26.34519427
1087,carrington,carrington/S2B_MSIL2A_20210515T235249_N0500_R130_T56HLJ_20230206T021615.npy,carrington/S5P_RPRO_L2__NO2____20210515.nc,15/05/2021,15.05439673
1088,carrington,carrington/S2A_MSIL2A_20190105T000241_N0500_R030_T56HLJ_20221217T125516.npy,carrington/S5P_OFFL_L2__NO2____20190105.nc,5/01/2019,9.408997955
1089,carrington,carrington/S2B_MSIL2A_20210204T235249_N0500_R130_T56HLJ_20231010T155528.npy,carrington/S5P_RPRO_L2__NO2____20210204.nc,4/02/2021,7.527198364
1090,carrington,carrington/S2B_MSIL2A_20191027T000239_N0500_R030_T56HLJ_20230704T192248.npy,carrington/S5P_RPRO_L2__NO2____20191027.nc,27/10/2019,5.645398773
1091,carrington,carrington/S2A_MSIL2A_20190714T000251_N0500_R030_T56HLJ_20230625T030649.npy,carrington/S5P_OFFL_L2__NO2____20190714.nc,14/07/2019,7.527198364
1092,carrington,carrington/S2B_MSIL2A_20180714T000239_N0500_R030_T56HLJ_20230712T203028.npy,carrington/S5P_RPRO_L2__NO2____20180714.nc,14/07/2018,30.10879346
1093,carrington,carrington/S2A_MSIL2A_20230504T000221_N0509_R030_T56HLJ_20230504T041857.npy,carrington/S5P_OFFL_L2__NO2____20230504.nc,4/05/2023,20.6997955
1094,carrington,carrington/S2A_MSIL2A_20190710T235251_N0500_R130_T56HLJ_20231010T052013.npy,carrington/S5P_RPRO_L2__NO2____20190710.nc,10/07/2019,30.10879346
1095,carrington,carrington/S2B_MSIL2A_20210125T235249_N0500_R130_T56HLJ_20230522T130036.npy,carrington/S5P_OFFL_L2__NO2____20210125.nc,25/01/2021,7.527198364
1096,carrington,carrington/S2A_MSIL2A_20201115T000241_N0500_R030_T56HLJ_20230303T170603.npy,carrington/S5P_OFFL_L2__NO2____20201115.nc,15/11/2020,16.93619632
1097,carrington,carrington/S2A_MSIL2A_20190525T000241_N0500_R030_T56HLJ_20221211T040646.npy,carrington/S5P_RPRO_L2__NO2____20190525.nc,25/05/2019,39.51779141
1098,carrington,carrington/S2A_MSIL2A_20180913T235241_N0500_R130_T56HLJ_20231010T110651.npy,carrington/S5P_RPRO_L2__NO2____20180913.nc,13/09/2018,3.763599182
1099,carrington,carrington/S2A_MSIL2A_20200618T000251_N0500_R030_T56HLJ_20230328T223603.npy,carrington/S5P_RPRO_L2__NO2____20200618.nc,18/06/2020,13.17259714
1100,carrington,carrington/S2A_MSIL2A_20210729T235251_N0500_R130_T56HLJ_20230308T172238.npy,carrington/S5P_OFFL_L2__NO2____20210729.nc,29/07/2021,22.58159509
1101,carrington,carrington/S2B_MSIL2A_20211002T235249_N0500_R130_T56HLJ_20231101T085301.npy,carrington/S5P_OFFL_L2__NO2____20211002.nc,2/10/2021,15.05439673
1102,carrington,carrington/S2A_MSIL2A_20181202T235241_N0500_R130_T56HLJ_20230809T010037.npy,carrington/S5P_OFFL_L2__NO2____20181202.nc,2/12/2018,15.05439673
1103,carrington,carrington/S2A_MSIL2A_20200916T000241_N0500_R030_T56HLJ_20230313T210727.npy,carrington/S5P_OFFL_L2__NO2____20200916.nc,16/09/2020,22.58159509
1104,mayfield,mayfield/S2B_MSIL2A_20220420T235239_N0400_R130_T56HLJ_20220421T021857.npy,mayfield/S5P_OFFL_L2__NO2____20220420.nc,20/04/2022,16.93619632
1105,mayfield,mayfield/S2B_MSIL2A_20210906T000239_N0500_R030_T56HLJ_20230118T212701.npy,mayfield/S5P_RPRO_L2__NO2____20210906.nc,6/09/2021,11.29079755
1106,mayfield,mayfield/S2B_MSIL2A_20200603T000239_N0500_R030_T56HLJ_20230326T112817.npy,mayfield/S5P_RPRO_L2__NO2____20200603.nc,3/06/2020,18.81799591
1107,mayfield,mayfield/S2B_MSIL2A_20230409T000229_N0509_R030_T56HLJ_20230409T013526.npy,mayfield/S5P_OFFL_L2__NO2____20230409.nc,9/04/2023,5.645398773
1108,mayfield,mayfield/S2B_MSIL2A_20181111T000239_N0500_R030_T56HLJ_20230703T092922.npy,mayfield/S5P_OFFL_L2__NO2____20181111.nc,11/11/2018,7.527198364
1109,mayfield,mayfield/S2A_MSIL2A_20180709T000241_N0500_R030_T56HLJ_20230713T200747.npy,mayfield/S5P_RPRO_L2__NO2____20180709.nc,9/07/2018,16.93619632
1110,mayfield,mayfield/S2A_MSIL2A_20180709T000241_N0500_R030_T56HLJ_20230713T200747.npy,mayfield/S5P_OFFL_L2__NO2____20180709.nc,9/07/2018,16.93619632
1111,mayfield,mayfield/S2A_MSIL2A_20220529T000251_N0400_R030_T56HLJ_20220529T030818.npy,mayfield/S5P_RPRO_L2__NO2____20220529.nc,29/05/2022,13.17259714
1112,mayfield,mayfield/S2B_MSIL2A_20200210T235239_N0500_R130_T56HLJ_20230412T163005.npy,mayfield/S5P_RPRO_L2__NO2____20200210.nc,10/02/2020,16.93619632
1113,mayfield,mayfield/S2A_MSIL2A_20200219T000231_N0500_R030_T56HLJ_20230426T140854.npy,mayfield/S5P_OFFL_L2__NO2____20200219.nc,19/02/2020,15.05439673
1114,mayfield,mayfield/S2A_MSIL2A_20191022T000241_N0500_R030_T56HLJ_20230615T223717.npy,mayfield/S5P_OFFL_L2__NO2____20191022.nc,22/10/2019,15.05439673
1115,mayfield,mayfield/S2B_MSIL2A_20210419T000239_N0500_R030_T56HLJ_20230513T132818.npy,mayfield/S5P_RPRO_L2__NO2____20210419.nc,19/04/2021,22.58159509
1116,mayfield,mayfield/S2B_MSIL2A_20181201T000239_N0500_R030_T56HLJ_20230622T053914.npy,mayfield/S5P_OFFL_L2__NO2____20181201.nc,1/12/2018,9.408997955
1117,mayfield,mayfield/S2A_MSIL2A_20190819T235251_N0500_R130_T56HLJ_20230513T104914.npy,mayfield/S5P_OFFL_L2__NO2____20190819.nc,19/08/2019,3.763599182
1118,mayfield,mayfield/S2B_MSIL2A_20210803T235249_N0500_R130_T56HLJ_20230116T045610.npy,mayfield/S5P_OFFL_L2__NO2____20210803.nc,3/08/2021,13.17259714
1119,mayfield,mayfield/S2A_MSIL2A_20200803T235251_N0500_R130_T56HLJ_20230320T053401.npy,mayfield/S5P_OFFL_L2__NO2____20200803.nc,3/08/2020,30.10879346
1120,mayfield,mayfield/S2A_MSIL2A_20180725T235251_N0500_R130_T56HLJ_20230720T061427.npy,mayfield/S5P_RPRO_L2__NO2____20180725.nc,25/07/2018,28.22699387
1121,mayfield,mayfield/S2A_MSIL2A_20180725T235251_N0500_R130_T56HLJ_20230720T061427.npy,mayfield/S5P_OFFL_L2__NO2____20180725.nc,25/07/2018,28.22699387
1122,mayfield,mayfield/S2A_MSIL2A_20181122T235241_N0500_R130_T56HLJ_20230703T045757.npy,mayfield/S5P_RPRO_L2__NO2____20181122.nc,22/11/2018,1.881799591
1123,mayfield,mayfield/S2A_MSIL2A_20210802T000241_N0500_R030_T56HLJ_20230116T111806.npy,mayfield/S5P_RPRO_L2__NO2____20210802.nc,2/08/2021,13.17259714
1124,mayfield,mayfield/S2B_MSIL2A_20190923T235249_N0500_R130_T56HLJ_20230503T073737.npy,mayfield/S5P_RPRO_L2__NO2____20190923.nc,23/09/2019,13.17259714
1125,mayfield,mayfield/S2B_MSIL2A_20191017T000239_N0500_R030_T56HLJ_20230614T100839.npy,mayfield/S5P_OFFL_L2__NO2____20191017.nc,17/10/2019,11.29079755
1126,mayfield,mayfield/S2A_MSIL2A_20230209T235231_N0509_R130_T56HLJ_20230210T023752.npy,mayfield/S5P_OFFL_L2__NO2____20230209.nc,9/02/2023,5.645398773
1127,mayfield,mayfield/S2A_MSIL2A_20210414T000231_N0500_R030_T56HLJ_20230514T025658.npy,mayfield/S5P_RPRO_L2__NO2____20210414.nc,14/04/2021,28.22699387
1128,mayfield,mayfield/S2A_MSIL2A_20220419T000241_N0400_R030_T56HLJ_20220419T021414.npy,mayfield/S5P_OFFL_L2__NO2____20220419.nc,19/04/2022,13.17259714
1129,mayfield,mayfield/S2A_MSIL2A_20180506T235251_N0500_R130_T56HLJ_20231101T191847.npy,mayfield/S5P_RPRO_L2__NO2____20180506.nc,6/05/2018,30.10879346
1130,mayfield,mayfield/S2A_MSIL2A_20190302T235241_N0500_R130_T56HLJ_20221119T222505.npy,mayfield/S5P_RPRO_L2__NO2____20190302.nc,2/03/2019,3.763599182
1131,mayfield,mayfield/S2B_MSIL2A_20180809T235239_N0500_R130_T56HLJ_20230814T041243.npy,mayfield/S5P_RPRO_L2__NO2____20180809.nc,9/08/2018,35.75419223
1132,mayfield,mayfield/S2A_MSIL2A_20190610T235251_N0500_R130_T56HLJ_20230605T123649.npy,mayfield/S5P_OFFL_L2__NO2____20190610.nc,10/06/2019,22.58159509
1133,mayfield,mayfield/S2A_MSIL2A_20190425T000241_N0500_R030_T56HLJ_20221101T182000.npy,mayfield/S5P_RPRO_L2__NO2____20190425.nc,25/04/2019,20.6997955
1134,mayfield,mayfield/S2B_MSIL2A_20191027T000239_N0500_R030_T56HLJ_20230704T192248.npy,mayfield/S5P_RPRO_L2__NO2____20191027.nc,27/10/2019,5.645398773
1135,mayfield,mayfield/S2B_MSIL2A_20190907T000239_N0500_R030_T56HLJ_20230502T114324.npy,mayfield/S5P_RPRO_L2__NO2____20190907.nc,7/09/2019,0
1136,mayfield,mayfield/S2B_MSIL2A_20230509T000229_N0509_R030_T56HLJ_20230509T012929.npy,mayfield/S5P_OFFL_L2__NO2____20230509.nc,9/05/2023,20.6997955
1137,mayfield,mayfield/S2B_MSIL2A_20190818T000249_N0500_R030_T56HLJ_20230507T001953.npy,mayfield/S5P_OFFL_L2__NO2____20190818.nc,18/08/2019,9.408997955
1138,mayfield,mayfield/S2A_MSIL2A_20200614T235251_N0500_R130_T56HLJ_20230402T213918.npy,mayfield/S5P_RPRO_L2__NO2____20200614.nc,14/06/2020,18.81799591
1139,mayfield,mayfield/S2A_MSIL2A_20190803T000251_N0500_R030_T56HLJ_20230504T120401.npy,mayfield/S5P_OFFL_L2__NO2____20190803.nc,3/08/2019,20.6997955
1140,mayfield,mayfield/S2A_MSIL2A_20190710T235251_N0500_R130_T56HLJ_20231010T052013.npy,mayfield/S5P_OFFL_L2__NO2____20190710.nc,10/07/2019,20.6997955
1141,mayfield,mayfield/S2B_MSIL2A_20210125T235249_N0500_R130_T56HLJ_20230522T130036.npy,mayfield/S5P_RPRO_L2__NO2____20210125.nc,25/01/2021,5.645398773
1142,mayfield,mayfield/S2B_MSIL2A_20180624T000239_N0500_R030_T56HLJ_20230803T094100.npy,mayfield/S5P_RPRO_L2__NO2____20180624.nc,24/06/2018,15.05439673
1143,mayfield,mayfield/S2B_MSIL2A_20210718T000239_N0500_R030_T56HLJ_20230123T064218.npy,mayfield/S5P_RPRO_L2__NO2____20210718.nc,18/07/2021,13.17259714
1144,mayfield,mayfield/S2A_MSIL2A_20200618T000251_N0500_R030_T56HLJ_20230328T223603.npy,mayfield/S5P_OFFL_L2__NO2____20200618.nc,18/06/2020,20.6997955
1145,mayfield,mayfield/S2B_MSIL2A_20230330T000229_N0509_R030_T56HLJ_20230330T014225.npy,mayfield/S5P_OFFL_L2__NO2____20230330.nc,30/03/2023,15.05439673
1146,mayfield,mayfield/S2B_MSIL2A_20220530T235249_N0400_R130_T56HLJ_20220531T012325.npy,mayfield/S5P_OFFL_L2__NO2____20220530.nc,30/05/2022,16.93619632
1147,mayfield,mayfield/S2B_MSIL2A_20200623T000239_N0500_R030_T56HLJ_20230401T125307.npy,mayfield/S5P_OFFL_L2__NO2____20200623.nc,23/06/2020,16.93619632
1148,mayfield,mayfield/S2B_MSIL2A_20190609T000249_N0500_R030_T56HLJ_20230605T142227.npy,mayfield/S5P_OFFL_L2__NO2____20190609.nc,9/06/2019,22.58159509
1149,mayfield,mayfield/S2A_MSIL2A_20191121T000241_N0500_R030_T56HLJ_20230611T234025.npy,mayfield/S5P_RPRO_L2__NO2____20191121.nc,21/11/2019,7.527198364
1150,stockton,stockton/S2B_MSIL2A_20210704T235249_N0500_R130_T56HLJ_20230308T164813.npy,stockton/S5P_RPRO_L2__NO2____20210704.nc,4/07/2021,28.22699387
1151,stockton,stockton/S2B_MSIL2A_20210704T235249_N0500_R130_T56HLJ_20230308T164813.npy,stockton/S5P_OFFL_L2__NO2____20210704.nc,4/07/2021,28.22699387
1152,beresfield,beresfield/S2B_MSIL2A_20220420T235239_N0400_R130_T56HLJ_20220421T021857.npy,beresfield/S5P_RPRO_L2__NO2____20220420.nc,20/04/2022,13.17259714
1153,beresfield,beresfield/S2A_MSIL2A_20200823T235251_N0500_R130_T56HLJ_20230318T183929.npy,beresfield/S5P_OFFL_L2__NO2____20200823.nc,23/08/2020,7.527198364
1154,beresfield,beresfield/S2B_MSIL2A_20200603T000239_N0500_R030_T56HLJ_20230326T112817.npy,beresfield/S5P_RPRO_L2__NO2____20200603.nc,3/06/2020,20.6997955
1155,beresfield,beresfield/S2B_MSIL2A_20230409T000229_N0509_R030_T56HLJ_20230409T013526.npy,beresfield/S5P_OFFL_L2__NO2____20230409.nc,9/04/2023,5.645398773
1156,beresfield,beresfield/S2A_MSIL2A_20201012T235251_N0500_R130_T56HLJ_20230307T072141.npy,beresfield/S5P_OFFL_L2__NO2____20201012.nc,12/10/2020,15.05439673
1157,beresfield,beresfield/S2A_MSIL2A_20220529T000251_N0400_R030_T56HLJ_20220529T030818.npy,beresfield/S5P_RPRO_L2__NO2____20220529.nc,29/05/2022,15.05439673
1158,beresfield,beresfield/S2A_MSIL2A_20200219T000231_N0500_R030_T56HLJ_20230426T140854.npy,beresfield/S5P_RPRO_L2__NO2____20200219.nc,19/02/2020,13.17259714
1159,beresfield,beresfield/S2A_MSIL2A_20191022T000241_N0500_R030_T56HLJ_20230615T223717.npy,beresfield/S5P_OFFL_L2__NO2____20191022.nc,22/10/2019,13.17259714
1160,beresfield,beresfield/S2B_MSIL2A_20210419T000239_N0500_R030_T56HLJ_20230513T132818.npy,beresfield/S5P_RPRO_L2__NO2____20210419.nc,19/04/2021,22.58159509
1161,beresfield,beresfield/S2B_MSIL2A_20200818T235249_N0500_R130_T56HLJ_20230319T052310.npy,beresfield/S5P_RPRO_L2__NO2____20200818.nc,18/08/2020,16.93619632
1162,beresfield,beresfield/S2B_MSIL2A_20180928T235239_N0500_R130_T56HLJ_20230710T035040.npy,beresfield/S5P_RPRO_L2__NO2____20180928.nc,28/09/2018,15.05439673
1163,beresfield,beresfield/S2A_MSIL2A_20230410T235231_N0509_R130_T56HLJ_20230411T023352.npy,beresfield/S5P_OFFL_L2__NO2____20230410.nc,10/04/2023,11.29079755
1164,beresfield,beresfield/S2A_MSIL2A_20210613T000241_N0500_R030_T56HLJ_20230201T040303.npy,beresfield/S5P_OFFL_L2__NO2____20210613.nc,13/06/2021,16.93619632
1165,beresfield,beresfield/S2B_MSIL2A_20210803T235249_N0500_R130_T56HLJ_20230116T045610.npy,beresfield/S5P_RPRO_L2__NO2____20210803.nc,3/08/2021,15.05439673
1166,beresfield,beresfield/S2A_MSIL2A_20230609T235231_N0509_R130_T56HLJ_20230610T032946.npy,beresfield/S5P_OFFL_L2__NO2____20230609.nc,9/06/2023,20.6997955
1167,beresfield,beresfield/S2A_MSIL2A_20200803T235251_N0500_R130_T56HLJ_20230320T053401.npy,beresfield/S5P_RPRO_L2__NO2____20200803.nc,3/08/2020,28.22699387
1168,beresfield,beresfield/S2A_MSIL2A_20210911T000241_N0500_R030_T56HLJ_20230114T151656.npy,beresfield/S5P_RPRO_L2__NO2____20210911.nc,11/09/2021,18.81799591
1169,beresfield,beresfield/S2A_MSIL2A_20210911T000241_N0500_R030_T56HLJ_20230114T151656.npy,beresfield/S5P_OFFL_L2__NO2____20210911.nc,11/09/2021,18.81799591
1170,beresfield,beresfield/S2A_MSIL2A_20180715T235251_N0500_R130_T56HLJ_20230712T180527.npy,beresfield/S5P_OFFL_L2__NO2____20180715.nc,15/07/2018,31.99059305
1171,beresfield,beresfield/S2A_MSIL2A_20190813T000241_N0500_R030_T56HLJ_20230507T195156.npy,beresfield/S5P_OFFL_L2__NO2____20190813.nc,13/08/2019,28.22699387
1172,beresfield,beresfield/S2B_MSIL2A_20191017T000239_N0500_R030_T56HLJ_20230614T100839.npy,beresfield/S5P_RPRO_L2__NO2____20191017.nc,17/10/2019,7.527198364
1173,beresfield,beresfield/S2B_MSIL2A_20201226T235239_N0500_R130_T56HLJ_20230306T014518.npy,beresfield/S5P_OFFL_L2__NO2____20201226.nc,26/12/2020,0
1174,beresfield,beresfield/S2A_MSIL2A_20230209T235231_N0509_R130_T56HLJ_20230210T023752.npy,beresfield/S5P_OFFL_L2__NO2____20230209.nc,9/02/2023,5.645398773
1175,beresfield,beresfield/S2A_MSIL2A_20190322T235241_N0500_R130_T56HLJ_20221122T163112.npy,beresfield/S5P_RPRO_L2__NO2____20190322.nc,22/03/2019,7.527198364
1176,beresfield,beresfield/S2B_MSIL2A_20230529T000229_N0509_R030_T56HLJ_20230529T013045.npy,beresfield/S5P_OFFL_L2__NO2____20230529.nc,29/05/2023,18.81799591
1177,beresfield,beresfield/S2A_MSIL2A_20180615T235241_N0500_R130_T56HLJ_20230714T214812.npy,beresfield/S5P_RPRO_L2__NO2____20180615.nc,15/06/2018,20.6997955
1178,beresfield,beresfield/S2B_MSIL2A_20191003T235249_N0500_R130_T56HLJ_20230613T134844.npy,beresfield/S5P_RPRO_L2__NO2____20191003.nc,3/10/2019,24.46339468
1179,beresfield,beresfield/S2A_MSIL2A_20220419T000241_N0400_R030_T56HLJ_20220419T021414.npy,beresfield/S5P_RPRO_L2__NO2____20220419.nc,19/04/2022,9.408997955
1180,beresfield,beresfield/S2B_MSIL2A_20191106T000239_N0500_R030_T56HLJ_20230704T225531.npy,beresfield/S5P_OFFL_L2__NO2____20191106.nc,6/11/2019,18.81799591
1181,beresfield,beresfield/S2B_MSIL2A_20180505T000239_N0500_R030_T56HLJ_20230718T145427.npy,beresfield/S5P_RPRO_L2__NO2____20180505.nc,5/05/2018,26.34519427
1182,beresfield,beresfield/S2A_MSIL2A_20230331T235231_N0509_R130_T56HLJ_20230401T024759.npy,beresfield/S5P_OFFL_L2__NO2____20230331.nc,31/03/2023,15.05439673
1183,beresfield,beresfield/S2A_MSIL2A_20180520T000241_N0500_R030_T56HLJ_20230913T075554.npy,beresfield/S5P_RPRO_L2__NO2____20180520.nc,20/05/2018,28.22699387
1184,beresfield,beresfield/S2B_MSIL2A_20210204T235249_N0500_R130_T56HLJ_20231010T155528.npy,beresfield/S5P_RPRO_L2__NO2____20210204.nc,4/02/2021,9.408997955
1185,beresfield,beresfield/S2A_MSIL2A_20190714T000251_N0500_R030_T56HLJ_20230625T030649.npy,beresfield/S5P_RPRO_L2__NO2____20190714.nc,14/07/2019,16.93619632
1186,beresfield,beresfield/S2B_MSIL2A_20180714T000239_N0500_R030_T56HLJ_20230712T203028.npy,beresfield/S5P_RPRO_L2__NO2____20180714.nc,14/07/2018,28.22699387
1187,beresfield,beresfield/S2B_MSIL2A_20190907T000239_N0500_R030_T56HLJ_20230502T114324.npy,beresfield/S5P_RPRO_L2__NO2____20190907.nc,7/09/2019,3.763599182
1188,beresfield,beresfield/S2A_MSIL2A_20190204T000241_N0500_R030_T56HLJ_20221206T164457.npy,beresfield/S5P_RPRO_L2__NO2____20190204.nc,4/02/2019,11.29079755
1189,beresfield,beresfield/S2A_MSIL2A_20210927T235251_N0500_R130_T56HLJ_20230115T154755.npy,beresfield/S5P_RPRO_L2__NO2____20210927.nc,27/09/2021,11.29079755
1190,beresfield,beresfield/S2B_MSIL2A_20210813T235249_N0500_R130_T56HLJ_20230119T023539.npy,beresfield/S5P_RPRO_L2__NO2____20210813.nc,13/08/2021,22.58159509
1191,beresfield,beresfield/S2A_MSIL2A_20200614T235251_N0500_R130_T56HLJ_20230402T213918.npy,beresfield/S5P_RPRO_L2__NO2____20200614.nc,14/06/2020,11.29079755
1192,beresfield,beresfield/S2B_MSIL2A_20210718T000239_N0500_R030_T56HLJ_20230123T064218.npy,beresfield/S5P_RPRO_L2__NO2____20210718.nc,18/07/2021,15.05439673
1193,beresfield,beresfield/S2A_MSIL2A_20180913T235241_N0500_R130_T56HLJ_20231010T110651.npy,beresfield/S5P_RPRO_L2__NO2____20180913.nc,13/09/2018,13.17259714
1194,beresfield,beresfield/S2A_MSIL2A_20200618T000251_N0500_R030_T56HLJ_20230328T223603.npy,beresfield/S5P_OFFL_L2__NO2____20200618.nc,18/06/2020,20.6997955
1195,beresfield,beresfield/S2B_MSIL2A_20230330T000229_N0509_R030_T56HLJ_20230330T014225.npy,beresfield/S5P_OFFL_L2__NO2____20230330.nc,30/03/2023,15.05439673
1196,beresfield,beresfield/S2A_MSIL2A_20191127T235241_N0500_R130_T56HLJ_20231009T231150.npy,beresfield/S5P_OFFL_L2__NO2____20191127.nc,27/11/2019,11.29079755
1197,beresfield,beresfield/S2B_MSIL2A_20200623T000239_N0500_R030_T56HLJ_20230401T125307.npy,beresfield/S5P_OFFL_L2__NO2____20200623.nc,23/06/2020,16.93619632
1198,beresfield,beresfield/S2A_MSIL2A_20181202T235241_N0500_R130_T56HLJ_20230809T010037.npy,beresfield/S5P_OFFL_L2__NO2____20181202.nc,2/12/2018,9.408997955
1199,newcastle,newcastle/S2A_MSIL2A_20200110T000231_N0500_R030_T56HLJ_20230427T182712.npy,newcastle/S5P_RPRO_L2__NO2____20200110.nc,10/01/2020,7.527198364
1200,newcastle,newcastle/S2A_MSIL2A_20200823T235251_N0500_R130_T56HLJ_20230318T183929.npy,newcastle/S5P_RPRO_L2__NO2____20200823.nc,23/08/2020,1.881799591
1201,newcastle,newcastle/S2B_MSIL2A_20200603T000239_N0500_R030_T56HLJ_20230326T112817.npy,newcastle/S5P_OFFL_L2__NO2____20200603.nc,3/06/2020,5.645398773
1202,newcastle,newcastle/S2B_MSIL2A_20230409T000229_N0509_R030_T56HLJ_20230409T013526.npy,newcastle/S5P_OFFL_L2__NO2____20230409.nc,9/04/2023,1.881799591
1203,newcastle,newcastle/S2A_MSIL2A_20220529T000251_N0400_R030_T56HLJ_20220529T030818.npy,newcastle/S5P_RPRO_L2__NO2____20220529.nc,29/05/2022,9.408997955
1204,newcastle,newcastle/S2B_MSIL2A_20200210T235239_N0500_R130_T56HLJ_20230412T163005.npy,newcastle/S5P_OFFL_L2__NO2____20200210.nc,10/02/2020,7.527198364
1205,newcastle,newcastle/S2A_MSIL2A_20191022T000241_N0500_R030_T56HLJ_20230615T223717.npy,newcastle/S5P_RPRO_L2__NO2____20191022.nc,22/10/2019,13.17259714
1206,newcastle,newcastle/S2B_MSIL2A_20210419T000239_N0500_R030_T56HLJ_20230513T132818.npy,newcastle/S5P_OFFL_L2__NO2____20210419.nc,19/04/2021,20.6997955
1207,newcastle,newcastle/S2A_MSIL2A_20180818T000241_N0500_R030_T56HLJ_20230628T134648.npy,newcastle/S5P_RPRO_L2__NO2____20180818.nc,18/08/2018,18.81799591
1208,newcastle,newcastle/S2A_MSIL2A_20230410T235231_N0509_R130_T56HLJ_20230411T023352.npy,newcastle/S5P_OFFL_L2__NO2____20230410.nc,10/04/2023,5.645398773
1209,newcastle,newcastle/S2B_MSIL2A_20181201T000239_N0500_R030_T56HLJ_20230622T053914.npy,newcastle/S5P_RPRO_L2__NO2____20181201.nc,1/12/2018,7.527198364
1210,newcastle,newcastle/S2A_MSIL2A_20190819T235251_N0500_R130_T56HLJ_20230513T104914.npy,newcastle/S5P_RPRO_L2__NO2____20190819.nc,19/08/2019,5.645398773
1211,newcastle,newcastle/S2B_MSIL2A_20210803T235249_N0500_R130_T56HLJ_20230116T045610.npy,newcastle/S5P_OFFL_L2__NO2____20210803.nc,3/08/2021,16.93619632
1212,newcastle,newcastle/S2A_MSIL2A_20230609T235231_N0509_R130_T56HLJ_20230610T032946.npy,newcastle/S5P_OFFL_L2__NO2____20230609.nc,9/06/2023,15.05439673
1213,newcastle,newcastle/S2A_MSIL2A_20200803T235251_N0500_R130_T56HLJ_20230320T053401.npy,newcastle/S5P_OFFL_L2__NO2____20200803.nc,3/08/2020,28.22699387
1214,newcastle,newcastle/S2A_MSIL2A_20210911T000241_N0500_R030_T56HLJ_20230114T151656.npy,newcastle/S5P_OFFL_L2__NO2____20210911.nc,11/09/2021,18.81799591
1215,newcastle,newcastle/S2A_MSIL2A_20180725T235251_N0500_R130_T56HLJ_20230720T061427.npy,newcastle/S5P_RPRO_L2__NO2____20180725.nc,25/07/2018,33.87239264
1216,newcastle,newcastle/S2A_MSIL2A_20180725T235251_N0500_R130_T56HLJ_20230720T061427.npy,newcastle/S5P_OFFL_L2__NO2____20180725.nc,25/07/2018,33.87239264
1217,newcastle,newcastle/S2A_MSIL2A_20200922T235251_N0500_R130_T56HLJ_20230312T231054.npy,newcastle/S5P_RPRO_L2__NO2____20200922.nc,22/09/2020,5.645398773
1218,newcastle,newcastle/S2A_MSIL2A_20230510T235231_N0509_R130_T56HLJ_20230511T023457.npy,newcastle/S5P_OFFL_L2__NO2____20230510.nc,10/05/2023,9.408997955
1219,newcastle,newcastle/S2B_MSIL2A_20190923T235249_N0500_R130_T56HLJ_20230503T073737.npy,newcastle/S5P_RPRO_L2__NO2____20190923.nc,23/09/2019,9.408997955
1220,newcastle,newcastle/S2A_MSIL2A_20190813T000241_N0500_R030_T56HLJ_20230507T195156.npy,newcastle/S5P_OFFL_L2__NO2____20190813.nc,13/08/2019,30.10879346
1221,newcastle,newcastle/S2B_MSIL2A_20201226T235239_N0500_R130_T56HLJ_20230306T014518.npy,newcastle/S5P_RPRO_L2__NO2____20201226.nc,26/12/2020,0
1222,newcastle,newcastle/S2A_MSIL2A_20230209T235231_N0509_R130_T56HLJ_20230210T023752.npy,newcastle/S5P_OFFL_L2__NO2____20230209.nc,9/02/2023,1.881799591
1223,newcastle,newcastle/S2B_MSIL2A_20191106T000239_N0500_R030_T56HLJ_20230704T225531.npy,newcastle/S5P_RPRO_L2__NO2____20191106.nc,6/11/2019,24.46339468
1224,newcastle,newcastle/S2A_MSIL2A_20230305T000221_N0509_R030_T56HLJ_20230305T024055.npy,newcastle/S5P_OFFL_L2__NO2____20230305.nc,5/03/2023,5.645398773
1225,newcastle,newcastle/S2A_MSIL2A_20180506T235251_N0500_R130_T56HLJ_20231101T191847.npy,newcastle/S5P_RPRO_L2__NO2____20180506.nc,6/05/2018,22.58159509
1226,newcastle,newcastle/S2B_MSIL2A_20180809T235239_N0500_R130_T56HLJ_20230814T041243.npy,newcastle/S5P_RPRO_L2__NO2____20180809.nc,9/08/2018,26.34519427
1227,newcastle,newcastle/S2B_MSIL2A_20210204T235249_N0500_R130_T56HLJ_20231010T155528.npy,newcastle/S5P_RPRO_L2__NO2____20210204.nc,4/02/2021,1.881799591
1228,newcastle,newcastle/S2B_MSIL2A_20190907T000239_N0500_R030_T56HLJ_20230502T114324.npy,newcastle/S5P_OFFL_L2__NO2____20190907.nc,7/09/2019,3.763599182
1229,newcastle,newcastle/S2A_MSIL2A_20190204T000241_N0500_R030_T56HLJ_20221206T164457.npy,newcastle/S5P_OFFL_L2__NO2____20190204.nc,4/02/2019,9.408997955
1230,newcastle,newcastle/S2B_MSIL2A_20210813T235249_N0500_R130_T56HLJ_20230119T023539.npy,newcastle/S5P_RPRO_L2__NO2____20210813.nc,13/08/2021,22.58159509
1231,newcastle,newcastle/S2A_MSIL2A_20200614T235251_N0500_R130_T56HLJ_20230402T213918.npy,newcastle/S5P_OFFL_L2__NO2____20200614.nc,14/06/2020,16.93619632
1232,newcastle,newcastle/S2B_MSIL2A_20210125T235249_N0500_R130_T56HLJ_20230522T130036.npy,newcastle/S5P_OFFL_L2__NO2____20210125.nc,25/01/2021,5.645398773
1233,newcastle,newcastle/S2B_MSIL2A_20210718T000239_N0500_R030_T56HLJ_20230123T064218.npy,newcastle/S5P_OFFL_L2__NO2____20210718.nc,18/07/2021,13.17259714
1234,newcastle,newcastle/S2A_MSIL2A_20200618T000251_N0500_R030_T56HLJ_20230328T223603.npy,newcastle/S5P_OFFL_L2__NO2____20200618.nc,18/06/2020,5.645398773
1235,newcastle,newcastle/S2B_MSIL2A_20230330T000229_N0509_R030_T56HLJ_20230330T014225.npy,newcastle/S5P_OFFL_L2__NO2____20230330.nc,30/03/2023,7.527198364
1236,newcastle,newcastle/S2A_MSIL2A_20181216T000231_N0500_R030_T56HLJ_20230629T223105.npy,newcastle/S5P_OFFL_L2__NO2____20181216.nc,16/12/2018,9.408997955
1237,wallsend,wallsend/S2A_MSIL2A_20200110T000231_N0500_R030_T56HLJ_20230427T182712.npy,wallsend/S5P_OFFL_L2__NO2____20200110.nc,10/01/2020,7.527198364
1238,wallsend,wallsend/S2A_MSIL2A_20200823T235251_N0500_R130_T56HLJ_20230318T183929.npy,wallsend/S5P_RPRO_L2__NO2____20200823.nc,23/08/2020,3.763599182
1239,wallsend,wallsend/S2B_MSIL2A_20200603T000239_N0500_R030_T56HLJ_20230326T112817.npy,wallsend/S5P_OFFL_L2__NO2____20200603.nc,3/06/2020,13.17259714
1240,wallsend,wallsend/S2B_MSIL2A_20181111T000239_N0500_R030_T56HLJ_20230703T092922.npy,wallsend/S5P_OFFL_L2__NO2____20181111.nc,11/11/2018,7.527198364
1241,wallsend,wallsend/S2A_MSIL2A_20180709T000241_N0500_R030_T56HLJ_20230713T200747.npy,wallsend/S5P_RPRO_L2__NO2____20180709.nc,9/07/2018,22.58159509
1242,wallsend,wallsend/S2A_MSIL2A_20180709T000241_N0500_R030_T56HLJ_20230713T200747.npy,wallsend/S5P_OFFL_L2__NO2____20180709.nc,9/07/2018,22.58159509
1243,wallsend,wallsend/S2B_MSIL2A_20220410T235239_N0400_R130_T56HLJ_20220411T020918.npy,wallsend/S5P_RPRO_L2__NO2____20220410.nc,10/04/2022,7.527198364
1244,wallsend,wallsend/S2A_MSIL2A_20220529T000251_N0400_R030_T56HLJ_20220529T030818.npy,wallsend/S5P_RPRO_L2__NO2____20220529.nc,29/05/2022,11.29079755
1245,wallsend,wallsend/S2B_MSIL2A_20200210T235239_N0500_R130_T56HLJ_20230412T163005.npy,wallsend/S5P_OFFL_L2__NO2____20200210.nc,10/02/2020,11.29079755
1246,wallsend,wallsend/S2A_MSIL2A_20191022T000241_N0500_R030_T56HLJ_20230615T223717.npy,wallsend/S5P_RPRO_L2__NO2____20191022.nc,22/10/2019,15.05439673
1247,wallsend,wallsend/S2B_MSIL2A_20210419T000239_N0500_R030_T56HLJ_20230513T132818.npy,wallsend/S5P_RPRO_L2__NO2____20210419.nc,19/04/2021,16.93619632
1248,wallsend,wallsend/S2A_MSIL2A_20180516T235331_N0500_R130_T56HLJ_20230716T223933.npy,wallsend/S5P_RPRO_L2__NO2____20180516.nc,16/05/2018,16.93619632
1249,wallsend,wallsend/S2A_MSIL2A_20230410T235231_N0509_R130_T56HLJ_20230411T023352.npy,wallsend/S5P_OFFL_L2__NO2____20230410.nc,10/04/2023,1.881799591
1250,wallsend,wallsend/S2B_MSIL2A_20181201T000239_N0500_R030_T56HLJ_20230622T053914.npy,wallsend/S5P_OFFL_L2__NO2____20181201.nc,1/12/2018,9.408997955
1251,wallsend,wallsend/S2A_MSIL2A_20210822T000241_N0500_R030_T56HLJ_20230120T094129.npy,wallsend/S5P_RPRO_L2__NO2____20210822.nc,22/08/2021,13.17259714
1252,wallsend,wallsend/S2B_MSIL2A_20180521T235239_N0500_R130_T56HLJ_20230716T161505.npy,wallsend/S5P_RPRO_L2__NO2____20180521.nc,21/05/2018,16.93619632
1253,wallsend,wallsend/S2A_MSIL2A_20210613T000241_N0500_R030_T56HLJ_20230201T040303.npy,wallsend/S5P_OFFL_L2__NO2____20210613.nc,13/06/2021,7.527198364
1254,wallsend,wallsend/S2A_MSIL2A_20191221T000231_N0500_R030_T56HLJ_20230607T123434.npy,wallsend/S5P_OFFL_L2__NO2____20191221.nc,21/12/2019,13.17259714
1255,wallsend,wallsend/S2B_MSIL2A_20210803T235249_N0500_R130_T56HLJ_20230116T045610.npy,wallsend/S5P_OFFL_L2__NO2____20210803.nc,3/08/2021,9.408997955
1256,wallsend,wallsend/S2A_MSIL2A_20191107T235251_N0500_R130_T56HLJ_20230610T220239.npy,wallsend/S5P_RPRO_L2__NO2____20191107.nc,7/11/2019,16.93619632
1257,wallsend,wallsend/S2A_MSIL2A_20180804T235251_N0500_R130_T56HLJ_20230710T124642.npy,wallsend/S5P_RPRO_L2__NO2____20180804.nc,4/08/2018,11.29079755
1258,wallsend,wallsend/S2A_MSIL2A_20210911T000241_N0500_R030_T56HLJ_20230114T151656.npy,wallsend/S5P_RPRO_L2__NO2____20210911.nc,11/09/2021,15.05439673
1259,wallsend,wallsend/S2A_MSIL2A_20210911T000241_N0500_R030_T56HLJ_20230114T151656.npy,wallsend/S5P_OFFL_L2__NO2____20210911.nc,11/09/2021,15.05439673
1260,wallsend,wallsend/S2A_MSIL2A_20200922T235251_N0500_R130_T56HLJ_20230312T231054.npy,wallsend/S5P_RPRO_L2__NO2____20200922.nc,22/09/2020,7.527198364
1261,wallsend,wallsend/S2A_MSIL2A_20230510T235231_N0509_R130_T56HLJ_20230511T023457.npy,wallsend/S5P_OFFL_L2__NO2____20230510.nc,10/05/2023,22.58159509
1262,wallsend,wallsend/S2A_MSIL2A_20210802T000241_N0500_R030_T56HLJ_20230116T111806.npy,wallsend/S5P_RPRO_L2__NO2____20210802.nc,2/08/2021,9.408997955
1263,wallsend,wallsend/S2A_MSIL2A_20230209T235231_N0509_R130_T56HLJ_20230210T023752.npy,wallsend/S5P_OFFL_L2__NO2____20230209.nc,9/02/2023,3.763599182
1264,wallsend,wallsend/S2B_MSIL2A_20210326T235249_N0500_R130_T56HLJ_20230519T203620.npy,wallsend/S5P_OFFL_L2__NO2____20210326.nc,26/03/2021,13.17259714
1265,wallsend,wallsend/S2B_MSIL2A_20190619T000249_N0500_R030_T56HLJ_20230707T083046.npy,wallsend/S5P_RPRO_L2__NO2____20190619.nc,19/06/2019,22.58159509
1266,wallsend,wallsend/S2A_MSIL2A_20190302T235241_N0500_R130_T56HLJ_20221119T222505.npy,wallsend/S5P_OFFL_L2__NO2____20190302.nc,2/03/2019,7.527198364
1267,wallsend,wallsend/S2A_MSIL2A_20190610T235251_N0500_R130_T56HLJ_20230605T123649.npy,wallsend/S5P_OFFL_L2__NO2____20190610.nc,10/06/2019,16.93619632
1268,wallsend,wallsend/S2A_MSIL2A_20190425T000241_N0500_R030_T56HLJ_20221101T182000.npy,wallsend/S5P_RPRO_L2__NO2____20190425.nc,25/04/2019,20.6997955
1269,wallsend,wallsend/S2B_MSIL2A_20191027T000239_N0500_R030_T56HLJ_20230704T192248.npy,wallsend/S5P_RPRO_L2__NO2____20191027.nc,27/10/2019,5.645398773
1270,wallsend,wallsend/S2A_MSIL2A_20200614T235251_N0500_R130_T56HLJ_20230402T213918.npy,wallsend/S5P_RPRO_L2__NO2____20200614.nc,14/06/2020,11.29079755
1271,wallsend,wallsend/S2A_MSIL2A_20190803T000251_N0500_R030_T56HLJ_20230504T120401.npy,wallsend/S5P_RPRO_L2__NO2____20190803.nc,3/08/2019,22.58159509
1272,wallsend,wallsend/S2B_MSIL2A_20210125T235249_N0500_R130_T56HLJ_20230522T130036.npy,wallsend/S5P_OFFL_L2__NO2____20210125.nc,25/01/2021,7.527198364
1273,wallsend,wallsend/S2B_MSIL2A_20180624T000239_N0500_R030_T56HLJ_20230803T094100.npy,wallsend/S5P_RPRO_L2__NO2____20180624.nc,24/06/2018,16.93619632
1274,wallsend,wallsend/S2B_MSIL2A_20210718T000239_N0500_R030_T56HLJ_20230123T064218.npy,wallsend/S5P_OFFL_L2__NO2____20210718.nc,18/07/2021,11.29079755
1275,wallsend,wallsend/S2B_MSIL2A_20210718T000239_N0500_R030_T56HLJ_20230123T064218.npy,wallsend/S5P_RPRO_L2__NO2____20210718.nc,18/07/2021,11.29079755
1276,wallsend,wallsend/S2A_MSIL2A_20200618T000251_N0500_R030_T56HLJ_20230328T223603.npy,wallsend/S5P_RPRO_L2__NO2____20200618.nc,18/06/2020,13.17259714
1277,wallsend,wallsend/S2B_MSIL2A_20230330T000229_N0509_R030_T56HLJ_20230330T014225.npy,wallsend/S5P_OFFL_L2__NO2____20230330.nc,30/03/2023,7.527198364
1278,wallsend,wallsend/S2B_MSIL2A_20220530T235249_N0400_R130_T56HLJ_20220531T012325.npy,wallsend/S5P_RPRO_L2__NO2____20220530.nc,30/05/2022,11.29079755
1279,wallsend,wallsend/S2B_MSIL2A_20200623T000239_N0500_R030_T56HLJ_20230401T125307.npy,wallsend/S5P_RPRO_L2__NO2____20200623.nc,23/06/2020,9.408997955
1280,bargo,bargo/S2A_MSIL2A_20201115T000241_N0500_R030_T56HKH_20230303T170603.npy,bargo/S5P_RPRO_L2__NO2____20201115.nc,15/11/2020,5.645398773
1281,bargo,bargo/S2B_MSIL2A_20180714T000239_N0500_R030_T56HKH_20230712T203028.npy,bargo/S5P_RPRO_L2__NO2____20180714.nc,14/07/2018,13.17259714
1282,bargo,bargo/S2B_MSIL2A_20211225T000239_N0500_R030_T56HKH_20221227T133423.npy,bargo/S5P_RPRO_L2__NO2____20211225.nc,25/12/2021,3.763599182
1283,bargo,bargo/S2A_MSIL2A_20190515T000241_N0500_R030_T56HKH_20221210T195543.npy,bargo/S5P_OFFL_L2__NO2____20190515.nc,15/05/2019,22.58159509
1284,bargo,bargo/S2A_MSIL2A_20200916T000241_N0500_R030_T56HKH_20230313T210727.npy,bargo/S5P_RPRO_L2__NO2____20200916.nc,16/09/2020,15.05439673
1285,bargo,bargo/S2A_MSIL2A_20200827T000251_N0500_R030_T56HKH_20230318T040810.npy,bargo/S5P_OFFL_L2__NO2____20200827.nc,27/08/2020,5.645398773
1286,bargo,bargo/S2A_MSIL2A_20190803T000251_N0500_R030_T56HKH_20230504T120401.npy,bargo/S5P_RPRO_L2__NO2____20190803.nc,3/08/2019,16.93619632
1287,bargo,bargo/S2B_MSIL2A_20191027T000239_N0500_R030_T56HKH_20230704T192248.npy,bargo/S5P_RPRO_L2__NO2____20191027.nc,27/10/2019,5.645398773
1288,bargo,bargo/S2A_MSIL2A_20191022T000241_N0500_R030_T56HKH_20230615T223717.npy,bargo/S5P_RPRO_L2__NO2____20191022.nc,22/10/2019,22.58159509
1289,bargo,bargo/S2A_MSIL2A_20190714T000251_N0500_R030_T56HKH_20230625T030649.npy,bargo/S5P_RPRO_L2__NO2____20190714.nc,14/07/2019,0
1290,bargo,bargo/S2A_MSIL2A_20190823T000241_N0500_R030_T56HKH_20230506T190511.npy,bargo/S5P_RPRO_L2__NO2____20190823.nc,23/08/2019,13.17259714
1291,bargo,bargo/S2B_MSIL2A_20211006T000239_N0500_R030_T56HKH_20230111T150222.npy,bargo/S5P_RPRO_L2__NO2____20211006.nc,6/10/2021,5.645398773
1292,bargo,bargo/S2A_MSIL2A_20190525T000241_N0500_R030_T56HKH_20221211T040646.npy,bargo/S5P_OFFL_L2__NO2____20190525.nc,25/05/2019,20.6997955
1293,bargo,bargo/S2B_MSIL2A_20201120T000239_N0500_R030_T56HKH_20230304T083125.npy,bargo/S5P_RPRO_L2__NO2____20201120.nc,20/11/2020,7.527198364
1294,bargo,bargo/S2B_MSIL2A_20210419T000239_N0500_R030_T56HKH_20230513T132818.npy,bargo/S5P_RPRO_L2__NO2____20210419.nc,19/04/2021,18.81799591
1295,bargo,bargo/S2B_MSIL2A_20180505T000239_N0500_R030_T56HKH_20230718T145427.npy,bargo/S5P_RPRO_L2__NO2____20180505.nc,5/05/2018,13.17259714
1296,bargo,bargo/S2B_MSIL2A_20181201T000239_N0500_R030_T56HKH_20230622T053914.npy,bargo/S5P_RPRO_L2__NO2____20181201.nc,1/12/2018,7.527198364
1297,bargo,bargo/S2A_MSIL2A_20200320T000241_N0500_R030_T56HKH_20230408T142035.npy,bargo/S5P_OFFL_L2__NO2____20200320.nc,20/03/2020,13.17259714
1298,bargo,bargo/S2A_MSIL2A_20200618T000251_N0500_R030_T56HKH_20230328T223603.npy,bargo/S5P_RPRO_L2__NO2____20200618.nc,18/06/2020,16.93619632
1299,bargo,bargo/S2A_MSIL2A_20180709T000241_N0500_R030_T56HKH_20230713T200747.npy,bargo/S5P_RPRO_L2__NO2____20180709.nc,9/07/2018,15.05439673
1300,bargo,bargo/S2A_MSIL2A_20180709T000241_N0500_R030_T56HKH_20230713T200747.npy,bargo/S5P_OFFL_L2__NO2____20180709.nc,9/07/2018,15.05439673
1301,bargo,bargo/S2A_MSIL2A_20230305T000221_N0509_R030_T56HKH_20230305T024055.npy,bargo/S5P_OFFL_L2__NO2____20230305.nc,5/03/2023,3.763599182
1302,bargo,bargo/S2B_MSIL2A_20180912T000229_N0500_R030_T56HKH_20230813T145932.npy,bargo/S5P_OFFL_L2__NO2____20180912.nc,12/09/2018,16.93619632
1303,bringelly,bringelly/S2A_MSIL2A_20201115T000241_N0500_R030_T56HKH_20230303T170603.npy,bringelly/S5P_OFFL_L2__NO2____20201115.nc,15/11/2020,1.881799591
1304,bringelly,bringelly/S2B_MSIL2A_20180714T000239_N0500_R030_T56HKH_20230712T203028.npy,bringelly/S5P_RPRO_L2__NO2____20180714.nc,14/07/2018,11.29079755
1305,bringelly,bringelly/S2B_MSIL2A_20211225T000239_N0500_R030_T56HKH_20221227T133423.npy,bringelly/S5P_OFFL_L2__NO2____20211225.nc,25/12/2021,1.881799591
1306,bringelly,bringelly/S2B_MSIL2A_20211225T000239_N0500_R030_T56HKH_20221227T133423.npy,bringelly/S5P_RPRO_L2__NO2____20211225.nc,25/12/2021,1.881799591
1307,bringelly,bringelly/S2A_MSIL2A_20200916T000241_N0500_R030_T56HKH_20230313T210727.npy,bringelly/S5P_OFFL_L2__NO2____20200916.nc,16/09/2020,3.763599182
1308,bringelly,bringelly/S2B_MSIL2A_20210906T000239_N0500_R030_T56HKH_20230118T212701.npy,bringelly/S5P_RPRO_L2__NO2____20210906.nc,6/09/2021,5.645398773
1309,bringelly,bringelly/S2B_MSIL2A_20191027T000239_N0500_R030_T56HKH_20230704T192248.npy,bringelly/S5P_RPRO_L2__NO2____20191027.nc,27/10/2019,5.645398773
1310,bringelly,bringelly/S2B_MSIL2A_20190619T000249_N0500_R030_T56HKH_20230707T083046.npy,bringelly/S5P_RPRO_L2__NO2____20190619.nc,19/06/2019,11.29079755
1311,bringelly,bringelly/S2A_MSIL2A_20191022T000241_N0500_R030_T56HKH_20230615T223717.npy,bringelly/S5P_OFFL_L2__NO2____20191022.nc,22/10/2019,15.05439673
1312,bringelly,bringelly/S2A_MSIL2A_20181027T000241_N0500_R030_T56HKH_20230705T042922.npy,bringelly/S5P_OFFL_L2__NO2____20181027.nc,27/10/2018,5.645398773
1313,bringelly,bringelly/S2A_MSIL2A_20210514T000241_N0500_R030_T56HKH_20230208T180340.npy,bringelly/S5P_RPRO_L2__NO2____20210514.nc,14/05/2021,5.645398773
1314,bringelly,bringelly/S2A_MSIL2A_20181216T000231_N0500_R030_T56HKH_20230629T223105.npy,bringelly/S5P_OFFL_L2__NO2____20181216.nc,16/12/2018,5.645398773
1315,bringelly,bringelly/S2B_MSIL2A_20230509T000229_N0509_R030_T56HKH_20230509T012929.npy,bringelly/S5P_OFFL_L2__NO2____20230509.nc,9/05/2023,7.527198364
1316,bringelly,bringelly/S2A_MSIL2A_20191121T000241_N0500_R030_T56HKH_20230611T234025.npy,bringelly/S5P_OFFL_L2__NO2____20191121.nc,21/11/2019,16.93619632
1317,bringelly,bringelly/S2A_MSIL2A_20210812T000241_N0500_R030_T56HKH_20230118T225444.npy,bringelly/S5P_OFFL_L2__NO2____20210812.nc,12/08/2021,5.645398773
1318,bringelly,bringelly/S2B_MSIL2A_20191106T000239_N0500_R030_T56HKH_20230704T225531.npy,bringelly/S5P_OFFL_L2__NO2____20191106.nc,6/11/2019,7.527198364
1319,bringelly,bringelly/S2A_MSIL2A_20220320T000241_N0400_R030_T56HKH_20220320T021130.npy,bringelly/S5P_OFFL_L2__NO2____20220320.nc,20/03/2022,1.881799591
1320,bringelly,bringelly/S2B_MSIL2A_20180515T000239_N0500_R030_T56HKH_20230811T050335.npy,bringelly/S5P_RPRO_L2__NO2____20180515.nc,15/05/2018,9.408997955
1321,bringelly,bringelly/S2B_MSIL2A_20181111T000239_N0500_R030_T56HKH_20230703T092922.npy,bringelly/S5P_OFFL_L2__NO2____20181111.nc,11/11/2018,9.408997955
1322,bringelly,bringelly/S2B_MSIL2A_20180724T000239_N0500_R030_T56HKH_20230720T000359.npy,bringelly/S5P_OFFL_L2__NO2____20180724.nc,24/07/2018,15.05439673
1323,bringelly,bringelly/S2B_MSIL2A_20180724T000239_N0500_R030_T56HKH_20230720T000359.npy,bringelly/S5P_RPRO_L2__NO2____20180724.nc,24/07/2018,15.05439673
1324,bringelly,bringelly/S2B_MSIL2A_20200504T000239_N0500_R030_T56HKH_20230401T163920.npy,bringelly/S5P_RPRO_L2__NO2____20200504.nc,4/05/2020,5.645398773
1325,bringelly,bringelly/S2A_MSIL2A_20180709T000241_N0500_R030_T56HKH_20230713T200747.npy,bringelly/S5P_RPRO_L2__NO2____20180709.nc,9/07/2018,15.05439673
1326,camden,camden/S2B_MSIL2A_20210529T000239_N0500_R030_T56HKH_20230207T215958.npy,camden/S5P_OFFL_L2__NO2____20210529.nc,29/05/2021,1.881799591
1327,camden,camden/S2B_MSIL2A_20211225T000239_N0500_R030_T56HKH_20221227T133423.npy,camden/S5P_OFFL_L2__NO2____20211225.nc,25/12/2021,3.763599182
1328,camden,camden/S2A_MSIL2A_20200827T000251_N0500_R030_T56HKH_20230318T040810.npy,camden/S5P_RPRO_L2__NO2____20200827.nc,27/08/2020,7.527198364
1329,camden,camden/S2B_MSIL2A_20190629T000249_N0500_R030_T56HKH_20230707T170010.npy,camden/S5P_RPRO_L2__NO2____20190629.nc,29/06/2019,13.17259714
1330,camden,camden/S2B_MSIL2A_20190619T000249_N0500_R030_T56HKH_20230707T083046.npy,camden/S5P_RPRO_L2__NO2____20190619.nc,19/06/2019,11.29079755
1331,camden,camden/S2A_MSIL2A_20190125T000241_N0500_R030_T56HKH_20221130T213118.npy,camden/S5P_OFFL_L2__NO2____20190125.nc,25/01/2019,11.29079755
1332,camden,camden/S2A_MSIL2A_20190823T000241_N0500_R030_T56HKH_20230506T190511.npy,camden/S5P_RPRO_L2__NO2____20190823.nc,23/08/2019,13.17259714
1333,camden,camden/S2B_MSIL2A_20230519T000229_N0509_R030_T56HKH_20230519T025302.npy,camden/S5P_OFFL_L2__NO2____20230519.nc,19/05/2023,5.645398773
1334,camden,camden/S2B_MSIL2A_20190609T000249_N0500_R030_T56HKH_20230605T142227.npy,camden/S5P_RPRO_L2__NO2____20190609.nc,9/06/2019,7.527198364
1335,camden,camden/S2A_MSIL2A_20191121T000241_N0500_R030_T56HKH_20230611T234025.npy,camden/S5P_RPRO_L2__NO2____20191121.nc,21/11/2019,16.93619632
1336,camden,camden/S2A_MSIL2A_20210812T000241_N0500_R030_T56HKH_20230118T225444.npy,camden/S5P_RPRO_L2__NO2____20210812.nc,12/08/2021,3.763599182
1337,camden,camden/S2A_MSIL2A_20190902T000241_N0500_R030_T56HKH_20230501T045615.npy,camden/S5P_RPRO_L2__NO2____20190902.nc,2/09/2019,9.408997955
1338,camden,camden/S2B_MSIL2A_20191106T000239_N0500_R030_T56HKH_20230704T225531.npy,camden/S5P_OFFL_L2__NO2____20191106.nc,6/11/2019,7.527198364
1339,camden,camden/S2B_MSIL2A_20180624T000239_N0500_R030_T56HKH_20230803T094100.npy,camden/S5P_RPRO_L2__NO2____20180624.nc,24/06/2018,11.29079755
1340,camden,camden/S2B_MSIL2A_20180803T000239_N0500_R030_T56HKH_20230719T214114.npy,camden/S5P_RPRO_L2__NO2____20180803.nc,3/08/2018,13.17259714
1341,camden,camden/S2A_MSIL2A_20181226T000231_N0500_R030_T56HKH_20230630T210132.npy,camden/S5P_OFFL_L2__NO2____20181226.nc,26/12/2018,11.29079755
1342,camden,camden/S2A_MSIL2A_20220320T000241_N0400_R030_T56HKH_20220320T021130.npy,camden/S5P_OFFL_L2__NO2____20220320.nc,20/03/2022,1.881799591
1343,camden,camden/S2B_MSIL2A_20200921T000239_N0500_R030_T56HKH_20230316T064842.npy,camden/S5P_OFFL_L2__NO2____20200921.nc,21/09/2020,7.527198364
1344,camden,camden/S2B_MSIL2A_20180515T000239_N0500_R030_T56HKH_20230811T050335.npy,camden/S5P_RPRO_L2__NO2____20180515.nc,15/05/2018,7.527198364
1345,camden,camden/S2B_MSIL2A_20200504T000239_N0500_R030_T56HKH_20230401T163920.npy,camden/S5P_RPRO_L2__NO2____20200504.nc,4/05/2020,7.527198364
1346,camden,camden/S2A_MSIL2A_20180917T000241_N0500_R030_T56HKH_20230707T051723.npy,camden/S5P_RPRO_L2__NO2____20180917.nc,17/09/2018,18.81799591
1347,campbelltown_west,campbelltown_west/S2A_MSIL2A_20201115T000241_N0500_R030_T56HKH_20230303T170603.npy,campbelltown_west/S5P_OFFL_L2__NO2____20201115.nc,15/11/2020,13.17259714
1348,campbelltown_west,campbelltown_west/S2B_MSIL2A_20210529T000239_N0500_R030_T56HKH_20230207T215958.npy,campbelltown_west/S5P_OFFL_L2__NO2____20210529.nc,29/05/2021,7.527198364
1349,campbelltown_west,campbelltown_west/S2B_MSIL2A_20211225T000239_N0500_R030_T56HKH_20221227T133423.npy,campbelltown_west/S5P_OFFL_L2__NO2____20211225.nc,25/12/2021,7.527198364
1350,campbelltown_west,campbelltown_west/S2A_MSIL2A_20210911T000241_N0500_R030_T56HKH_20230114T151656.npy,campbelltown_west/S5P_RPRO_L2__NO2____20210911.nc,11/09/2021,15.05439673
1351,campbelltown_west,campbelltown_west/S2A_MSIL2A_20190515T000241_N0500_R030_T56HKH_20221210T195543.npy,campbelltown_west/S5P_OFFL_L2__NO2____20190515.nc,15/05/2019,26.34519427
1352,campbelltown_west,campbelltown_west/S2A_MSIL2A_20200916T000241_N0500_R030_T56HKH_20230313T210727.npy,campbelltown_west/S5P_RPRO_L2__NO2____20200916.nc,16/09/2020,31.99059305
1353,campbelltown_west,campbelltown_west/S2A_MSIL2A_20190803T000251_N0500_R030_T56HKH_20230504T120401.npy,campbelltown_west/S5P_RPRO_L2__NO2____20190803.nc,3/08/2019,24.46339468
1354,campbelltown_west,campbelltown_west/S2B_MSIL2A_20191027T000239_N0500_R030_T56HKH_20230704T192248.npy,campbelltown_west/S5P_RPRO_L2__NO2____20191027.nc,27/10/2019,13.17259714
1355,campbelltown_west,campbelltown_west/S2A_MSIL2A_20191022T000241_N0500_R030_T56HKH_20230615T223717.npy,campbelltown_west/S5P_RPRO_L2__NO2____20191022.nc,22/10/2019,26.34519427
1356,campbelltown_west,campbelltown_west/S2A_MSIL2A_20181027T000241_N0500_R030_T56HKH_20230705T042922.npy,campbelltown_west/S5P_OFFL_L2__NO2____20181027.nc,27/10/2018,11.29079755
1357,campbelltown_west,campbelltown_west/S2A_MSIL2A_20190823T000241_N0500_R030_T56HKH_20230506T190511.npy,campbelltown_west/S5P_OFFL_L2__NO2____20190823.nc,23/08/2019,41.399591
1358,campbelltown_west,campbelltown_west/S2B_MSIL2A_20230519T000229_N0509_R030_T56HKH_20230519T025302.npy,campbelltown_west/S5P_OFFL_L2__NO2____20230519.nc,19/05/2023,26.34519427
1359,campbelltown_west,campbelltown_west/S2B_MSIL2A_20191106T000239_N0500_R030_T56HKH_20230704T225531.npy,campbelltown_west/S5P_RPRO_L2__NO2____20191106.nc,6/11/2019,15.05439673
1360,campbelltown_west,campbelltown_west/S2A_MSIL2A_20190525T000241_N0500_R030_T56HKH_20221211T040646.npy,campbelltown_west/S5P_OFFL_L2__NO2____20190525.nc,25/05/2019,33.87239264
1361,campbelltown_west,campbelltown_west/S2B_MSIL2A_20180803T000239_N0500_R030_T56HKH_20230719T214114.npy,campbelltown_west/S5P_RPRO_L2__NO2____20180803.nc,3/08/2018,30.10879346
1362,campbelltown_west,campbelltown_west/S2A_MSIL2A_20220320T000241_N0400_R030_T56HKH_20220320T021130.npy,campbelltown_west/S5P_OFFL_L2__NO2____20220320.nc,20/03/2022,9.408997955
1363,campbelltown_west,campbelltown_west/S2B_MSIL2A_20181201T000239_N0500_R030_T56HKH_20230622T053914.npy,campbelltown_west/S5P_RPRO_L2__NO2____20181201.nc,1/12/2018,13.17259714
1364,campbelltown_west,campbelltown_west/S2B_MSIL2A_20190311T000239_N0500_R030_T56HKH_20221120T055548.npy,campbelltown_west/S5P_RPRO_L2__NO2____20190311.nc,11/03/2019,9.408997955
1365,campbelltown_west,campbelltown_west/S2A_MSIL2A_20230305T000221_N0509_R030_T56HKH_20230305T024055.npy,campbelltown_west/S5P_OFFL_L2__NO2____20230305.nc,5/03/2023,7.527198364
1366,campbelltown_west,campbelltown_west/S2B_MSIL2A_20180912T000229_N0500_R030_T56HKH_20230813T145932.npy,campbelltown_west/S5P_OFFL_L2__NO2____20180912.nc,12/09/2018,37.63599182
1367,oakdale,oakdale/S2B_MSIL2A_20180714T000239_N0500_R030_T56HKH_20230712T203028.npy,oakdale/S5P_RPRO_L2__NO2____20180714.nc,14/07/2018,1.881799591
1368,oakdale,oakdale/S2A_MSIL2A_20190515T000241_N0500_R030_T56HKH_20221210T195543.npy,oakdale/S5P_RPRO_L2__NO2____20190515.nc,15/05/2019,5.645398773
1369,oakdale,oakdale/S2A_MSIL2A_20200916T000241_N0500_R030_T56HKH_20230313T210727.npy,oakdale/S5P_RPRO_L2__NO2____20200916.nc,16/09/2020,3.763599182
1370,oakdale,oakdale/S2A_MSIL2A_20190813T000241_N0500_R030_T56HKH_20230507T195156.npy,oakdale/S5P_RPRO_L2__NO2____20190813.nc,13/08/2019,1.881799591
1371,oakdale,oakdale/S2A_MSIL2A_20200827T000251_N0500_R030_T56HKH_20230318T040810.npy,oakdale/S5P_RPRO_L2__NO2____20200827.nc,27/08/2020,0
1372,oakdale,oakdale/S2A_MSIL2A_20190803T000251_N0500_R030_T56HKH_20230504T120401.npy,oakdale/S5P_RPRO_L2__NO2____20190803.nc,3/08/2019,1.881799591
1373,oakdale,oakdale/S2A_MSIL2A_20191022T000241_N0500_R030_T56HKH_20230615T223717.npy,oakdale/S5P_RPRO_L2__NO2____20191022.nc,22/10/2019,5.645398773
1374,oakdale,oakdale/S2B_MSIL2A_20210519T000239_N0500_R030_T56HKH_20230206T190057.npy,oakdale/S5P_RPRO_L2__NO2____20210519.nc,19/05/2021,3.763599182
1375,oakdale,oakdale/S2A_MSIL2A_20191101T000241_N0500_R030_T56HKH_20230610T034411.npy,oakdale/S5P_RPRO_L2__NO2____20191101.nc,1/11/2019,9.408997955
1376,oakdale,oakdale/S2A_MSIL2A_20210514T000241_N0500_R030_T56HKH_20230208T180340.npy,oakdale/S5P_RPRO_L2__NO2____20210514.nc,14/05/2021,0
1377,oakdale,oakdale/S2B_MSIL2A_20211006T000239_N0500_R030_T56HKH_20230111T150222.npy,oakdale/S5P_RPRO_L2__NO2____20211006.nc,6/10/2021,0
1378,oakdale,oakdale/S2B_MSIL2A_20230509T000229_N0509_R030_T56HKH_20230509T012929.npy,oakdale/S5P_OFFL_L2__NO2____20230509.nc,9/05/2023,0
1379,oakdale,oakdale/S2B_MSIL2A_20230218T000219_N0509_R030_T56HKH_20230218T013439.npy,oakdale/S5P_OFFL_L2__NO2____20230218.nc,18/02/2023,3.763599182
1380,oakdale,oakdale/S2A_MSIL2A_20190525T000241_N0500_R030_T56HKH_20221211T040646.npy,oakdale/S5P_OFFL_L2__NO2____20190525.nc,25/05/2019,1.881799591
1381,oakdale,oakdale/S2B_MSIL2A_20201120T000239_N0500_R030_T56HKH_20230304T083125.npy,oakdale/S5P_RPRO_L2__NO2____20201120.nc,20/11/2020,3.763599182
1382,oakdale,oakdale/S2B_MSIL2A_20210419T000239_N0500_R030_T56HKH_20230513T132818.npy,oakdale/S5P_OFFL_L2__NO2____20210419.nc,19/04/2021,1.881799591
1383,oakdale,oakdale/S2B_MSIL2A_20180505T000239_N0500_R030_T56HKH_20230718T145427.npy,oakdale/S5P_RPRO_L2__NO2____20180505.nc,5/05/2018,3.763599182
1384,oakdale,oakdale/S2B_MSIL2A_20181201T000239_N0500_R030_T56HKH_20230622T053914.npy,oakdale/S5P_RPRO_L2__NO2____20181201.nc,1/12/2018,5.645398773
1385,oakdale,oakdale/S2B_MSIL2A_20200921T000239_N0500_R030_T56HKH_20230316T064842.npy,oakdale/S5P_RPRO_L2__NO2____20200921.nc,21/09/2020,1.881799591
1386,oakdale,oakdale/S2A_MSIL2A_20200320T000241_N0500_R030_T56HKH_20230408T142035.npy,oakdale/S5P_RPRO_L2__NO2____20200320.nc,20/03/2020,1.881799591
1387,oakdale,oakdale/S2B_MSIL2A_20180515T000239_N0500_R030_T56HKH_20230811T050335.npy,oakdale/S5P_RPRO_L2__NO2____20180515.nc,15/05/2018,3.763599182
1388,oakdale,oakdale/S2A_MSIL2A_20200618T000251_N0500_R030_T56HKH_20230328T223603.npy,oakdale/S5P_RPRO_L2__NO2____20200618.nc,18/06/2020,3.763599182
1389,oakdale,oakdale/S2B_MSIL2A_20180724T000239_N0500_R030_T56HKH_20230720T000359.npy,oakdale/S5P_OFFL_L2__NO2____20180724.nc,24/07/2018,0
1390,oakdale,oakdale/S2B_MSIL2A_20180724T000239_N0500_R030_T56HKH_20230720T000359.npy,oakdale/S5P_RPRO_L2__NO2____20180724.nc,24/07/2018,0
1391,oakdale,oakdale/S2A_MSIL2A_20180709T000241_N0500_R030_T56HKH_20230713T200747.npy,oakdale/S5P_RPRO_L2__NO2____20180709.nc,9/07/2018,1.881799591
1392,oakdale,oakdale/S2A_MSIL2A_20180709T000241_N0500_R030_T56HKH_20230713T200747.npy,oakdale/S5P_OFFL_L2__NO2____20180709.nc,9/07/2018,1.881799591
1393,oakdale,oakdale/S2B_MSIL2A_20190311T000239_N0500_R030_T56HKH_20221120T055548.npy,oakdale/S5P_RPRO_L2__NO2____20190311.nc,11/03/2019,3.763599182
1394,oakdale,oakdale/S2B_MSIL2A_20180912T000229_N0500_R030_T56HKH_20230813T145932.npy,oakdale/S5P_OFFL_L2__NO2____20180912.nc,12/09/2018,1.881799591
1395,richmond,richmond/S2B_MSIL2A_20200424T000239_N0500_R030_T56HKH_20230418T224420.npy,richmond/S5P_RPRO_L2__NO2____20200424.nc,24/04/2020,5.645398773
1396,richmond,richmond/S2B_MSIL2A_20211225T000239_N0500_R030_T56HKH_20221227T133423.npy,richmond/S5P_OFFL_L2__NO2____20211225.nc,25/12/2021,0
1397,richmond,richmond/S2B_MSIL2A_20211225T000239_N0500_R030_T56HKH_20221227T133423.npy,richmond/S5P_RPRO_L2__NO2____20211225.nc,25/12/2021,0
1398,richmond,richmond/S2A_MSIL2A_20190515T000241_N0500_R030_T56HKH_20221210T195543.npy,richmond/S5P_OFFL_L2__NO2____20190515.nc,15/05/2019,15.05439673
1399,richmond,richmond/S2A_MSIL2A_20200916T000241_N0500_R030_T56HKH_20230313T210727.npy,richmond/S5P_RPRO_L2__NO2____20200916.nc,16/09/2020,5.645398773
1400,richmond,richmond/S2A_MSIL2A_20200827T000251_N0500_R030_T56HKH_20230318T040810.npy,richmond/S5P_RPRO_L2__NO2____20200827.nc,27/08/2020,5.645398773
1401,richmond,richmond/S2A_MSIL2A_20190803T000251_N0500_R030_T56HKH_20230504T120401.npy,richmond/S5P_OFFL_L2__NO2____20190803.nc,3/08/2019,13.17259714
1402,richmond,richmond/S2B_MSIL2A_20191027T000239_N0500_R030_T56HKH_20230704T192248.npy,richmond/S5P_RPRO_L2__NO2____20191027.nc,27/10/2019,3.763599182
1403,richmond,richmond/S2A_MSIL2A_20190714T000251_N0500_R030_T56HKH_20230625T030649.npy,richmond/S5P_OFFL_L2__NO2____20190714.nc,14/07/2019,1.881799591
1404,richmond,richmond/S2A_MSIL2A_20190823T000241_N0500_R030_T56HKH_20230506T190511.npy,richmond/S5P_OFFL_L2__NO2____20190823.nc,23/08/2019,15.05439673
1405,richmond,richmond/S2A_MSIL2A_20191121T000241_N0500_R030_T56HKH_20230611T234025.npy,richmond/S5P_OFFL_L2__NO2____20191121.nc,21/11/2019,16.93619632
1406,richmond,richmond/S2A_MSIL2A_20210812T000241_N0500_R030_T56HKH_20230118T225444.npy,richmond/S5P_RPRO_L2__NO2____20210812.nc,12/08/2021,3.763599182
1407,richmond,richmond/S2B_MSIL2A_20191106T000239_N0500_R030_T56HKH_20230704T225531.npy,richmond/S5P_RPRO_L2__NO2____20191106.nc,6/11/2019,5.645398773
1408,richmond,richmond/S2A_MSIL2A_20190525T000241_N0500_R030_T56HKH_20221211T040646.npy,richmond/S5P_RPRO_L2__NO2____20190525.nc,25/05/2019,11.29079755
1409,richmond,richmond/S2A_MSIL2A_20210114T000241_N0500_R030_T56HKH_20230602T220411.npy,richmond/S5P_RPRO_L2__NO2____20210114.nc,14/01/2021,1.881799591
1410,richmond,richmond/S2B_MSIL2A_20180803T000239_N0500_R030_T56HKH_20230719T214114.npy,richmond/S5P_RPRO_L2__NO2____20180803.nc,3/08/2018,9.408997955
1411,richmond,richmond/S2A_MSIL2A_20220320T000241_N0400_R030_T56HKH_20220320T021130.npy,richmond/S5P_OFFL_L2__NO2____20220320.nc,20/03/2022,0
1412,richmond,richmond/S2B_MSIL2A_20180505T000239_N0500_R030_T56HKH_20230718T145427.npy,richmond/S5P_RPRO_L2__NO2____20180505.nc,5/05/2018,15.05439673
1413,richmond,richmond/S2B_MSIL2A_20181201T000239_N0500_R030_T56HKH_20230622T053914.npy,richmond/S5P_RPRO_L2__NO2____20181201.nc,1/12/2018,7.527198364
1414,richmond,richmond/S2B_MSIL2A_20180724T000239_N0500_R030_T56HKH_20230720T000359.npy,richmond/S5P_OFFL_L2__NO2____20180724.nc,24/07/2018,11.29079755
1415,richmond,richmond/S2B_MSIL2A_20180724T000239_N0500_R030_T56HKH_20230720T000359.npy,richmond/S5P_RPRO_L2__NO2____20180724.nc,24/07/2018,11.29079755
1416,richmond,richmond/S2B_MSIL2A_20200504T000239_N0500_R030_T56HKH_20230401T163920.npy,richmond/S5P_RPRO_L2__NO2____20200504.nc,4/05/2020,7.527198364
1417,richmond,richmond/S2B_MSIL2A_20190311T000239_N0500_R030_T56HKH_20221120T055548.npy,richmond/S5P_RPRO_L2__NO2____20190311.nc,11/03/2019,7.527198364
1418,st_marys,st_marys/S2A_MSIL2A_20201115T000241_N0500_R030_T56HKH_20230303T170603.npy,st_marys/S5P_OFFL_L2__NO2____20201115.nc,15/11/2020,5.645398773
1419,st_marys,st_marys/S2A_MSIL2A_20200130T000231_N0500_R030_T56HKH_20230427T190538.npy,st_marys/S5P_RPRO_L2__NO2____20200130.nc,30/01/2020,5.645398773
1420,st_marys,st_marys/S2B_MSIL2A_20210529T000239_N0500_R030_T56HKH_20230207T215958.npy,st_marys/S5P_OFFL_L2__NO2____20210529.nc,29/05/2021,1.881799591
1421,st_marys,st_marys/S2B_MSIL2A_20180714T000239_N0500_R030_T56HKH_20230712T203028.npy,st_marys/S5P_RPRO_L2__NO2____20180714.nc,14/07/2018,11.29079755
1422,st_marys,st_marys/S2B_MSIL2A_20211225T000239_N0500_R030_T56HKH_20221227T133423.npy,st_marys/S5P_OFFL_L2__NO2____20211225.nc,25/12/2021,3.763599182
1423,st_marys,st_marys/S2B_MSIL2A_20211225T000239_N0500_R030_T56HKH_20221227T133423.npy,st_marys/S5P_RPRO_L2__NO2____20211225.nc,25/12/2021,3.763599182
1424,st_marys,st_marys/S2A_MSIL2A_20210911T000241_N0500_R030_T56HKH_20230114T151656.npy,st_marys/S5P_RPRO_L2__NO2____20210911.nc,11/09/2021,9.408997955
1425,st_marys,st_marys/S2A_MSIL2A_20190515T000241_N0500_R030_T56HKH_20221210T195543.npy,st_marys/S5P_OFFL_L2__NO2____20190515.nc,15/05/2019,9.408997955
1426,st_marys,st_marys/S2A_MSIL2A_20200916T000241_N0500_R030_T56HKH_20230313T210727.npy,st_marys/S5P_OFFL_L2__NO2____20200916.nc,16/09/2020,7.527198364
1427,st_marys,st_marys/S2A_MSIL2A_20190813T000241_N0500_R030_T56HKH_20230507T195156.npy,st_marys/S5P_RPRO_L2__NO2____20190813.nc,13/08/2019,18.81799591
1428,st_marys,st_marys/S2A_MSIL2A_20200827T000251_N0500_R030_T56HKH_20230318T040810.npy,st_marys/S5P_OFFL_L2__NO2____20200827.nc,27/08/2020,13.17259714
1429,st_marys,st_marys/S2A_MSIL2A_20190803T000251_N0500_R030_T56HKH_20230504T120401.npy,st_marys/S5P_OFFL_L2__NO2____20190803.nc,3/08/2019,11.29079755
1430,st_marys,st_marys/S2B_MSIL2A_20190619T000249_N0500_R030_T56HKH_20230707T083046.npy,st_marys/S5P_OFFL_L2__NO2____20190619.nc,19/06/2019,5.645398773
1431,st_marys,st_marys/S2A_MSIL2A_20190714T000251_N0500_R030_T56HKH_20230625T030649.npy,st_marys/S5P_RPRO_L2__NO2____20190714.nc,14/07/2019,9.408997955
1432,st_marys,st_marys/S2B_MSIL2A_20210519T000239_N0500_R030_T56HKH_20230206T190057.npy,st_marys/S5P_OFFL_L2__NO2____20210519.nc,19/05/2021,11.29079755
1433,st_marys,st_marys/S2A_MSIL2A_20191101T000241_N0500_R030_T56HKH_20230610T034411.npy,st_marys/S5P_OFFL_L2__NO2____20191101.nc,1/11/2019,15.05439673
1434,st_marys,st_marys/S2A_MSIL2A_20210514T000241_N0500_R030_T56HKH_20230208T180340.npy,st_marys/S5P_RPRO_L2__NO2____20210514.nc,14/05/2021,5.645398773
1435,st_marys,st_marys/S2B_MSIL2A_20211006T000239_N0500_R030_T56HKH_20230111T150222.npy,st_marys/S5P_OFFL_L2__NO2____20211006.nc,6/10/2021,15.05439673
1436,st_marys,st_marys/S2A_MSIL2A_20181216T000231_N0500_R030_T56HKH_20230629T223105.npy,st_marys/S5P_RPRO_L2__NO2____20181216.nc,16/12/2018,3.763599182
1437,st_marys,st_marys/S2B_MSIL2A_20230509T000229_N0509_R030_T56HKH_20230509T012929.npy,st_marys/S5P_OFFL_L2__NO2____20230509.nc,9/05/2023,13.17259714
1438,st_marys,st_marys/S2B_MSIL2A_20190609T000249_N0500_R030_T56HKH_20230605T142227.npy,st_marys/S5P_RPRO_L2__NO2____20190609.nc,9/06/2019,5.645398773
1439,st_marys,st_marys/S2B_MSIL2A_20230218T000219_N0509_R030_T56HKH_20230218T013439.npy,st_marys/S5P_OFFL_L2__NO2____20230218.nc,18/02/2023,7.527198364
1440,st_marys,st_marys/S2A_MSIL2A_20210315T000241_N0500_R030_T56HKH_20230529T024739.npy,st_marys/S5P_OFFL_L2__NO2____20210315.nc,15/03/2021,3.763599182
1441,st_marys,st_marys/S2B_MSIL2A_20201120T000239_N0500_R030_T56HKH_20230304T083125.npy,st_marys/S5P_RPRO_L2__NO2____20201120.nc,20/11/2020,9.408997955
1442,st_marys,st_marys/S2B_MSIL2A_20210419T000239_N0500_R030_T56HKH_20230513T132818.npy,st_marys/S5P_RPRO_L2__NO2____20210419.nc,19/04/2021,7.527198364
1443,st_marys,st_marys/S2A_MSIL2A_20230524T000221_N0509_R030_T56HKH_20230524T034658.npy,st_marys/S5P_OFFL_L2__NO2____20230524.nc,24/05/2023,18.81799591
1444,st_marys,st_marys/S2B_MSIL2A_20181201T000239_N0500_R030_T56HKH_20230622T053914.npy,st_marys/S5P_OFFL_L2__NO2____20181201.nc,1/12/2018,5.645398773
1445,st_marys,st_marys/S2B_MSIL2A_20200921T000239_N0500_R030_T56HKH_20230316T064842.npy,st_marys/S5P_OFFL_L2__NO2____20200921.nc,21/09/2020,5.645398773
1446,st_marys,st_marys/S2A_MSIL2A_20200320T000241_N0500_R030_T56HKH_20230408T142035.npy,st_marys/S5P_RPRO_L2__NO2____20200320.nc,20/03/2020,9.408997955
1447,st_marys,st_marys/S2A_MSIL2A_20230504T000221_N0509_R030_T56HKH_20230504T041857.npy,st_marys/S5P_OFFL_L2__NO2____20230504.nc,4/05/2023,11.29079755
1448,st_marys,st_marys/S2A_MSIL2A_20180520T000241_N0500_R030_T56HKH_20230913T075554.npy,st_marys/S5P_RPRO_L2__NO2____20180520.nc,20/05/2018,5.645398773
1449,st_marys,st_marys/S2A_MSIL2A_20180729T000241_N0500_R030_T56HKH_20230723T064652.npy,st_marys/S5P_RPRO_L2__NO2____20180729.nc,29/07/2018,7.527198364
1450,st_marys,st_marys/S2A_MSIL2A_20200509T000241_N0500_R030_T56HKH_20230331T175931.npy,st_marys/S5P_RPRO_L2__NO2____20200509.nc,9/05/2020,5.645398773
1451,st_marys,st_marys/S2B_MSIL2A_20200504T000239_N0500_R030_T56HKH_20230401T163920.npy,st_marys/S5P_RPRO_L2__NO2____20200504.nc,4/05/2020,7.527198364
1452,st_marys,st_marys/S2A_MSIL2A_20180709T000241_N0500_R030_T56HKH_20230713T200747.npy,st_marys/S5P_RPRO_L2__NO2____20180709.nc,9/07/2018,15.05439673
1453,st_marys,st_marys/S2B_MSIL2A_20190311T000239_N0500_R030_T56HKH_20221120T055548.npy,st_marys/S5P_OFFL_L2__NO2____20190311.nc,11/03/2019,7.527198364
1454,st_marys,st_marys/S2B_MSIL2A_20180912T000229_N0500_R030_T56HKH_20230813T145932.npy,st_marys/S5P_OFFL_L2__NO2____20180912.nc,12/09/2018,16.93619632
1455,penrith,penrith/S2A_MSIL2A_20201115T000241_N0500_R030_T56HKH_20230303T170603.npy,penrith/S5P_OFFL_L2__NO2____20201115.nc,15/11/2020,5.645398773
1456,penrith,penrith/S2B_MSIL2A_20210906T000239_N0500_R030_T56HKH_20230118T212701.npy,penrith/S5P_OFFL_L2__NO2____20210906.nc,6/09/2021,15.05439673
1457,penrith,penrith/S2A_MSIL2A_20210812T000241_N0500_R030_T56HKH_20230118T225444.npy,penrith/S5P_RPRO_L2__NO2____20210812.nc,12/08/2021,15.05439673
1458,penrith,penrith/S2A_MSIL2A_20220320T000241_N0400_R030_T56HKH_20220320T021130.npy,penrith/S5P_OFFL_L2__NO2____20220320.nc,20/03/2022,3.763599182
1459,liverpool,liverpool/S2A_MSIL2A_20201115T000241_N0500_R030_T56HLH_20230303T170603.npy,liverpool/S5P_OFFL_L2__NO2____20201115.nc,15/11/2020,18.81799591
1460,liverpool,liverpool/S2A_MSIL2A_20191101T000241_N0500_R030_T56HLH_20230610T034411.npy,liverpool/S5P_RPRO_L2__NO2____20191101.nc,1/11/2019,28.22699387
1461,liverpool,liverpool/S2A_MSIL2A_20191022T000241_N0500_R030_T56HLH_20230615T223717.npy,liverpool/S5P_RPRO_L2__NO2____20191022.nc,22/10/2019,31.99059305
1462,liverpool,liverpool/S2B_MSIL2A_20230218T000219_N0509_R030_T56HLH_20230218T013439.npy,liverpool/S5P_OFFL_L2__NO2____20230218.nc,18/02/2023,13.17259714
1463,liverpool,liverpool/S2B_MSIL2A_20211006T000239_N0500_R030_T56HLH_20230111T150222.npy,liverpool/S5P_RPRO_L2__NO2____20211006.nc,6/10/2021,18.81799591
1464,liverpool,liverpool/S2A_MSIL2A_20220529T000251_N0400_R030_T56HLH_20220529T030818.npy,liverpool/S5P_OFFL_L2__NO2____20220529.nc,29/05/2022,11.29079755
1465,liverpool,liverpool/S2B_MSIL2A_20190907T000239_N0500_R030_T56HLH_20230502T114324.npy,liverpool/S5P_RPRO_L2__NO2____20190907.nc,7/09/2019,3.763599182
1466,liverpool,liverpool/S2B_MSIL2A_20211225T000239_N0500_R030_T56HLH_20221227T133423.npy,liverpool/S5P_OFFL_L2__NO2____20211225.nc,25/12/2021,5.645398773
1467,liverpool,liverpool/S2B_MSIL2A_20211225T000239_N0500_R030_T56HLH_20221227T133423.npy,liverpool/S5P_RPRO_L2__NO2____20211225.nc,25/12/2021,5.645398773
1468,liverpool,liverpool/S2B_MSIL2A_20200504T000239_N0500_R030_T56HLH_20230401T163920.npy,liverpool/S5P_RPRO_L2__NO2____20200504.nc,4/05/2020,24.46339468
1469,liverpool,liverpool/S2B_MSIL2A_20210807T000239_N0500_R030_T56HLH_20230116T231458.npy,liverpool/S5P_RPRO_L2__NO2____20210807.nc,7/08/2021,15.05439673
1470,liverpool,liverpool/S2B_MSIL2A_20201120T000239_N0500_R030_T56HLH_20230304T083125.npy,liverpool/S5P_OFFL_L2__NO2____20201120.nc,20/11/2020,22.58159509
1471,liverpool,liverpool/S2A_MSIL2A_20180927T000241_N0500_R030_T56HLH_20230710T030650.npy,liverpool/S5P_RPRO_L2__NO2____20180927.nc,27/09/2018,28.22699387
1472,liverpool,liverpool/S2B_MSIL2A_20210827T000239_N0500_R030_T56HLH_20230121T212645.npy,liverpool/S5P_RPRO_L2__NO2____20210827.nc,27/08/2021,15.05439673
1473,liverpool,liverpool/S2B_MSIL2A_20190729T000249_N0500_R030_T56HLH_20230510T123548.npy,liverpool/S5P_RPRO_L2__NO2____20190729.nc,29/07/2019,28.22699387
1474,liverpool,liverpool/S2B_MSIL2A_20201021T000249_N0500_R030_T56HLH_20230327T014012.npy,liverpool/S5P_OFFL_L2__NO2____20201021.nc,21/10/2020,20.6997955
1475,liverpool,liverpool/S2B_MSIL2A_20211115T000239_N0500_R030_T56HLH_20230103T224227.npy,liverpool/S5P_RPRO_L2__NO2____20211115.nc,15/11/2021,5.645398773
1476,liverpool,liverpool/S2A_MSIL2A_20180818T000241_N0500_R030_T56HLH_20230628T134648.npy,liverpool/S5P_RPRO_L2__NO2____20180818.nc,18/08/2018,20.6997955
1477,liverpool,liverpool/S2A_MSIL2A_20180818T000241_N0500_R030_T56HLH_20230628T134648.npy,liverpool/S5P_OFFL_L2__NO2____20180818.nc,18/08/2018,20.6997955
1478,liverpool,liverpool/S2B_MSIL2A_20200703T000239_N0500_R030_T56HLH_20230321T145000.npy,liverpool/S5P_OFFL_L2__NO2____20200703.nc,3/07/2020,26.34519427
1479,liverpool,liverpool/S2A_MSIL2A_20210514T000241_N0500_R030_T56HLH_20230208T180340.npy,liverpool/S5P_RPRO_L2__NO2____20210514.nc,14/05/2021,15.05439673
1480,liverpool,liverpool/S2A_MSIL2A_20200916T000241_N0500_R030_T56HLH_20230313T210727.npy,liverpool/S5P_RPRO_L2__NO2____20200916.nc,16/09/2020,30.10879346
1481,liverpool,liverpool/S2A_MSIL2A_20190125T000241_N0500_R030_T56HLH_20221130T213118.npy,liverpool/S5P_RPRO_L2__NO2____20190125.nc,25/01/2019,20.6997955
1482,liverpool,liverpool/S2A_MSIL2A_20181027T000241_N0500_R030_T56HLH_20230705T042922.npy,liverpool/S5P_OFFL_L2__NO2____20181027.nc,27/10/2018,13.17259714
1483,liverpool,liverpool/S2B_MSIL2A_20210519T000239_N0500_R030_T56HLH_20230206T190057.npy,liverpool/S5P_RPRO_L2__NO2____20210519.nc,19/05/2021,37.63599182
1484,liverpool,liverpool/S2B_MSIL2A_20180515T000239_N0500_R030_T56HLH_20230811T050335.npy,liverpool/S5P_RPRO_L2__NO2____20180515.nc,15/05/2018,26.34519427
1485,liverpool,liverpool/S2A_MSIL2A_20190813T000241_N0500_R030_T56HLH_20230507T195156.npy,liverpool/S5P_RPRO_L2__NO2____20190813.nc,13/08/2019,39.51779141
1486,liverpool,liverpool/S2B_MSIL2A_20191017T000239_N0500_R030_T56HLH_20230614T100839.npy,liverpool/S5P_OFFL_L2__NO2____20191017.nc,17/10/2019,15.05439673
1487,parramatta_north,parramatta_north/S2A_MSIL2A_20201115T000241_N0500_R030_T56HLH_20230303T170603.npy,parramatta_north/S5P_OFFL_L2__NO2____20201115.nc,15/11/2020,7.527198364
1488,parramatta_north,parramatta_north/S2B_MSIL2A_20201210T000239_N0500_R030_T56HLH_20230225T113104.npy,parramatta_north/S5P_RPRO_L2__NO2____20201210.nc,10/12/2020,16.93619632
1489,parramatta_north,parramatta_north/S2B_MSIL2A_20230218T000219_N0509_R030_T56HLH_20230218T013439.npy,parramatta_north/S5P_OFFL_L2__NO2____20230218.nc,18/02/2023,7.527198364
1490,parramatta_north,parramatta_north/S2B_MSIL2A_20211006T000239_N0500_R030_T56HLH_20230111T150222.npy,parramatta_north/S5P_RPRO_L2__NO2____20211006.nc,6/10/2021,20.6997955
1491,parramatta_north,parramatta_north/S2A_MSIL2A_20220529T000251_N0400_R030_T56HLH_20220529T030818.npy,parramatta_north/S5P_OFFL_L2__NO2____20220529.nc,29/05/2022,11.29079755
1492,parramatta_north,parramatta_north/S2B_MSIL2A_20181111T000239_N0500_R030_T56HLH_20230703T092922.npy,parramatta_north/S5P_OFFL_L2__NO2____20181111.nc,11/11/2018,15.05439673
1493,parramatta_north,parramatta_north/S2A_MSIL2A_20230504T000221_N0509_R030_T56HLH_20230504T041857.npy,parramatta_north/S5P_OFFL_L2__NO2____20230504.nc,4/05/2023,20.6997955
1494,parramatta_north,parramatta_north/S2B_MSIL2A_20190907T000239_N0500_R030_T56HLH_20230502T114324.npy,parramatta_north/S5P_RPRO_L2__NO2____20190907.nc,7/09/2019,7.527198364
1495,parramatta_north,parramatta_north/S2B_MSIL2A_20200921T000239_N0500_R030_T56HLH_20230316T064842.npy,parramatta_north/S5P_OFFL_L2__NO2____20200921.nc,21/09/2020,9.408997955
1496,parramatta_north,parramatta_north/S2A_MSIL2A_20210812T000241_N0500_R030_T56HLH_20230118T225444.npy,parramatta_north/S5P_OFFL_L2__NO2____20210812.nc,12/08/2021,18.81799591
1497,parramatta_north,parramatta_north/S2B_MSIL2A_20201120T000239_N0500_R030_T56HLH_20230304T083125.npy,parramatta_north/S5P_OFFL_L2__NO2____20201120.nc,20/11/2020,16.93619632
1498,parramatta_north,parramatta_north/S2B_MSIL2A_20210827T000239_N0500_R030_T56HLH_20230121T212645.npy,parramatta_north/S5P_OFFL_L2__NO2____20210827.nc,27/08/2021,16.93619632
1499,parramatta_north,parramatta_north/S2A_MSIL2A_20210802T000241_N0500_R030_T56HLH_20230116T111806.npy,parramatta_north/S5P_RPRO_L2__NO2____20210802.nc,2/08/2021,18.81799591
1500,parramatta_north,parramatta_north/S2A_MSIL2A_20190425T000241_N0500_R030_T56HLH_20221101T182000.npy,parramatta_north/S5P_RPRO_L2__NO2____20190425.nc,25/04/2019,18.81799591
1501,parramatta_north,parramatta_north/S2B_MSIL2A_20190729T000249_N0500_R030_T56HLH_20230510T123548.npy,parramatta_north/S5P_RPRO_L2__NO2____20190729.nc,29/07/2019,31.99059305
1502,parramatta_north,parramatta_north/S2B_MSIL2A_20230330T000229_N0509_R030_T56HLH_20230330T014225.npy,parramatta_north/S5P_OFFL_L2__NO2____20230330.nc,30/03/2023,16.93619632
1503,parramatta_north,parramatta_north/S2B_MSIL2A_20211115T000239_N0500_R030_T56HLH_20230103T224227.npy,parramatta_north/S5P_OFFL_L2__NO2____20211115.nc,15/11/2021,5.645398773
1504,parramatta_north,parramatta_north/S2A_MSIL2A_20200916T000241_N0500_R030_T56HLH_20230313T210727.npy,parramatta_north/S5P_RPRO_L2__NO2____20200916.nc,16/09/2020,24.46339468
1505,parramatta_north,parramatta_north/S2A_MSIL2A_20190902T000241_N0500_R030_T56HLH_20230501T045615.npy,parramatta_north/S5P_RPRO_L2__NO2____20190902.nc,2/09/2019,26.34519427
1506,parramatta_north,parramatta_north/S2A_MSIL2A_20181027T000241_N0500_R030_T56HLH_20230705T042922.npy,parramatta_north/S5P_OFFL_L2__NO2____20181027.nc,27/10/2018,15.05439673
1507,parramatta_north,parramatta_north/S2B_MSIL2A_20210519T000239_N0500_R030_T56HLH_20230206T190057.npy,parramatta_north/S5P_OFFL_L2__NO2____20210519.nc,19/05/2021,24.46339468
1508,parramatta_north,parramatta_north/S2A_MSIL2A_20230524T000221_N0509_R030_T56HLH_20230524T034658.npy,parramatta_north/S5P_OFFL_L2__NO2____20230524.nc,24/05/2023,26.34519427
1509,parramatta_north,parramatta_north/S2A_MSIL2A_20190813T000241_N0500_R030_T56HLH_20230507T195156.npy,parramatta_north/S5P_RPRO_L2__NO2____20190813.nc,13/08/2019,35.75419223
1510,parramatta_north,parramatta_north/S2B_MSIL2A_20191017T000239_N0500_R030_T56HLH_20230614T100839.npy,parramatta_north/S5P_OFFL_L2__NO2____20191017.nc,17/10/2019,20.6997955
1511,parramatta_north,parramatta_north/S2B_MSIL2A_20200424T000239_N0500_R030_T56HLH_20230418T224420.npy,parramatta_north/S5P_RPRO_L2__NO2____20200424.nc,24/04/2020,24.46339468
1512,parramatta_north,parramatta_north/S2A_MSIL2A_20210613T000241_N0500_R030_T56HLH_20230201T040303.npy,parramatta_north/S5P_RPRO_L2__NO2____20210613.nc,13/06/2021,15.05439673
1513,prospect,prospect/S2A_MSIL2A_20190525T000241_N0500_R030_T56HLH_20221211T040646.npy,prospect/S5P_RPRO_L2__NO2____20190525.nc,25/05/2019,20.6997955
1514,prospect,prospect/S2B_MSIL2A_20230409T000229_N0509_R030_T56HLH_20230409T013526.npy,prospect/S5P_OFFL_L2__NO2____20230409.nc,9/04/2023,1.881799591
1515,prospect,prospect/S2B_MSIL2A_20211006T000239_N0500_R030_T56HLH_20230111T150222.npy,prospect/S5P_RPRO_L2__NO2____20211006.nc,6/10/2021,26.34519427
1516,prospect,prospect/S2A_MSIL2A_20220529T000251_N0400_R030_T56HLH_20220529T030818.npy,prospect/S5P_RPRO_L2__NO2____20220529.nc,29/05/2022,16.93619632
1517,prospect,prospect/S2B_MSIL2A_20210429T000239_N0500_R030_T56HLH_20230511T204921.npy,prospect/S5P_OFFL_L2__NO2____20210429.nc,29/04/2021,28.22699387
1518,prospect,prospect/S2B_MSIL2A_20181201T000239_N0500_R030_T56HLH_20230622T053914.npy,prospect/S5P_OFFL_L2__NO2____20181201.nc,1/12/2018,9.408997955
1519,prospect,prospect/S2B_MSIL2A_20230529T000229_N0509_R030_T56HLH_20230529T013045.npy,prospect/S5P_OFFL_L2__NO2____20230529.nc,29/05/2023,16.93619632
1520,prospect,prospect/S2A_MSIL2A_20191121T000241_N0500_R030_T56HLH_20230611T234025.npy,prospect/S5P_RPRO_L2__NO2____20191121.nc,21/11/2019,22.58159509
1521,prospect,prospect/S2A_MSIL2A_20191221T000231_N0500_R030_T56HLH_20230607T123434.npy,prospect/S5P_OFFL_L2__NO2____20191221.nc,21/12/2019,7.527198364
1522,prospect,prospect/S2A_MSIL2A_20180927T000241_N0500_R030_T56HLH_20230710T030650.npy,prospect/S5P_RPRO_L2__NO2____20180927.nc,27/09/2018,22.58159509
1523,prospect,prospect/S2B_MSIL2A_20200603T000239_N0500_R030_T56HLH_20230326T112817.npy,prospect/S5P_OFFL_L2__NO2____20200603.nc,3/06/2020,20.6997955
1524,prospect,prospect/S2B_MSIL2A_20180803T000239_N0500_R030_T56HLH_20230719T214114.npy,prospect/S5P_RPRO_L2__NO2____20180803.nc,3/08/2018,16.93619632
1525,prospect,prospect/S2A_MSIL2A_20190803T000251_N0500_R030_T56HLH_20230504T120401.npy,prospect/S5P_RPRO_L2__NO2____20190803.nc,3/08/2019,24.46339468
1526,prospect,prospect/S2B_MSIL2A_20190729T000249_N0500_R030_T56HLH_20230510T123548.npy,prospect/S5P_RPRO_L2__NO2____20190729.nc,29/07/2019,26.34519427
1527,prospect,prospect/S2B_MSIL2A_20230330T000229_N0509_R030_T56HLH_20230330T014225.npy,prospect/S5P_OFFL_L2__NO2____20230330.nc,30/03/2023,15.05439673
1528,prospect,prospect/S2B_MSIL2A_20201021T000249_N0500_R030_T56HLH_20230327T014012.npy,prospect/S5P_OFFL_L2__NO2____20201021.nc,21/10/2020,15.05439673
1529,prospect,prospect/S2B_MSIL2A_20211115T000239_N0500_R030_T56HLH_20230103T224227.npy,prospect/S5P_OFFL_L2__NO2____20211115.nc,15/11/2021,1.881799591
1530,prospect,prospect/S2B_MSIL2A_20200703T000239_N0500_R030_T56HLH_20230321T145000.npy,prospect/S5P_OFFL_L2__NO2____20200703.nc,3/07/2020,26.34519427
1531,prospect,prospect/S2B_MSIL2A_20210718T000239_N0500_R030_T56HLH_20230123T064218.npy,prospect/S5P_OFFL_L2__NO2____20210718.nc,18/07/2021,7.527198364
1532,prospect,prospect/S2A_MSIL2A_20190902T000241_N0500_R030_T56HLH_20230501T045615.npy,prospect/S5P_OFFL_L2__NO2____20190902.nc,2/09/2019,26.34519427
1533,prospect,prospect/S2A_MSIL2A_20190125T000241_N0500_R030_T56HLH_20221130T213118.npy,prospect/S5P_OFFL_L2__NO2____20190125.nc,25/01/2019,15.05439673
1534,prospect,prospect/S2B_MSIL2A_20200424T000239_N0500_R030_T56HLH_20230418T224420.npy,prospect/S5P_OFFL_L2__NO2____20200424.nc,24/04/2020,24.46339468
1535,rouse_hill,rouse_hill/S2B_MSIL2A_20210618T000239_N0500_R030_T56HLH_20230203T073543.npy,rouse_hill/S5P_RPRO_L2__NO2____20210618.nc,18/06/2021,7.527198364
1536,rouse_hill,rouse_hill/S2A_MSIL2A_20200926T000251_N0500_R030_T56HLH_20230320T104056.npy,rouse_hill/S5P_RPRO_L2__NO2____20200926.nc,26/09/2020,0
1537,rouse_hill,rouse_hill/S2B_MSIL2A_20201001T000249_N0500_R030_T56HLH_20230308T144539.npy,rouse_hill/S5P_OFFL_L2__NO2____20201001.nc,1/10/2020,5.645398773
1538,rouse_hill,rouse_hill/S2B_MSIL2A_20230409T000229_N0509_R030_T56HLH_20230409T013526.npy,rouse_hill/S5P_OFFL_L2__NO2____20230409.nc,9/04/2023,1.881799591
1539,rouse_hill,rouse_hill/S2A_MSIL2A_20220529T000251_N0400_R030_T56HLH_20220529T030818.npy,rouse_hill/S5P_OFFL_L2__NO2____20220529.nc,29/05/2022,5.645398773
1540,rouse_hill,rouse_hill/S2B_MSIL2A_20210429T000239_N0500_R030_T56HLH_20230511T204921.npy,rouse_hill/S5P_RPRO_L2__NO2____20210429.nc,29/04/2021,11.29079755
1541,rouse_hill,rouse_hill/S2B_MSIL2A_20211225T000239_N0500_R030_T56HLH_20221227T133423.npy,rouse_hill/S5P_OFFL_L2__NO2____20211225.nc,25/12/2021,3.763599182
1542,rouse_hill,rouse_hill/S2B_MSIL2A_20211225T000239_N0500_R030_T56HLH_20221227T133423.npy,rouse_hill/S5P_RPRO_L2__NO2____20211225.nc,25/12/2021,3.763599182
1543,rouse_hill,rouse_hill/S2B_MSIL2A_20190609T000249_N0500_R030_T56HLH_20230605T142227.npy,rouse_hill/S5P_OFFL_L2__NO2____20190609.nc,9/06/2019,11.29079755
1544,rouse_hill,rouse_hill/S2A_MSIL2A_20200219T000231_N0500_R030_T56HLH_20230426T140854.npy,rouse_hill/S5P_OFFL_L2__NO2____20200219.nc,19/02/2020,3.763599182
1545,rouse_hill,rouse_hill/S2A_MSIL2A_20210812T000241_N0500_R030_T56HLH_20230118T225444.npy,rouse_hill/S5P_RPRO_L2__NO2____20210812.nc,12/08/2021,13.17259714
1546,rouse_hill,rouse_hill/S2A_MSIL2A_20210911T000241_N0500_R030_T56HLH_20230114T151656.npy,rouse_hill/S5P_RPRO_L2__NO2____20210911.nc,11/09/2021,3.763599182
1547,rouse_hill,rouse_hill/S2A_MSIL2A_20210911T000241_N0500_R030_T56HLH_20230114T151656.npy,rouse_hill/S5P_OFFL_L2__NO2____20210911.nc,11/09/2021,3.763599182
1548,rouse_hill,rouse_hill/S2B_MSIL2A_20200603T000239_N0500_R030_T56HLH_20230326T112817.npy,rouse_hill/S5P_RPRO_L2__NO2____20200603.nc,3/06/2020,15.05439673
1549,rouse_hill,rouse_hill/S2B_MSIL2A_20230519T000229_N0509_R030_T56HLH_20230519T025302.npy,rouse_hill/S5P_OFFL_L2__NO2____20230519.nc,19/05/2023,20.6997955
1550,rouse_hill,rouse_hill/S2B_MSIL2A_20190729T000249_N0500_R030_T56HLH_20230510T123548.npy,rouse_hill/S5P_OFFL_L2__NO2____20190729.nc,29/07/2019,16.93619632
1551,rouse_hill,rouse_hill/S2B_MSIL2A_20211115T000239_N0500_R030_T56HLH_20230103T224227.npy,rouse_hill/S5P_OFFL_L2__NO2____20211115.nc,15/11/2021,0
1552,rouse_hill,rouse_hill/S2B_MSIL2A_20191106T000239_N0500_R030_T56HLH_20230704T225531.npy,rouse_hill/S5P_RPRO_L2__NO2____20191106.nc,6/11/2019,3.763599182
1553,rouse_hill,rouse_hill/S2B_MSIL2A_20200703T000239_N0500_R030_T56HLH_20230321T145000.npy,rouse_hill/S5P_RPRO_L2__NO2____20200703.nc,3/07/2020,11.29079755
1554,rouse_hill,rouse_hill/S2A_MSIL2A_20200916T000241_N0500_R030_T56HLH_20230313T210727.npy,rouse_hill/S5P_RPRO_L2__NO2____20200916.nc,16/09/2020,9.408997955
1555,rouse_hill,rouse_hill/S2B_MSIL2A_20210718T000239_N0500_R030_T56HLH_20230123T064218.npy,rouse_hill/S5P_RPRO_L2__NO2____20210718.nc,18/07/2021,1.881799591
1556,chullora,chullora/S2A_MSIL2A_20190525T000241_N0500_R030_T56HLH_20221211T040646.npy,chullora/S5P_RPRO_L2__NO2____20190525.nc,25/05/2019,33.87239264
1557,chullora,chullora/S2A_MSIL2A_20201115T000241_N0500_R030_T56HLH_20230303T170603.npy,chullora/S5P_RPRO_L2__NO2____20201115.nc,15/11/2020,13.17259714
1558,chullora,chullora/S2A_MSIL2A_20191101T000241_N0500_R030_T56HLH_20230610T034411.npy,chullora/S5P_RPRO_L2__NO2____20191101.nc,1/11/2019,24.46339468
1559,chullora,chullora/S2B_MSIL2A_20210618T000239_N0500_R030_T56HLH_20230203T073543.npy,chullora/S5P_OFFL_L2__NO2____20210618.nc,18/06/2021,22.58159509
1560,chullora,chullora/S2B_MSIL2A_20201210T000239_N0500_R030_T56HLH_20230225T113104.npy,chullora/S5P_RPRO_L2__NO2____20201210.nc,10/12/2020,13.17259714
1561,chullora,chullora/S2A_MSIL2A_20191022T000241_N0500_R030_T56HLH_20230615T223717.npy,chullora/S5P_OFFL_L2__NO2____20191022.nc,22/10/2019,26.34519427
1562,chullora,chullora/S2B_MSIL2A_20180714T000239_N0500_R030_T56HLH_20230712T203028.npy,chullora/S5P_RPRO_L2__NO2____20180714.nc,14/07/2018,26.34519427
1563,chullora,chullora/S2B_MSIL2A_20211006T000239_N0500_R030_T56HLH_20230111T150222.npy,chullora/S5P_RPRO_L2__NO2____20211006.nc,6/10/2021,24.46339468
1564,chullora,chullora/S2B_MSIL2A_20190907T000239_N0500_R030_T56HLH_20230502T114324.npy,chullora/S5P_OFFL_L2__NO2____20190907.nc,7/09/2019,7.527198364
1565,chullora,chullora/S2B_MSIL2A_20210429T000239_N0500_R030_T56HLH_20230511T204921.npy,chullora/S5P_OFFL_L2__NO2____20210429.nc,29/04/2021,33.87239264
1566,chullora,chullora/S2B_MSIL2A_20211225T000239_N0500_R030_T56HLH_20221227T133423.npy,chullora/S5P_OFFL_L2__NO2____20211225.nc,25/12/2021,7.527198364
1567,chullora,chullora/S2B_MSIL2A_20211225T000239_N0500_R030_T56HLH_20221227T133423.npy,chullora/S5P_RPRO_L2__NO2____20211225.nc,25/12/2021,7.527198364
1568,chullora,chullora/S2B_MSIL2A_20181201T000239_N0500_R030_T56HLH_20230622T053914.npy,chullora/S5P_OFFL_L2__NO2____20181201.nc,1/12/2018,15.05439673
1569,chullora,chullora/S2B_MSIL2A_20200504T000239_N0500_R030_T56HLH_20230401T163920.npy,chullora/S5P_OFFL_L2__NO2____20200504.nc,4/05/2020,18.81799591
1570,chullora,chullora/S2A_MSIL2A_20200219T000231_N0500_R030_T56HLH_20230426T140854.npy,chullora/S5P_OFFL_L2__NO2____20200219.nc,19/02/2020,11.29079755
1571,chullora,chullora/S2B_MSIL2A_20200921T000239_N0500_R030_T56HLH_20230316T064842.npy,chullora/S5P_OFFL_L2__NO2____20200921.nc,21/09/2020,16.93619632
1572,chullora,chullora/S2A_MSIL2A_20210812T000241_N0500_R030_T56HLH_20230118T225444.npy,chullora/S5P_OFFL_L2__NO2____20210812.nc,12/08/2021,22.58159509
1573,chullora,chullora/S2A_MSIL2A_20191221T000231_N0500_R030_T56HLH_20230607T123434.npy,chullora/S5P_RPRO_L2__NO2____20191221.nc,21/12/2019,18.81799591
1574,chullora,chullora/S2B_MSIL2A_20201120T000239_N0500_R030_T56HLH_20230304T083125.npy,chullora/S5P_OFFL_L2__NO2____20201120.nc,20/11/2020,24.46339468
1575,chullora,chullora/S2B_MSIL2A_20210827T000239_N0500_R030_T56HLH_20230121T212645.npy,chullora/S5P_RPRO_L2__NO2____20210827.nc,27/08/2021,16.93619632
1576,chullora,chullora/S2A_MSIL2A_20190803T000251_N0500_R030_T56HLH_20230504T120401.npy,chullora/S5P_OFFL_L2__NO2____20190803.nc,3/08/2019,26.34519427
1577,chullora,chullora/S2A_MSIL2A_20190714T000251_N0500_R030_T56HLH_20230625T030649.npy,chullora/S5P_OFFL_L2__NO2____20190714.nc,14/07/2019,13.17259714
1578,chullora,chullora/S2A_MSIL2A_20200519T000251_N0500_R030_T56HLH_20230402T205856.npy,chullora/S5P_RPRO_L2__NO2____20200519.nc,19/05/2020,30.10879346
1579,chullora,chullora/S2B_MSIL2A_20211115T000239_N0500_R030_T56HLH_20230103T224227.npy,chullora/S5P_RPRO_L2__NO2____20211115.nc,15/11/2021,9.408997955
1580,chullora,chullora/S2A_MSIL2A_20210514T000241_N0500_R030_T56HLH_20230208T180340.npy,chullora/S5P_RPRO_L2__NO2____20210514.nc,14/05/2021,18.81799591
1581,chullora,chullora/S2A_MSIL2A_20200916T000241_N0500_R030_T56HLH_20230313T210727.npy,chullora/S5P_OFFL_L2__NO2____20200916.nc,16/09/2020,33.87239264
1582,chullora,chullora/S2B_MSIL2A_20210419T000239_N0500_R030_T56HLH_20230513T132818.npy,chullora/S5P_OFFL_L2__NO2____20210419.nc,19/04/2021,28.22699387
1583,chullora,chullora/S2A_MSIL2A_20190902T000241_N0500_R030_T56HLH_20230501T045615.npy,chullora/S5P_RPRO_L2__NO2____20190902.nc,2/09/2019,31.99059305
1584,chullora,chullora/S2A_MSIL2A_20181027T000241_N0500_R030_T56HLH_20230705T042922.npy,chullora/S5P_OFFL_L2__NO2____20181027.nc,27/10/2018,13.17259714
1585,chullora,chullora/S2A_MSIL2A_20190813T000241_N0500_R030_T56HLH_20230507T195156.npy,chullora/S5P_RPRO_L2__NO2____20190813.nc,13/08/2019,37.63599182
1586,chullora,chullora/S2B_MSIL2A_20200424T000239_N0500_R030_T56HLH_20230418T224420.npy,chullora/S5P_RPRO_L2__NO2____20200424.nc,24/04/2020,33.87239264
1587,chullora,chullora/S2A_MSIL2A_20210613T000241_N0500_R030_T56HLH_20230201T040303.npy,chullora/S5P_RPRO_L2__NO2____20210613.nc,13/06/2021,15.05439673
1588,chullora,chullora/S2B_MSIL2A_20180505T000239_N0500_R030_T56HLH_20230718T145427.npy,chullora/S5P_RPRO_L2__NO2____20180505.nc,5/05/2018,31.99059305
1589,earlwood,earlwood/S2A_MSIL2A_20201115T000241_N0500_R030_T56HLH_20230303T170603.npy,earlwood/S5P_RPRO_L2__NO2____20201115.nc,15/11/2020,13.17259714
1590,earlwood,earlwood/S2B_MSIL2A_20210618T000239_N0500_R030_T56HLH_20230203T073543.npy,earlwood/S5P_OFFL_L2__NO2____20210618.nc,18/06/2021,22.58159509
1591,earlwood,earlwood/S2B_MSIL2A_20201210T000239_N0500_R030_T56HLH_20230225T113104.npy,earlwood/S5P_OFFL_L2__NO2____20201210.nc,10/12/2020,15.05439673
1592,earlwood,earlwood/S2A_MSIL2A_20181122T235241_N0500_R130_T56HLH_20230703T045757.npy,earlwood/S5P_RPRO_L2__NO2____20181122.nc,22/11/2018,9.408997955
1593,earlwood,earlwood/S2B_MSIL2A_20230218T000219_N0509_R030_T56HLH_20230218T013439.npy,earlwood/S5P_OFFL_L2__NO2____20230218.nc,18/02/2023,13.17259714
1594,earlwood,earlwood/S2B_MSIL2A_20211006T000239_N0500_R030_T56HLH_20230111T150222.npy,earlwood/S5P_RPRO_L2__NO2____20211006.nc,6/10/2021,16.93619632
1595,earlwood,earlwood/S2B_MSIL2A_20201206T235249_N0500_R130_T56HLH_20230225T220555.npy,earlwood/S5P_RPRO_L2__NO2____20201206.nc,6/12/2020,7.527198364
1596,earlwood,earlwood/S2B_MSIL2A_20210515T235249_N0500_R130_T56HLH_20230206T021615.npy,earlwood/S5P_RPRO_L2__NO2____20210515.nc,15/05/2021,16.93619632
1597,earlwood,earlwood/S2B_MSIL2A_20210429T000239_N0500_R030_T56HLH_20230511T204921.npy,earlwood/S5P_RPRO_L2__NO2____20210429.nc,29/04/2021,33.87239264
1598,earlwood,earlwood/S2A_MSIL2A_20210410T235241_N0500_R130_T56HLH_20231031T180000.npy,earlwood/S5P_OFFL_L2__NO2____20210410.nc,10/04/2021,11.29079755
1599,earlwood,earlwood/S2A_MSIL2A_20180725T235251_N0500_R130_T56HLH_20230720T061427.npy,earlwood/S5P_RPRO_L2__NO2____20180725.nc,25/07/2018,43.28139059
1600,earlwood,earlwood/S2A_MSIL2A_20180725T235251_N0500_R130_T56HLH_20230720T061427.npy,earlwood/S5P_OFFL_L2__NO2____20180725.nc,25/07/2018,43.28139059
1601,earlwood,earlwood/S2B_MSIL2A_20200504T000239_N0500_R030_T56HLH_20230401T163920.npy,earlwood/S5P_OFFL_L2__NO2____20200504.nc,4/05/2020,15.05439673
1602,earlwood,earlwood/S2B_MSIL2A_20180724T000239_N0500_R030_T56HLH_20230720T000359.npy,earlwood/S5P_OFFL_L2__NO2____20180724.nc,24/07/2018,30.10879346
1603,earlwood,earlwood/S2A_MSIL2A_20180506T235251_N0500_R130_T56HLH_20231101T191847.npy,earlwood/S5P_RPRO_L2__NO2____20180506.nc,6/05/2018,33.87239264
1604,earlwood,earlwood/S2A_MSIL2A_20181216T000231_N0500_R030_T56HLH_20230629T223105.npy,earlwood/S5P_OFFL_L2__NO2____20181216.nc,16/12/2018,13.17259714
1605,earlwood,earlwood/S2A_MSIL2A_20190610T235251_N0500_R130_T56HLH_20230605T123649.npy,earlwood/S5P_OFFL_L2__NO2____20190610.nc,10/06/2019,20.6997955
1606,earlwood,earlwood/S2A_MSIL2A_20180729T000241_N0500_R030_T56HLH_20230723T064652.npy,earlwood/S5P_RPRO_L2__NO2____20180729.nc,29/07/2018,13.17259714
1607,earlwood,earlwood/S2A_MSIL2A_20210812T000241_N0500_R030_T56HLH_20230118T225444.npy,earlwood/S5P_RPRO_L2__NO2____20210812.nc,12/08/2021,20.6997955
1608,earlwood,earlwood/S2A_MSIL2A_20190710T235251_N0500_R130_T56HLH_20231010T052013.npy,earlwood/S5P_OFFL_L2__NO2____20190710.nc,10/07/2019,31.99059305
1609,earlwood,earlwood/S2A_MSIL2A_20191127T235241_N0500_R130_T56HLH_20231009T231150.npy,earlwood/S5P_RPRO_L2__NO2____20191127.nc,27/11/2019,15.05439673
1610,earlwood,earlwood/S2B_MSIL2A_20191003T235249_N0500_R130_T56HLH_20230613T134844.npy,earlwood/S5P_OFFL_L2__NO2____20191003.nc,3/10/2019,43.28139059
1611,earlwood,earlwood/S2A_MSIL2A_20181202T235241_N0500_R130_T56HLH_20230809T010037.npy,earlwood/S5P_RPRO_L2__NO2____20181202.nc,2/12/2018,9.408997955
1612,earlwood,earlwood/S2B_MSIL2A_20201120T000239_N0500_R030_T56HLH_20230304T083125.npy,earlwood/S5P_OFFL_L2__NO2____20201120.nc,20/11/2020,18.81799591
1613,earlwood,earlwood/S2B_MSIL2A_20200828T235249_N0500_R130_T56HLH_20231101T120558.npy,earlwood/S5P_OFFL_L2__NO2____20200828.nc,28/08/2020,22.58159509
1614,earlwood,earlwood/S2B_MSIL2A_20210827T000239_N0500_R030_T56HLH_20230121T212645.npy,earlwood/S5P_OFFL_L2__NO2____20210827.nc,27/08/2021,20.6997955
1615,earlwood,earlwood/S2A_MSIL2A_20210802T000241_N0500_R030_T56HLH_20230116T111806.npy,earlwood/S5P_RPRO_L2__NO2____20210802.nc,2/08/2021,16.93619632
1616,earlwood,earlwood/S2B_MSIL2A_20180803T000239_N0500_R030_T56HLH_20230719T214114.npy,earlwood/S5P_RPRO_L2__NO2____20180803.nc,3/08/2018,31.99059305
1617,earlwood,earlwood/S2A_MSIL2A_20230305T000221_N0509_R030_T56HLH_20230305T024055.npy,earlwood/S5P_OFFL_L2__NO2____20230305.nc,5/03/2023,9.408997955
1618,earlwood,earlwood/S2A_MSIL2A_20200823T235251_N0500_R130_T56HLH_20230318T183929.npy,earlwood/S5P_OFFL_L2__NO2____20200823.nc,23/08/2020,7.527198364
1619,earlwood,earlwood/S2A_MSIL2A_20200519T000251_N0500_R030_T56HLH_20230402T205856.npy,earlwood/S5P_RPRO_L2__NO2____20200519.nc,19/05/2020,30.10879346
1620,earlwood,earlwood/S2A_MSIL2A_20191107T235251_N0500_R130_T56HLH_20230610T220239.npy,earlwood/S5P_RPRO_L2__NO2____20191107.nc,7/11/2019,16.93619632
1621,earlwood,earlwood/S2A_MSIL2A_20181226T000231_N0500_R030_T56HLH_20230630T210132.npy,earlwood/S5P_RPRO_L2__NO2____20181226.nc,26/12/2018,7.527198364
1622,earlwood,earlwood/S2A_MSIL2A_20230609T235231_N0509_R130_T56HLH_20230610T032946.npy,earlwood/S5P_OFFL_L2__NO2____20230609.nc,9/06/2023,18.81799591
1623,earlwood,earlwood/S2A_MSIL2A_20200803T235251_N0500_R130_T56HLH_20230320T053401.npy,earlwood/S5P_RPRO_L2__NO2____20200803.nc,3/08/2020,35.75419223
1624,earlwood,earlwood/S2A_MSIL2A_20180913T235241_N0500_R130_T56HLH_20231010T110651.npy,earlwood/S5P_RPRO_L2__NO2____20180913.nc,13/09/2018,16.93619632
1625,earlwood,earlwood/S2A_MSIL2A_20190521T235251_N0500_R130_T56HLH_20221216T023231.npy,earlwood/S5P_OFFL_L2__NO2____20190521.nc,21/05/2019,48.92678937
1626,earlwood,earlwood/S2B_MSIL2A_20220410T235239_N0400_R130_T56HLH_20220411T020918.npy,earlwood/S5P_RPRO_L2__NO2____20220410.nc,10/04/2022,16.93619632
1627,earlwood,earlwood/S2B_MSIL2A_20200818T235249_N0500_R130_T56HLH_20230319T052310.npy,earlwood/S5P_OFFL_L2__NO2____20200818.nc,18/08/2020,26.34519427
1628,earlwood,earlwood/S2B_MSIL2A_20220530T235249_N0400_R130_T56HLH_20220531T012325.npy,earlwood/S5P_RPRO_L2__NO2____20220530.nc,30/05/2022,24.46339468
1629,earlwood,earlwood/S2B_MSIL2A_20191112T235249_N0500_R130_T56HLH_20230611T072511.npy,earlwood/S5P_RPRO_L2__NO2____20191112.nc,12/11/2019,16.93619632
1630,earlwood,earlwood/S2B_MSIL2A_20210419T000239_N0500_R030_T56HLH_20230513T132818.npy,earlwood/S5P_RPRO_L2__NO2____20210419.nc,19/04/2021,31.99059305
1631,earlwood,earlwood/S2A_MSIL2A_20211017T235251_N0500_R130_T56HLH_20230107T084750.npy,earlwood/S5P_RPRO_L2__NO2____20211017.nc,17/10/2021,13.17259714
1632,earlwood,earlwood/S2B_MSIL2A_20200121T235239_N0500_R130_T56HLH_20230426T072747.npy,earlwood/S5P_OFFL_L2__NO2____20200121.nc,21/01/2020,20.6997955
1633,earlwood,earlwood/S2B_MSIL2A_20210204T235249_N0500_R130_T56HLH_20231010T155528.npy,earlwood/S5P_OFFL_L2__NO2____20210204.nc,4/02/2021,13.17259714
1634,earlwood,earlwood/S2A_MSIL2A_20181027T000241_N0500_R030_T56HLH_20230705T042922.npy,earlwood/S5P_OFFL_L2__NO2____20181027.nc,27/10/2018,13.17259714
1635,earlwood,earlwood/S2B_MSIL2A_20180521T235239_N0500_R130_T56HLH_20230716T161505.npy,earlwood/S5P_RPRO_L2__NO2____20180521.nc,21/05/2018,24.46339468
1636,earlwood,earlwood/S2B_MSIL2A_20191017T000239_N0500_R030_T56HLH_20230614T100839.npy,earlwood/S5P_RPRO_L2__NO2____20191017.nc,17/10/2019,15.05439673
1637,earlwood,earlwood/S2B_MSIL2A_20200424T000239_N0500_R030_T56HLH_20230418T224420.npy,earlwood/S5P_RPRO_L2__NO2____20200424.nc,24/04/2020,37.63599182
1638,earlwood,earlwood/S2B_MSIL2A_20211022T235249_N0500_R130_T56HLH_20230108T091610.npy,earlwood/S5P_OFFL_L2__NO2____20211022.nc,22/10/2021,15.05439673
1639,earlwood,earlwood/S2B_MSIL2A_20200420T235239_N0500_R130_T56HLH_20230418T191349.npy,earlwood/S5P_RPRO_L2__NO2____20200420.nc,20/04/2020,33.87239264
1640,lindfield,lindfield/S2A_MSIL2A_20180725T235251_N0500_R130_T56HLH_20230720T061427.npy,lindfield/S5P_RPRO_L2__NO2____20180725.nc,25/07/2018,24.46339468
1641,lindfield,lindfield/S2A_MSIL2A_20180725T235251_N0500_R130_T56HLH_20230720T061427.npy,lindfield/S5P_OFFL_L2__NO2____20180725.nc,25/07/2018,24.46339468
1642,lindfield,lindfield/S2B_MSIL2A_20181201T000239_N0500_R030_T56HLH_20230622T053914.npy,lindfield/S5P_RPRO_L2__NO2____20181201.nc,1/12/2018,7.527198364
1643,lindfield,lindfield/S2B_MSIL2A_20180724T000239_N0500_R030_T56HLH_20230720T000359.npy,lindfield/S5P_OFFL_L2__NO2____20180724.nc,24/07/2018,16.93619632
1644,lindfield,lindfield/S2B_MSIL2A_20180724T000239_N0500_R030_T56HLH_20230720T000359.npy,lindfield/S5P_RPRO_L2__NO2____20180724.nc,24/07/2018,16.93619632
1645,lindfield,lindfield/S2A_MSIL2A_20180506T235251_N0500_R130_T56HLH_20231101T191847.npy,lindfield/S5P_RPRO_L2__NO2____20180506.nc,6/05/2018,16.93619632
1646,lindfield,lindfield/S2A_MSIL2A_20190101T235241_N0500_R130_T56HLH_20221219T081434.npy,lindfield/S5P_RPRO_L2__NO2____20190101.nc,1/01/2019,5.645398773
1647,lindfield,lindfield/S2B_MSIL2A_20180809T235239_N0500_R130_T56HLH_20230814T041243.npy,lindfield/S5P_RPRO_L2__NO2____20180809.nc,9/08/2018,20.6997955
1648,lindfield,lindfield/S2A_MSIL2A_20181226T000231_N0500_R030_T56HLH_20230630T210132.npy,lindfield/S5P_RPRO_L2__NO2____20181226.nc,26/12/2018,5.645398773
1649,lindfield,lindfield/S2A_MSIL2A_20180913T235241_N0500_R130_T56HLH_20231010T110651.npy,lindfield/S5P_OFFL_L2__NO2____20180913.nc,13/09/2018,18.81799591
1650,lindfield,lindfield/S2A_MSIL2A_20190521T235251_N0500_R130_T56HLH_20221216T023231.npy,lindfield/S5P_OFFL_L2__NO2____20190521.nc,21/05/2019,24.46339468
1651,lindfield,lindfield/S2A_MSIL2A_20181027T000241_N0500_R030_T56HLH_20230705T042922.npy,lindfield/S5P_OFFL_L2__NO2____20181027.nc,27/10/2018,7.527198364
1652,lindfield,lindfield/S2B_MSIL2A_20180515T000239_N0500_R030_T56HLH_20230811T050335.npy,lindfield/S5P_RPRO_L2__NO2____20180515.nc,15/05/2018,24.46339468
1653,macquarie_park,macquarie_park/S2A_MSIL2A_20190525T000241_N0500_R030_T56HLH_20221211T040646.npy,macquarie_park/S5P_RPRO_L2__NO2____20190525.nc,25/05/2019,11.29079755
1654,macquarie_park,macquarie_park/S2A_MSIL2A_20201115T000241_N0500_R030_T56HLH_20230303T170603.npy,macquarie_park/S5P_OFFL_L2__NO2____20201115.nc,15/11/2020,5.645398773
1655,macquarie_park,macquarie_park/S2B_MSIL2A_20210125T235249_N0500_R130_T56HLH_20230522T130036.npy,macquarie_park/S5P_RPRO_L2__NO2____20210125.nc,25/01/2021,7.527198364
1656,macquarie_park,macquarie_park/S2B_MSIL2A_20210618T000239_N0500_R030_T56HLH_20230203T073543.npy,macquarie_park/S5P_RPRO_L2__NO2____20210618.nc,18/06/2021,7.527198364
1657,macquarie_park,macquarie_park/S2B_MSIL2A_20201210T000239_N0500_R030_T56HLH_20230225T113104.npy,macquarie_park/S5P_RPRO_L2__NO2____20201210.nc,10/12/2020,9.408997955
1658,macquarie_park,macquarie_park/S2A_MSIL2A_20191022T000241_N0500_R030_T56HLH_20230615T223717.npy,macquarie_park/S5P_RPRO_L2__NO2____20191022.nc,22/10/2019,9.408997955
1659,macquarie_park,macquarie_park/S2B_MSIL2A_20201001T000249_N0500_R030_T56HLH_20230308T144539.npy,macquarie_park/S5P_OFFL_L2__NO2____20201001.nc,1/10/2020,3.763599182
1660,macquarie_park,macquarie_park/S2B_MSIL2A_20190828T000249_N0500_R030_T56HLH_20230524T154136.npy,macquarie_park/S5P_OFFL_L2__NO2____20190828.nc,28/08/2019,18.81799591
1661,macquarie_park,macquarie_park/S2B_MSIL2A_20211006T000239_N0500_R030_T56HLH_20230111T150222.npy,macquarie_park/S5P_RPRO_L2__NO2____20211006.nc,6/10/2021,7.527198364
1662,macquarie_park,macquarie_park/S2A_MSIL2A_20190819T235251_N0500_R130_T56HLH_20230513T104914.npy,macquarie_park/S5P_OFFL_L2__NO2____20190819.nc,19/08/2019,7.527198364
1663,macquarie_park,macquarie_park/S2B_MSIL2A_20181111T000239_N0500_R030_T56HLH_20230703T092922.npy,macquarie_park/S5P_RPRO_L2__NO2____20181111.nc,11/11/2018,1.881799591
1664,macquarie_park,macquarie_park/S2B_MSIL2A_20210515T235249_N0500_R130_T56HLH_20230206T021615.npy,macquarie_park/S5P_RPRO_L2__NO2____20210515.nc,15/05/2021,5.645398773
1665,macquarie_park,macquarie_park/S2B_MSIL2A_20190907T000239_N0500_R030_T56HLH_20230502T114324.npy,macquarie_park/S5P_RPRO_L2__NO2____20190907.nc,7/09/2019,3.763599182
1666,macquarie_park,macquarie_park/S2B_MSIL2A_20210429T000239_N0500_R030_T56HLH_20230511T204921.npy,macquarie_park/S5P_RPRO_L2__NO2____20210429.nc,29/04/2021,9.408997955
1667,macquarie_park,macquarie_park/S2A_MSIL2A_20180725T235251_N0500_R130_T56HLH_20230720T061427.npy,macquarie_park/S5P_RPRO_L2__NO2____20180725.nc,25/07/2018,15.05439673
1668,macquarie_park,macquarie_park/S2A_MSIL2A_20180725T235251_N0500_R130_T56HLH_20230720T061427.npy,macquarie_park/S5P_OFFL_L2__NO2____20180725.nc,25/07/2018,15.05439673
1669,macquarie_park,macquarie_park/S2B_MSIL2A_20200504T000239_N0500_R030_T56HLH_20230401T163920.npy,macquarie_park/S5P_OFFL_L2__NO2____20200504.nc,4/05/2020,13.17259714
1670,macquarie_park,macquarie_park/S2B_MSIL2A_20200921T000239_N0500_R030_T56HLH_20230316T064842.npy,macquarie_park/S5P_OFFL_L2__NO2____20200921.nc,21/09/2020,1.881799591
1671,macquarie_park,macquarie_park/S2A_MSIL2A_20180729T000241_N0500_R030_T56HLH_20230723T064652.npy,macquarie_park/S5P_RPRO_L2__NO2____20180729.nc,29/07/2018,3.763599182
1672,macquarie_park,macquarie_park/S2A_MSIL2A_20180715T235251_N0500_R130_T56HLH_20230712T180527.npy,macquarie_park/S5P_OFFL_L2__NO2____20180715.nc,15/07/2018,18.81799591
1673,macquarie_park,macquarie_park/S2A_MSIL2A_20191121T000241_N0500_R030_T56HLH_20230611T234025.npy,macquarie_park/S5P_RPRO_L2__NO2____20191121.nc,21/11/2019,7.527198364
1674,macquarie_park,macquarie_park/S2B_MSIL2A_20201120T000239_N0500_R030_T56HLH_20230304T083125.npy,macquarie_park/S5P_RPRO_L2__NO2____20201120.nc,20/11/2020,7.527198364
1675,macquarie_park,macquarie_park/S2A_MSIL2A_20180927T000241_N0500_R030_T56HLH_20230710T030650.npy,macquarie_park/S5P_RPRO_L2__NO2____20180927.nc,27/09/2018,13.17259714
1676,macquarie_park,macquarie_park/S2B_MSIL2A_20210827T000239_N0500_R030_T56HLH_20230121T212645.npy,macquarie_park/S5P_RPRO_L2__NO2____20210827.nc,27/08/2021,7.527198364
1677,macquarie_park,macquarie_park/S2A_MSIL2A_20210802T000241_N0500_R030_T56HLH_20230116T111806.npy,macquarie_park/S5P_OFFL_L2__NO2____20210802.nc,2/08/2021,5.645398773
1678,macquarie_park,macquarie_park/S2B_MSIL2A_20230519T000229_N0509_R030_T56HLH_20230519T025302.npy,macquarie_park/S5P_OFFL_L2__NO2____20230519.nc,19/05/2023,15.05439673
1679,macquarie_park,macquarie_park/S2A_MSIL2A_20190425T000241_N0500_R030_T56HLH_20221101T182000.npy,macquarie_park/S5P_RPRO_L2__NO2____20190425.nc,25/04/2019,7.527198364
1680,macquarie_park,macquarie_park/S2A_MSIL2A_20200405T235241_N0500_R130_T56HLH_20230410T190033.npy,macquarie_park/S5P_RPRO_L2__NO2____20200405.nc,5/04/2020,1.881799591
1681,macquarie_park,macquarie_park/S2A_MSIL2A_20200823T235251_N0500_R130_T56HLH_20230318T183929.npy,macquarie_park/S5P_OFFL_L2__NO2____20200823.nc,23/08/2020,1.881799591
1682,macquarie_park,macquarie_park/S2A_MSIL2A_20200519T000251_N0500_R030_T56HLH_20230402T205856.npy,macquarie_park/S5P_OFFL_L2__NO2____20200519.nc,19/05/2020,11.29079755
1683,macquarie_park,macquarie_park/S2B_MSIL2A_20190729T000249_N0500_R030_T56HLH_20230510T123548.npy,macquarie_park/S5P_OFFL_L2__NO2____20190729.nc,29/07/2019,18.81799591
1684,macquarie_park,macquarie_park/S2A_MSIL2A_20181102T235241_N0500_R130_T56HLH_20230707T232951.npy,macquarie_park/S5P_OFFL_L2__NO2____20181102.nc,2/11/2018,3.763599182
1685,macquarie_park,macquarie_park/S2B_MSIL2A_20230330T000229_N0509_R030_T56HLH_20230330T014225.npy,macquarie_park/S5P_OFFL_L2__NO2____20230330.nc,30/03/2023,9.408997955
1686,macquarie_park,macquarie_park/S2A_MSIL2A_20200803T235251_N0500_R130_T56HLH_20230320T053401.npy,macquarie_park/S5P_OFFL_L2__NO2____20200803.nc,3/08/2020,11.29079755
1687,macquarie_park,macquarie_park/S2B_MSIL2A_20201226T235239_N0500_R130_T56HLH_20230306T014518.npy,macquarie_park/S5P_OFFL_L2__NO2____20201226.nc,26/12/2020,1.881799591
1688,macquarie_park,macquarie_park/S2A_MSIL2A_20180818T000241_N0500_R030_T56HLH_20230628T134648.npy,macquarie_park/S5P_RPRO_L2__NO2____20180818.nc,18/08/2018,5.645398773
1689,macquarie_park,macquarie_park/S2B_MSIL2A_20191106T000239_N0500_R030_T56HLH_20230704T225531.npy,macquarie_park/S5P_RPRO_L2__NO2____20191106.nc,6/11/2019,5.645398773
1690,macquarie_park,macquarie_park/S2B_MSIL2A_20220530T235249_N0400_R130_T56HLH_20220531T012325.npy,macquarie_park/S5P_RPRO_L2__NO2____20220530.nc,30/05/2022,5.645398773
1691,macquarie_park,macquarie_park/S2B_MSIL2A_20200703T000239_N0500_R030_T56HLH_20230321T145000.npy,macquarie_park/S5P_RPRO_L2__NO2____20200703.nc,3/07/2020,16.93619632
1692,macquarie_park,macquarie_park/S2A_MSIL2A_20201012T235251_N0500_R130_T56HLH_20230307T072141.npy,macquarie_park/S5P_OFFL_L2__NO2____20201012.nc,12/10/2020,7.527198364
1693,macquarie_park,macquarie_park/S2A_MSIL2A_20210729T235251_N0500_R130_T56HLH_20230308T172238.npy,macquarie_park/S5P_OFFL_L2__NO2____20210729.nc,29/07/2021,7.527198364
1694,macquarie_park,macquarie_park/S2A_MSIL2A_20190902T000241_N0500_R030_T56HLH_20230501T045615.npy,macquarie_park/S5P_OFFL_L2__NO2____20190902.nc,2/09/2019,15.05439673
1695,macquarie_park,macquarie_park/S2B_MSIL2A_20210204T235249_N0500_R130_T56HLH_20231010T155528.npy,macquarie_park/S5P_OFFL_L2__NO2____20210204.nc,4/02/2021,1.881799591
1696,macquarie_park,macquarie_park/S2A_MSIL2A_20190813T000241_N0500_R030_T56HLH_20230507T195156.npy,macquarie_park/S5P_OFFL_L2__NO2____20190813.nc,13/08/2019,20.6997955
1697,macquarie_park,macquarie_park/S2A_MSIL2A_20210613T000241_N0500_R030_T56HLH_20230201T040303.npy,macquarie_park/S5P_RPRO_L2__NO2____20210613.nc,13/06/2021,7.527198364
1698,macquarie_park,macquarie_park/S2B_MSIL2A_20211022T235249_N0500_R130_T56HLH_20230108T091610.npy,macquarie_park/S5P_RPRO_L2__NO2____20211022.nc,22/10/2021,7.527198364
1699,randwick,randwick/S2A_MSIL2A_20190525T000241_N0500_R030_T56HLH_20221211T040646.npy,randwick/S5P_OFFL_L2__NO2____20190525.nc,25/05/2019,26.34519427
1700,randwick,randwick/S2B_MSIL2A_20210125T235249_N0500_R130_T56HLH_20230522T130036.npy,randwick/S5P_OFFL_L2__NO2____20210125.nc,25/01/2021,0
1701,randwick,randwick/S2B_MSIL2A_20210525T235249_N0500_R130_T56HLH_20230205T234802.npy,randwick/S5P_RPRO_L2__NO2____20210525.nc,25/05/2021,16.93619632
1702,randwick,randwick/S2A_MSIL2A_20200926T000251_N0500_R030_T56HLH_20230320T104056.npy,randwick/S5P_OFFL_L2__NO2____20200926.nc,26/09/2020,1.881799591
1703,randwick,randwick/S2B_MSIL2A_20230409T000229_N0509_R030_T56HLH_20230409T013526.npy,randwick/S5P_OFFL_L2__NO2____20230409.nc,9/04/2023,5.645398773
1704,randwick,randwick/S2B_MSIL2A_20211006T000239_N0500_R030_T56HLH_20230111T150222.npy,randwick/S5P_RPRO_L2__NO2____20211006.nc,6/10/2021,5.645398773
1705,randwick,randwick/S2B_MSIL2A_20181111T000239_N0500_R030_T56HLH_20230703T092922.npy,randwick/S5P_OFFL_L2__NO2____20181111.nc,11/11/2018,13.17259714
1706,randwick,randwick/S2A_MSIL2A_20230504T000221_N0509_R030_T56HLH_20230504T041857.npy,randwick/S5P_OFFL_L2__NO2____20230504.nc,4/05/2023,16.93619632
1707,randwick,randwick/S2A_MSIL2A_20230209T235231_N0509_R130_T56HLH_20230210T023752.npy,randwick/S5P_OFFL_L2__NO2____20230209.nc,9/02/2023,3.763599182
1708,randwick,randwick/S2B_MSIL2A_20210429T000239_N0500_R030_T56HLH_20230511T204921.npy,randwick/S5P_OFFL_L2__NO2____20210429.nc,29/04/2021,15.05439673
1709,randwick,randwick/S2B_MSIL2A_20230529T000229_N0509_R030_T56HLH_20230529T013045.npy,randwick/S5P_OFFL_L2__NO2____20230529.nc,29/05/2023,24.46339468
1710,randwick,randwick/S2B_MSIL2A_20200504T000239_N0500_R030_T56HLH_20230401T163920.npy,randwick/S5P_RPRO_L2__NO2____20200504.nc,4/05/2020,13.17259714
1711,randwick,randwick/S2A_MSIL2A_20180729T000241_N0500_R030_T56HLH_20230723T064652.npy,randwick/S5P_RPRO_L2__NO2____20180729.nc,29/07/2018,5.645398773
1712,randwick,randwick/S2A_MSIL2A_20191127T235241_N0500_R130_T56HLH_20231009T231150.npy,randwick/S5P_OFFL_L2__NO2____20191127.nc,27/11/2019,5.645398773
1713,randwick,randwick/S2A_MSIL2A_20210911T000241_N0500_R030_T56HLH_20230114T151656.npy,randwick/S5P_RPRO_L2__NO2____20210911.nc,11/09/2021,9.408997955
1714,randwick,randwick/S2A_MSIL2A_20210911T000241_N0500_R030_T56HLH_20230114T151656.npy,randwick/S5P_OFFL_L2__NO2____20210911.nc,11/09/2021,9.408997955
1715,randwick,randwick/S2B_MSIL2A_20210807T000239_N0500_R030_T56HLH_20230116T231458.npy,randwick/S5P_RPRO_L2__NO2____20210807.nc,7/08/2021,7.527198364
1716,randwick,randwick/S2B_MSIL2A_20191003T235249_N0500_R130_T56HLH_20230613T134844.npy,randwick/S5P_RPRO_L2__NO2____20191003.nc,3/10/2019,28.22699387
1717,randwick,randwick/S2A_MSIL2A_20180520T000241_N0500_R030_T56HLH_20230913T075554.npy,randwick/S5P_RPRO_L2__NO2____20180520.nc,20/05/2018,22.58159509
1718,randwick,randwick/S2A_MSIL2A_20180927T000241_N0500_R030_T56HLH_20230710T030650.npy,randwick/S5P_RPRO_L2__NO2____20180927.nc,27/09/2018,22.58159509
1719,randwick,randwick/S2B_MSIL2A_20200603T000239_N0500_R030_T56HLH_20230326T112817.npy,randwick/S5P_OFFL_L2__NO2____20200603.nc,3/06/2020,13.17259714
1720,randwick,randwick/S2B_MSIL2A_20190923T235249_N0500_R130_T56HLH_20230503T073737.npy,randwick/S5P_RPRO_L2__NO2____20190923.nc,23/09/2019,15.05439673
1721,randwick,randwick/S2A_MSIL2A_20230305T000221_N0509_R030_T56HLH_20230305T024055.npy,randwick/S5P_OFFL_L2__NO2____20230305.nc,5/03/2023,5.645398773
1722,randwick,randwick/S2A_MSIL2A_20200823T235251_N0500_R130_T56HLH_20230318T183929.npy,randwick/S5P_OFFL_L2__NO2____20200823.nc,23/08/2020,1.881799591
1723,randwick,randwick/S2A_MSIL2A_20200519T000251_N0500_R030_T56HLH_20230402T205856.npy,randwick/S5P_OFFL_L2__NO2____20200519.nc,19/05/2020,16.93619632
1724,randwick,randwick/S2B_MSIL2A_20190729T000249_N0500_R030_T56HLH_20230510T123548.npy,randwick/S5P_RPRO_L2__NO2____20190729.nc,29/07/2019,35.75419223
1725,randwick,randwick/S2A_MSIL2A_20191107T235251_N0500_R130_T56HLH_20230610T220239.npy,randwick/S5P_RPRO_L2__NO2____20191107.nc,7/11/2019,5.645398773
1726,randwick,randwick/S2B_MSIL2A_20230330T000229_N0509_R030_T56HLH_20230330T014225.npy,randwick/S5P_OFFL_L2__NO2____20230330.nc,30/03/2023,18.81799591
1727,randwick,randwick/S2A_MSIL2A_20200803T235251_N0500_R130_T56HLH_20230320T053401.npy,randwick/S5P_OFFL_L2__NO2____20200803.nc,3/08/2020,33.87239264
1728,randwick,randwick/S2A_MSIL2A_20180818T000241_N0500_R030_T56HLH_20230628T134648.npy,randwick/S5P_RPRO_L2__NO2____20180818.nc,18/08/2018,15.05439673
1729,randwick,randwick/S2A_MSIL2A_20180818T000241_N0500_R030_T56HLH_20230628T134648.npy,randwick/S5P_OFFL_L2__NO2____20180818.nc,18/08/2018,15.05439673
1730,randwick,randwick/S2A_MSIL2A_20200614T235251_N0500_R130_T56HLH_20230402T213918.npy,randwick/S5P_OFFL_L2__NO2____20200614.nc,14/06/2020,13.17259714
1731,randwick,randwick/S2B_MSIL2A_20191106T000239_N0500_R030_T56HLH_20230704T225531.npy,randwick/S5P_OFFL_L2__NO2____20191106.nc,6/11/2019,15.05439673
1732,randwick,randwick/S2B_MSIL2A_20220410T235239_N0400_R130_T56HLH_20220411T020918.npy,randwick/S5P_OFFL_L2__NO2____20220410.nc,10/04/2022,11.29079755
1733,randwick,randwick/S2B_MSIL2A_20220410T235239_N0400_R130_T56HLH_20220411T020918.npy,randwick/S5P_RPRO_L2__NO2____20220410.nc,10/04/2022,11.29079755
1734,randwick,randwick/S2B_MSIL2A_20200703T000239_N0500_R030_T56HLH_20230321T145000.npy,randwick/S5P_RPRO_L2__NO2____20200703.nc,3/07/2020,15.05439673
1735,randwick,randwick/S2B_MSIL2A_20191112T235249_N0500_R130_T56HLH_20230611T072511.npy,randwick/S5P_OFFL_L2__NO2____20191112.nc,12/11/2019,11.29079755
1736,randwick,randwick/S2A_MSIL2A_20200916T000241_N0500_R030_T56HLH_20230313T210727.npy,randwick/S5P_RPRO_L2__NO2____20200916.nc,16/09/2020,16.93619632
1737,randwick,randwick/S2B_MSIL2A_20210419T000239_N0500_R030_T56HLH_20230513T132818.npy,randwick/S5P_RPRO_L2__NO2____20210419.nc,19/04/2021,22.58159509
1738,randwick,randwick/S2B_MSIL2A_20210718T000239_N0500_R030_T56HLH_20230123T064218.npy,randwick/S5P_OFFL_L2__NO2____20210718.nc,18/07/2021,7.527198364
1739,randwick,randwick/S2B_MSIL2A_20200121T235239_N0500_R130_T56HLH_20230426T072747.npy,randwick/S5P_RPRO_L2__NO2____20200121.nc,21/01/2020,11.29079755
1740,randwick,randwick/S2B_MSIL2A_20180505T000239_N0500_R030_T56HLH_20230718T145427.npy,randwick/S5P_RPRO_L2__NO2____20180505.nc,5/05/2018,26.34519427
1741,randwick,randwick/S2B_MSIL2A_20211022T235249_N0500_R130_T56HLH_20230108T091610.npy,randwick/S5P_RPRO_L2__NO2____20211022.nc,22/10/2021,3.763599182
1742,randwick,randwick/S2A_MSIL2A_20200922T235251_N0500_R130_T56HLH_20230312T231054.npy,randwick/S5P_OFFL_L2__NO2____20200922.nc,22/09/2020,7.527198364
1743,randwick,randwick/S2B_MSIL2A_20200420T235239_N0500_R130_T56HLH_20230418T191349.npy,randwick/S5P_RPRO_L2__NO2____20200420.nc,20/04/2020,31.99059305
1744,rozelle,rozelle/S2A_MSIL2A_20190525T000241_N0500_R030_T56HLH_20221211T040646.npy,rozelle/S5P_OFFL_L2__NO2____20190525.nc,25/05/2019,31.99059305
1745,rozelle,rozelle/S2A_MSIL2A_20201115T000241_N0500_R030_T56HLH_20230303T170603.npy,rozelle/S5P_RPRO_L2__NO2____20201115.nc,15/11/2020,7.527198364
1746,rozelle,rozelle/S2B_MSIL2A_20210618T000239_N0500_R030_T56HLH_20230203T073543.npy,rozelle/S5P_RPRO_L2__NO2____20210618.nc,18/06/2021,15.05439673
1747,rozelle,rozelle/S2B_MSIL2A_20201210T000239_N0500_R030_T56HLH_20230225T113104.npy,rozelle/S5P_OFFL_L2__NO2____20201210.nc,10/12/2020,13.17259714
1748,rozelle,rozelle/S2A_MSIL2A_20191022T000241_N0500_R030_T56HLH_20230615T223717.npy,rozelle/S5P_OFFL_L2__NO2____20191022.nc,22/10/2019,18.81799591
1749,rozelle,rozelle/S2B_MSIL2A_20180714T000239_N0500_R030_T56HLH_20230712T203028.npy,rozelle/S5P_RPRO_L2__NO2____20180714.nc,14/07/2018,28.22699387
1750,rozelle,rozelle/S2B_MSIL2A_20201001T000249_N0500_R030_T56HLH_20230308T144539.npy,rozelle/S5P_OFFL_L2__NO2____20201001.nc,1/10/2020,13.17259714
1751,rozelle,rozelle/S2B_MSIL2A_20190828T000249_N0500_R030_T56HLH_20230524T154136.npy,rozelle/S5P_OFFL_L2__NO2____20190828.nc,28/08/2019,33.87239264
1752,rozelle,rozelle/S2B_MSIL2A_20211006T000239_N0500_R030_T56HLH_20230111T150222.npy,rozelle/S5P_RPRO_L2__NO2____20211006.nc,6/10/2021,13.17259714
1753,rozelle,rozelle/S2A_MSIL2A_20190819T235251_N0500_R130_T56HLH_20230513T104914.npy,rozelle/S5P_RPRO_L2__NO2____20190819.nc,19/08/2019,5.645398773
1754,rozelle,rozelle/S2B_MSIL2A_20201206T235249_N0500_R130_T56HLH_20230225T220555.npy,rozelle/S5P_RPRO_L2__NO2____20201206.nc,6/12/2020,1.881799591
1755,rozelle,rozelle/S2B_MSIL2A_20181111T000239_N0500_R030_T56HLH_20230703T092922.npy,rozelle/S5P_OFFL_L2__NO2____20181111.nc,11/11/2018,15.05439673
1756,rozelle,rozelle/S2B_MSIL2A_20210724T235249_N0500_R130_T56HLH_20230123T022009.npy,rozelle/S5P_OFFL_L2__NO2____20210724.nc,24/07/2021,5.645398773
1757,rozelle,rozelle/S2B_MSIL2A_20210515T235249_N0500_R130_T56HLH_20230206T021615.npy,rozelle/S5P_OFFL_L2__NO2____20210515.nc,15/05/2021,7.527198364
1758,rozelle,rozelle/S2A_MSIL2A_20230504T000221_N0509_R030_T56HLH_20230504T041857.npy,rozelle/S5P_OFFL_L2__NO2____20230504.nc,4/05/2023,18.81799591
1759,rozelle,rozelle/S2B_MSIL2A_20190907T000239_N0500_R030_T56HLH_20230502T114324.npy,rozelle/S5P_RPRO_L2__NO2____20190907.nc,7/09/2019,3.763599182
1760,rozelle,rozelle/S2B_MSIL2A_20210429T000239_N0500_R030_T56HLH_20230511T204921.npy,rozelle/S5P_OFFL_L2__NO2____20210429.nc,29/04/2021,28.22699387
1761,rozelle,rozelle/S2B_MSIL2A_20211225T000239_N0500_R030_T56HLH_20221227T133423.npy,rozelle/S5P_RPRO_L2__NO2____20211225.nc,25/12/2021,0
1762,rozelle,rozelle/S2A_MSIL2A_20210410T235241_N0500_R130_T56HLH_20231031T180000.npy,rozelle/S5P_RPRO_L2__NO2____20210410.nc,10/04/2021,7.527198364
1763,rozelle,rozelle/S2B_MSIL2A_20181201T000239_N0500_R030_T56HLH_20230622T053914.npy,rozelle/S5P_OFFL_L2__NO2____20181201.nc,1/12/2018,9.408997955
1764,rozelle,rozelle/S2A_MSIL2A_20200219T000231_N0500_R030_T56HLH_20230426T140854.npy,rozelle/S5P_RPRO_L2__NO2____20200219.nc,19/02/2020,9.408997955
1765,rozelle,rozelle/S2A_MSIL2A_20210812T000241_N0500_R030_T56HLH_20230118T225444.npy,rozelle/S5P_OFFL_L2__NO2____20210812.nc,12/08/2021,16.93619632
1766,rozelle,rozelle/S2A_MSIL2A_20190720T235251_N0500_R130_T56HLH_20230625T064035.npy,rozelle/S5P_OFFL_L2__NO2____20190720.nc,20/07/2019,24.46339468
1767,rozelle,rozelle/S2A_MSIL2A_20191121T000241_N0500_R030_T56HLH_20230611T234025.npy,rozelle/S5P_RPRO_L2__NO2____20191121.nc,21/11/2019,18.81799591
1768,rozelle,rozelle/S2B_MSIL2A_20230125T235229_N0509_R130_T56HLH_20230126T011303.npy,rozelle/S5P_OFFL_L2__NO2____20230125.nc,25/01/2023,16.93619632
1769,rozelle,rozelle/S2B_MSIL2A_20201120T000239_N0500_R030_T56HLH_20230304T083125.npy,rozelle/S5P_OFFL_L2__NO2____20201120.nc,20/11/2020,16.93619632
1770,rozelle,rozelle/S2B_MSIL2A_20200828T235249_N0500_R130_T56HLH_20231101T120558.npy,rozelle/S5P_RPRO_L2__NO2____20200828.nc,28/08/2020,20.6997955
1771,rozelle,rozelle/S2B_MSIL2A_20210827T000239_N0500_R030_T56HLH_20230121T212645.npy,rozelle/S5P_RPRO_L2__NO2____20210827.nc,27/08/2021,18.81799591
1772,rozelle,rozelle/S2A_MSIL2A_20210802T000241_N0500_R030_T56HLH_20230116T111806.npy,rozelle/S5P_OFFL_L2__NO2____20210802.nc,2/08/2021,13.17259714
1773,rozelle,rozelle/S2B_MSIL2A_20230519T000229_N0509_R030_T56HLH_20230519T025302.npy,rozelle/S5P_OFFL_L2__NO2____20230519.nc,19/05/2023,30.10879346
1774,rozelle,rozelle/S2B_MSIL2A_20190923T235249_N0500_R130_T56HLH_20230503T073737.npy,rozelle/S5P_RPRO_L2__NO2____20190923.nc,23/09/2019,16.93619632
1775,rozelle,rozelle/S2A_MSIL2A_20200405T235241_N0500_R130_T56HLH_20230410T190033.npy,rozelle/S5P_OFFL_L2__NO2____20200405.nc,5/04/2020,5.645398773
1776,rozelle,rozelle/S2B_MSIL2A_20180803T000239_N0500_R030_T56HLH_20230719T214114.npy,rozelle/S5P_RPRO_L2__NO2____20180803.nc,3/08/2018,26.34519427
1777,rozelle,rozelle/S2A_MSIL2A_20190803T000251_N0500_R030_T56HLH_20230504T120401.npy,rozelle/S5P_OFFL_L2__NO2____20190803.nc,3/08/2019,28.22699387
1778,rozelle,rozelle/S2B_MSIL2A_20210813T235249_N0500_R130_T56HLH_20230119T023539.npy,rozelle/S5P_OFFL_L2__NO2____20210813.nc,13/08/2021,28.22699387
1779,rozelle,rozelle/S2A_MSIL2A_20181102T235241_N0500_R130_T56HLH_20230707T232951.npy,rozelle/S5P_RPRO_L2__NO2____20181102.nc,2/11/2018,15.05439673
1780,rozelle,rozelle/S2A_MSIL2A_20191107T235251_N0500_R130_T56HLH_20230610T220239.npy,rozelle/S5P_RPRO_L2__NO2____20191107.nc,7/11/2019,9.408997955
1781,rozelle,rozelle/S2A_MSIL2A_20230609T235231_N0509_R130_T56HLH_20230610T032946.npy,rozelle/S5P_OFFL_L2__NO2____20230609.nc,9/06/2023,13.17259714
1782,rozelle,rozelle/S2B_MSIL2A_20211115T000239_N0500_R030_T56HLH_20230103T224227.npy,rozelle/S5P_OFFL_L2__NO2____20211115.nc,15/11/2021,1.881799591
1783,rozelle,rozelle/S2A_MSIL2A_20180818T000241_N0500_R030_T56HLH_20230628T134648.npy,rozelle/S5P_RPRO_L2__NO2____20180818.nc,18/08/2018,13.17259714
1784,rozelle,rozelle/S2A_MSIL2A_20180818T000241_N0500_R030_T56HLH_20230628T134648.npy,rozelle/S5P_OFFL_L2__NO2____20180818.nc,18/08/2018,13.17259714
1785,rozelle,rozelle/S2B_MSIL2A_20191106T000239_N0500_R030_T56HLH_20230704T225531.npy,rozelle/S5P_OFFL_L2__NO2____20191106.nc,6/11/2019,20.6997955
1786,rozelle,rozelle/S2B_MSIL2A_20220410T235239_N0400_R130_T56HLH_20220411T020918.npy,rozelle/S5P_RPRO_L2__NO2____20220410.nc,10/04/2022,9.408997955
1787,rozelle,rozelle/S2A_MSIL2A_20211017T235251_N0500_R130_T56HLH_20230107T084750.npy,rozelle/S5P_RPRO_L2__NO2____20211017.nc,17/10/2021,5.645398773
1788,rozelle,rozelle/S2A_MSIL2A_20210729T235251_N0500_R130_T56HLH_20230308T172238.npy,rozelle/S5P_RPRO_L2__NO2____20210729.nc,29/07/2021,9.408997955
1789,rozelle,rozelle/S2B_MSIL2A_20200121T235239_N0500_R130_T56HLH_20230426T072747.npy,rozelle/S5P_OFFL_L2__NO2____20200121.nc,21/01/2020,15.05439673
1790,rozelle,rozelle/S2A_MSIL2A_20190902T000241_N0500_R030_T56HLH_20230501T045615.npy,rozelle/S5P_OFFL_L2__NO2____20190902.nc,2/09/2019,26.34519427
1791,rozelle,rozelle/S2A_MSIL2A_20190125T000241_N0500_R030_T56HLH_20221130T213118.npy,rozelle/S5P_RPRO_L2__NO2____20190125.nc,25/01/2019,18.81799591
1792,rozelle,rozelle/S2A_MSIL2A_20181027T000241_N0500_R030_T56HLH_20230705T042922.npy,rozelle/S5P_OFFL_L2__NO2____20181027.nc,27/10/2018,11.29079755
1793,rozelle,rozelle/S2B_MSIL2A_20191017T000239_N0500_R030_T56HLH_20230614T100839.npy,rozelle/S5P_OFFL_L2__NO2____20191017.nc,17/10/2019,13.17259714
1794,rozelle,rozelle/S2A_MSIL2A_20210613T000241_N0500_R030_T56HLH_20230201T040303.npy,rozelle/S5P_RPRO_L2__NO2____20210613.nc,13/06/2021,11.29079755
1795,rozelle,rozelle/S2B_MSIL2A_20211022T235249_N0500_R130_T56HLH_20230108T091610.npy,rozelle/S5P_OFFL_L2__NO2____20211022.nc,22/10/2021,15.05439673
1796,rozelle,rozelle/S2B_MSIL2A_20200420T235239_N0500_R130_T56HLH_20230418T191349.npy,rozelle/S5P_RPRO_L2__NO2____20200420.nc,20/04/2020,28.22699387
1797,alexandria,alexandria/S2B_MSIL2A_20230218T000219_N0509_R030_T56HLH_20230218T013439.npy,alexandria/S5P_OFFL_L2__NO2____20230218.nc,18/02/2023,15.05439673
1798,alexandria,alexandria/S2B_MSIL2A_20230125T235229_N0509_R130_T56HLH_20230126T011303.npy,alexandria/S5P_OFFL_L2__NO2____20230125.nc,25/01/2023,16.93619632
1799,alexandria,alexandria/S2B_MSIL2A_20230519T000229_N0509_R030_T56HLH_20230519T025302.npy,alexandria/S5P_OFFL_L2__NO2____20230519.nc,19/05/2023,30.10879346
1800,alexandria,alexandria/S2B_MSIL2A_20211115T000239_N0500_R030_T56HLH_20230103T224227.npy,alexandria/S5P_RPRO_L2__NO2____20211115.nc,15/11/2021,11.29079755
1801,alexandria,alexandria/S2B_MSIL2A_20220410T235239_N0400_R130_T56HLH_20220411T020918.npy,alexandria/S5P_OFFL_L2__NO2____20220410.nc,10/04/2022,18.81799591
1802,alexandria,alexandria/S2B_MSIL2A_20220530T235249_N0400_R130_T56HLH_20220531T012325.npy,alexandria/S5P_RPRO_L2__NO2____20220530.nc,30/05/2022,26.34519427
1803,alexandria,alexandria/S2B_MSIL2A_20211022T235249_N0500_R130_T56HLH_20230108T091610.npy,alexandria/S5P_OFFL_L2__NO2____20211022.nc,22/10/2021,16.93619632
1804,port_macquarie,port_macquarie/S2B_MSIL2A_20210125T235249_N0500_R130_T56JML_20230522T130036.npy,port_macquarie/S5P_OFFL_L2__NO2____20210125.nc,25/01/2021,1.881799591
1805,port_macquarie,port_macquarie/S2B_MSIL2A_20210704T235249_N0500_R130_T56JML_20230308T164813.npy,port_macquarie/S5P_RPRO_L2__NO2____20210704.nc,4/07/2021,3.763599182
1806,port_macquarie,port_macquarie/S2B_MSIL2A_20210704T235249_N0500_R130_T56JML_20230308T164813.npy,port_macquarie/S5P_OFFL_L2__NO2____20210704.nc,4/07/2021,3.763599182
1807,port_macquarie,port_macquarie/S2A_MSIL2A_20191127T235241_N0500_R130_T56JML_20231009T231150.npy,port_macquarie/S5P_RPRO_L2__NO2____20191127.nc,27/11/2019,7.527198364
1808,port_macquarie,port_macquarie/S2A_MSIL2A_20231226T235231_N0510_R130_T56JML_20231227T021750.npy,port_macquarie/S5P_OFFL_L2__NO2____20231226.nc,26/12/2023,1.881799591
1809,port_macquarie,port_macquarie/S2A_MSIL2A_20191217T235241_N0500_R130_T56JML_20230608T170912.npy,port_macquarie/S5P_OFFL_L2__NO2____20191217.nc,17/12/2019,7.527198364
1810,port_macquarie,port_macquarie/S2A_MSIL2A_20200922T235251_N0500_R130_T56JML_20230312T231054.npy,port_macquarie/S5P_OFFL_L2__NO2____20200922.nc,22/09/2020,9.408997955
1811,port_macquarie,port_macquarie/S2B_MSIL2A_20220530T235249_N0400_R130_T56JML_20220531T012325.npy,port_macquarie/S5P_OFFL_L2__NO2____20220530.nc,30/05/2022,9.408997955
1812,port_macquarie,port_macquarie/S2B_MSIL2A_20190913T235249_N0500_R130_T56JML_20230501T055346.npy,port_macquarie/S5P_OFFL_L2__NO2____20190913.nc,13/09/2019,15.05439673
1813,port_macquarie,port_macquarie/S2B_MSIL2A_20220420T235239_N0400_R130_T56JML_20220421T021857.npy,port_macquarie/S5P_OFFL_L2__NO2____20220420.nc,20/04/2022,3.763599182
1814,port_macquarie,port_macquarie/S2B_MSIL2A_20200121T235239_N0500_R130_T56JML_20230426T072747.npy,port_macquarie/S5P_OFFL_L2__NO2____20200121.nc,21/01/2020,9.408997955
1815,port_macquarie,port_macquarie/S2A_MSIL2A_20191107T235251_N0500_R130_T56JML_20230610T220239.npy,port_macquarie/S5P_RPRO_L2__NO2____20191107.nc,7/11/2019,9.408997955
1816,port_macquarie,port_macquarie/S2B_MSIL2A_20210515T235249_N0500_R130_T56JML_20230206T021615.npy,port_macquarie/S5P_OFFL_L2__NO2____20210515.nc,15/05/2021,7.527198364
1817,port_macquarie,port_macquarie/S2B_MSIL2A_20200818T235249_N0500_R130_T56JML_20230319T052310.npy,port_macquarie/S5P_RPRO_L2__NO2____20200818.nc,18/08/2020,11.29079755
1818,port_macquarie,port_macquarie/S2B_MSIL2A_20200808T235249_N0500_R130_T56JML_20230316T103014.npy,port_macquarie/S5P_OFFL_L2__NO2____20200808.nc,8/08/2020,9.408997955
1819,port_macquarie,port_macquarie/S2A_MSIL2A_20191018T235251_N0500_R130_T56JML_20230614T121835.npy,port_macquarie/S5P_OFFL_L2__NO2____20191018.nc,18/10/2019,9.408997955
1820,port_macquarie,port_macquarie/S2B_MSIL2A_20210326T235249_N0500_R130_T56JML_20230519T203620.npy,port_macquarie/S5P_RPRO_L2__NO2____20210326.nc,26/03/2021,7.527198364
1821,port_macquarie,port_macquarie/S2B_MSIL2A_20210803T235249_N0500_R130_T56JML_20230116T045610.npy,port_macquarie/S5P_RPRO_L2__NO2____20210803.nc,3/08/2021,7.527198364
1822,port_macquarie,port_macquarie/S2A_MSIL2A_20200614T235251_N0500_R130_T56JML_20230402T213918.npy,port_macquarie/S5P_RPRO_L2__NO2____20200614.nc,14/06/2020,7.527198364
1823,port_macquarie,port_macquarie/S2A_MSIL2A_20201121T235251_N0500_R130_T56JML_20230303T234912.npy,port_macquarie/S5P_OFFL_L2__NO2____20201121.nc,21/11/2020,3.763599182
1824,port_macquarie,port_macquarie/S2B_MSIL2A_20200629T235249_N0500_R130_T56JML_20230416T212826.npy,port_macquarie/S5P_RPRO_L2__NO2____20200629.nc,29/06/2020,9.408997955
1825,port_macquarie,port_macquarie/S2B_MSIL2A_20211002T235249_N0500_R130_T56JML_20231101T085301.npy,port_macquarie/S5P_RPRO_L2__NO2____20211002.nc,2/10/2021,1.881799591
1826,port_macquarie,port_macquarie/S2A_MSIL2A_20230410T235231_N0509_R130_T56JML_20230411T023352.npy,port_macquarie/S5P_OFFL_L2__NO2____20230410.nc,10/04/2023,3.763599182
1827,port_macquarie,port_macquarie/S2B_MSIL2A_20201007T235249_N0500_R130_T56JML_20230307T052414.npy,port_macquarie/S5P_RPRO_L2__NO2____20201007.nc,7/10/2020,5.645398773
1828,albury,albury/S2B_MSIL2A_20230422T001109_N0509_R073_T55HDA_20230422T014516.npy,albury/S5P_OFFL_L2__NO2____20230422.nc,22/04/2023,11.29079755
1829,albury,albury/S2B_MSIL2A_20211228T001109_N0500_R073_T55HDA_20221227T162044.npy,albury/S5P_OFFL_L2__NO2____20211228.nc,28/12/2021,1.881799591
1830,albury,albury/S2B_MSIL2A_20211228T001109_N0500_R073_T55HDA_20221227T162044.npy,albury/S5P_RPRO_L2__NO2____20211228.nc,28/12/2021,1.881799591
1831,albury,albury/S2B_MSIL2A_20220206T001109_N0400_R073_T55HDA_20220206T020528.npy,albury/S5P_OFFL_L2__NO2____20220206.nc,6/02/2022,3.763599182
1832,albury,albury/S2B_MSIL2A_20211128T001109_N0500_R073_T55HDA_20230103T085158.npy,albury/S5P_OFFL_L2__NO2____20211128.nc,28/11/2021,1.881799591
1833,albury,albury/S2A_MSIL2A_20211203T001111_N0500_R073_T55HDA_20221229T210138.npy,albury/S5P_RPRO_L2__NO2____20211203.nc,3/12/2021,3.763599182
1834,albury,albury/S2A_MSIL2A_20211203T001111_N0500_R073_T55HDA_20221229T210138.npy,albury/S5P_OFFL_L2__NO2____20211203.nc,3/12/2021,3.763599182
1835,albury,albury/S2B_MSIL2A_20230512T001109_N0509_R073_T55HDA_20230512T033420.npy,albury/S5P_OFFL_L2__NO2____20230512.nc,12/05/2023,16.93619632
1836,albury,albury/S2B_MSIL2A_20211208T001109_N0500_R073_T55HDA_20221229T131749.npy,albury/S5P_RPRO_L2__NO2____20211208.nc,8/12/2021,3.763599182
1837,albury,albury/S2B_MSIL2A_20211208T001109_N0500_R073_T55HDA_20221229T131749.npy,albury/S5P_OFFL_L2__NO2____20211208.nc,8/12/2021,3.763599182
1838,wagga_wagga_north,wagga_wagga_north/S2B_MSIL2A_20230611T001119_N0509_R073_T55HEB_20230611T013954.npy,wagga_wagga_north/S5P_OFFL_L2__NO2____20230611.nc,11/06/2023,7.527198364
1839,wagga_wagga_north,wagga_wagga_north/S2A_MSIL2A_20211203T001111_N0500_R073_T55HEB_20221229T210138.npy,wagga_wagga_north/S5P_RPRO_L2__NO2____20211203.nc,3/12/2021,3.763599182
1840,wagga_wagga_north,wagga_wagga_north/S2A_MSIL2A_20211203T001111_N0500_R073_T55HEB_20221229T210138.npy,wagga_wagga_north/S5P_OFFL_L2__NO2____20211203.nc,3/12/2021,3.763599182
1841,goulburn,goulburn/S2B_MSIL2A_20200424T000239_N0500_R030_T55HGB_20230418T224420.npy,goulburn/S5P_RPRO_L2__NO2____20200424.nc,24/04/2020,11.29079755
1842,goulburn,goulburn/S2A_MSIL2A_20200130T000231_N0500_R030_T55HGB_20230427T190538.npy,goulburn/S5P_RPRO_L2__NO2____20200130.nc,30/01/2020,11.29079755
1843,goulburn,goulburn/S2A_MSIL2A_20200618T000251_N0500_R030_T55HGB_20230328T223603.npy,goulburn/S5P_RPRO_L2__NO2____20200618.nc,18/06/2020,18.81799591
1844,goulburn,goulburn/S2A_MSIL2A_20200718T000251_N0500_R030_T55HGB_20230324T122827.npy,goulburn/S5P_OFFL_L2__NO2____20200718.nc,18/07/2020,15.05439673
1845,goulburn,goulburn/S2A_MSIL2A_20191121T000241_N0500_R030_T55HGB_20230611T234025.npy,goulburn/S5P_OFFL_L2__NO2____20191121.nc,21/11/2019,13.17259714
1846,goulburn,goulburn/S2B_MSIL2A_20210519T000239_N0500_R030_T55HGB_20230206T190057.npy,goulburn/S5P_RPRO_L2__NO2____20210519.nc,19/05/2021,15.05439673
1847,goulburn,goulburn/S2A_MSIL2A_20210114T000241_N0500_R030_T55HGB_20230602T220411.npy,goulburn/S5P_RPRO_L2__NO2____20210114.nc,14/01/2021,5.645398773
1848,goulburn,goulburn/S2B_MSIL2A_20200504T000239_N0500_R030_T55HGB_20230401T163920.npy,goulburn/S5P_OFFL_L2__NO2____20200504.nc,4/05/2020,13.17259714
1849,goulburn,goulburn/S2B_MSIL2A_20200204T000239_N0500_R030_T55HGB_20230503T003706.npy,goulburn/S5P_OFFL_L2__NO2____20200204.nc,4/02/2020,7.527198364
1850,goulburn,goulburn/S2B_MSIL2A_20201120T000239_N0500_R030_T55HGB_20230304T083125.npy,goulburn/S5P_RPRO_L2__NO2____20201120.nc,20/11/2020,5.645398773
1851,goulburn,goulburn/S2B_MSIL2A_20211006T000239_N0500_R030_T55HGB_20230111T150222.npy,goulburn/S5P_RPRO_L2__NO2____20211006.nc,6/10/2021,3.763599182
1852,goulburn,goulburn/S2B_MSIL2A_20210529T000239_N0500_R030_T55HGB_20230207T215958.npy,goulburn/S5P_OFFL_L2__NO2____20210529.nc,29/05/2021,15.05439673
1853,goulburn,goulburn/S2A_MSIL2A_20210911T000241_N0500_R030_T55HGB_20230114T151656.npy,goulburn/S5P_OFFL_L2__NO2____20210911.nc,11/09/2021,5.645398773
1854,goulburn,goulburn/S2A_MSIL2A_20210404T000241_N0500_R030_T55HGB_20230513T053403.npy,goulburn/S5P_RPRO_L2__NO2____20210404.nc,4/04/2021,7.527198364
1855,goulburn,goulburn/S2A_MSIL2A_20211230T000241_N0500_R030_T55HGB_20221227T173346.npy,goulburn/S5P_RPRO_L2__NO2____20211230.nc,30/12/2021,3.763599182
1856,goulburn,goulburn/S2A_MSIL2A_20211230T000241_N0500_R030_T55HGB_20221227T173346.npy,goulburn/S5P_OFFL_L2__NO2____20211230.nc,30/12/2021,3.763599182
1857,merriwa,merriwa/S2B_MSIL2A_20210906T000239_N0500_R030_T56HKK_20230118T212701.npy,merriwa/S5P_RPRO_L2__NO2____20210906.nc,6/09/2021,1.881799591
1858,merriwa,merriwa/S2A_MSIL2A_20220320T000241_N0400_R030_T56HKK_20220320T021130.npy,merriwa/S5P_OFFL_L2__NO2____20220320.nc,20/03/2022,11.29079755
1859,merriwa,merriwa/S2B_MSIL2A_20211225T000239_N0500_R030_T56HKK_20221227T133423.npy,merriwa/S5P_OFFL_L2__NO2____20211225.nc,25/12/2021,3.763599182
1860,merriwa,merriwa/S2B_MSIL2A_20211225T000239_N0500_R030_T56HKK_20221227T133423.npy,merriwa/S5P_RPRO_L2__NO2____20211225.nc,25/12/2021,3.763599182
1861,merriwa,merriwa/S2A_MSIL2A_20210414T000231_N0500_R030_T56HKK_20230514T025658.npy,merriwa/S5P_RPRO_L2__NO2____20210414.nc,14/04/2021,0
1862,merriwa,merriwa/S2A_MSIL2A_20210911T000241_N0500_R030_T56HKK_20230114T151656.npy,merriwa/S5P_RPRO_L2__NO2____20210911.nc,11/09/2021,1.881799591
1863,merriwa,merriwa/S2B_MSIL2A_20201011T000249_N0500_R030_T56HKK_20230307T171207.npy,merriwa/S5P_RPRO_L2__NO2____20201011.nc,11/10/2020,0
1864,merriwa,merriwa/S2A_MSIL2A_20201125T000241_N0500_R030_T56HKK_20230304T053700.npy,merriwa/S5P_RPRO_L2__NO2____20201125.nc,25/11/2020,16.93619632
1865,merriwa,merriwa/S2B_MSIL2A_20210429T000239_N0500_R030_T56HKK_20230511T204921.npy,merriwa/S5P_RPRO_L2__NO2____20210429.nc,29/04/2021,16.93619632
1866,merriwa,merriwa/S2B_MSIL2A_20230519T000229_N0509_R030_T56HKK_20230519T025302.npy,merriwa/S5P_OFFL_L2__NO2____20230519.nc,19/05/2023,1.881799591
1867,muswellbrook,muswellbrook/S2B_MSIL2A_20220822T000219_N0400_R030_T56HKK_20220822T013858.npy,muswellbrook/S5P_OFFL_L2__NO2____20220822.nc,22/08/2022,11.29079755
1868,muswellbrook,muswellbrook/S2B_MSIL2A_20210906T000239_N0500_R030_T56HKK_20230118T212701.npy,muswellbrook/S5P_OFFL_L2__NO2____20210906.nc,6/09/2021,9.408997955
1869,muswellbrook,muswellbrook/S2A_MSIL2A_20200110T000231_N0500_R030_T56HKK_20230427T182712.npy,muswellbrook/S5P_RPRO_L2__NO2____20200110.nc,10/01/2020,15.05439673
1870,muswellbrook,muswellbrook/S2A_MSIL2A_20210414T000231_N0500_R030_T56HKK_20230514T025658.npy,muswellbrook/S5P_RPRO_L2__NO2____20210414.nc,14/04/2021,13.17259714
1871,muswellbrook,muswellbrook/S2B_MSIL2A_20191216T000239_N0500_R030_T56HKK_20230607T232143.npy,muswellbrook/S5P_OFFL_L2__NO2____20191216.nc,16/12/2019,16.93619632
1872,muswellbrook,muswellbrook/S2B_MSIL2A_20190729T000249_N0500_R030_T56HKK_20230510T123548.npy,muswellbrook/S5P_RPRO_L2__NO2____20190729.nc,29/07/2019,22.58159509
1873,muswellbrook,muswellbrook/S2A_MSIL2A_20210802T000241_N0500_R030_T56HKK_20230116T111806.npy,muswellbrook/S5P_RPRO_L2__NO2____20210802.nc,2/08/2021,16.93619632
1874,muswellbrook,muswellbrook/S2A_MSIL2A_20200529T000251_N0500_R030_T56HKK_20230401T020205.npy,muswellbrook/S5P_OFFL_L2__NO2____20200529.nc,29/05/2020,20.6997955
1875,muswellbrook,muswellbrook/S2A_MSIL2A_20220529T000251_N0400_R030_T56HKK_20220529T030818.npy,muswellbrook/S5P_OFFL_L2__NO2____20220529.nc,29/05/2022,9.408997955
1876,muswellbrook,muswellbrook/S2A_MSIL2A_20190105T000241_N0500_R030_T56HKK_20221217T125516.npy,muswellbrook/S5P_OFFL_L2__NO2____20190105.nc,5/01/2019,9.408997955
1877,muswellbrook,muswellbrook/S2B_MSIL2A_20180714T000239_N0500_R030_T56HKK_20230712T203028.npy,muswellbrook/S5P_RPRO_L2__NO2____20180714.nc,14/07/2018,26.34519427
1878,muswellbrook,muswellbrook/S2A_MSIL2A_20230305T000221_N0509_R030_T56HKK_20230305T024055.npy,muswellbrook/S5P_OFFL_L2__NO2____20230305.nc,5/03/2023,15.05439673
1879,muswellbrook,muswellbrook/S2B_MSIL2A_20180624T000239_N0500_R030_T56HKK_20230803T094100.npy,muswellbrook/S5P_RPRO_L2__NO2____20180624.nc,24/06/2018,28.22699387
1880,muswellbrook,muswellbrook/S2A_MSIL2A_20190823T000241_N0500_R030_T56HKK_20230506T190511.npy,muswellbrook/S5P_RPRO_L2__NO2____20190823.nc,23/08/2019,35.75419223
1881,muswellbrook,muswellbrook/S2A_MSIL2A_20180917T000241_N0500_R030_T56HKK_20230707T051723.npy,muswellbrook/S5P_RPRO_L2__NO2____20180917.nc,17/09/2018,22.58159509
1882,muswellbrook,muswellbrook/S2A_MSIL2A_20200320T000241_N0500_R030_T56HKK_20230408T142035.npy,muswellbrook/S5P_OFFL_L2__NO2____20200320.nc,20/03/2020,15.05439673
1883,muswellbrook,muswellbrook/S2A_MSIL2A_20191121T000241_N0500_R030_T56HKK_20230611T234025.npy,muswellbrook/S5P_RPRO_L2__NO2____20191121.nc,21/11/2019,22.58159509
1884,muswellbrook,muswellbrook/S2B_MSIL2A_20191106T000239_N0500_R030_T56HKK_20230704T225531.npy,muswellbrook/S5P_RPRO_L2__NO2____20191106.nc,6/11/2019,16.93619632
1885,muswellbrook,muswellbrook/S2A_MSIL2A_20201115T000241_N0500_R030_T56HKK_20230303T170603.npy,muswellbrook/S5P_OFFL_L2__NO2____20201115.nc,15/11/2020,13.17259714
1886,muswellbrook,muswellbrook/S2A_MSIL2A_20230504T000221_N0509_R030_T56HKK_20230504T041857.npy,muswellbrook/S5P_OFFL_L2__NO2____20230504.nc,4/05/2023,24.46339468
1887,muswellbrook,muswellbrook/S2B_MSIL2A_20201210T000239_N0500_R030_T56HKK_20230225T113104.npy,muswellbrook/S5P_RPRO_L2__NO2____20201210.nc,10/12/2020,16.93619632
1888,muswellbrook,muswellbrook/S2A_MSIL2A_20190724T000251_N0500_R030_T56HKK_20221218T024617.npy,muswellbrook/S5P_RPRO_L2__NO2____20190724.nc,24/07/2019,16.93619632
1889,muswellbrook,muswellbrook/S2B_MSIL2A_20190331T000239_N0500_R030_T56HKK_20221122T152407.npy,muswellbrook/S5P_RPRO_L2__NO2____20190331.nc,31/03/2019,9.408997955
1890,muswellbrook,muswellbrook/S2B_MSIL2A_20190619T000249_N0500_R030_T56HKK_20230707T083046.npy,muswellbrook/S5P_RPRO_L2__NO2____20190619.nc,19/06/2019,28.22699387
1891,muswellbrook,muswellbrook/S2B_MSIL2A_20180803T000239_N0500_R030_T56HKK_20230719T214114.npy,muswellbrook/S5P_RPRO_L2__NO2____20180803.nc,3/08/2018,26.34519427
1892,muswellbrook,muswellbrook/S2B_MSIL2A_20210419T000239_N0500_R030_T56HKK_20230513T132818.npy,muswellbrook/S5P_OFFL_L2__NO2____20210419.nc,19/04/2021,16.93619632
1893,muswellbrook,muswellbrook/S2A_MSIL2A_20200916T000241_N0500_R030_T56HKK_20230313T210727.npy,muswellbrook/S5P_RPRO_L2__NO2____20200916.nc,16/09/2020,18.81799591
1894,muswellbrook,muswellbrook/S2B_MSIL2A_20230519T000229_N0509_R030_T56HKK_20230519T025302.npy,muswellbrook/S5P_OFFL_L2__NO2____20230519.nc,19/05/2023,16.93619632
1895,muswellbrook,muswellbrook/S2A_MSIL2A_20220419T000241_N0400_R030_T56HKK_20220419T021414.npy,muswellbrook/S5P_OFFL_L2__NO2____20220419.nc,19/04/2022,11.29079755
1896,muswellbrook,muswellbrook/S2A_MSIL2A_20190813T000241_N0500_R030_T56HKK_20230507T195156.npy,muswellbrook/S5P_RPRO_L2__NO2____20190813.nc,13/08/2019,22.58159509
1897,muswellbrook,muswellbrook/S2B_MSIL2A_20190311T000239_N0500_R030_T56HKK_20221120T055548.npy,muswellbrook/S5P_OFFL_L2__NO2____20190311.nc,11/03/2019,20.6997955
1898,muswellbrook,muswellbrook/S2B_MSIL2A_20190828T000249_N0500_R030_T56HKK_20230524T154136.npy,muswellbrook/S5P_OFFL_L2__NO2____20190828.nc,28/08/2019,30.10879346
1899,singleton,singleton/S2B_MSIL2A_20190719T000249_N0500_R030_T56HLK_20221217T050110.npy,singleton/S5P_OFFL_L2__NO2____20190719.nc,19/07/2019,24.46339468
1900,singleton,singleton/S2B_MSIL2A_20190530T000249_N0500_R030_T56HLK_20221211T145648.npy,singleton/S5P_OFFL_L2__NO2____20190530.nc,30/05/2019,13.17259714
1901,singleton,singleton/S2A_MSIL2A_20210514T000241_N0500_R030_T56HLK_20230208T180340.npy,singleton/S5P_OFFL_L2__NO2____20210514.nc,14/05/2021,16.93619632
1902,singleton,singleton/S2B_MSIL2A_20230509T000229_N0509_R030_T56HLK_20230509T012929.npy,singleton/S5P_OFFL_L2__NO2____20230509.nc,9/05/2023,18.81799591
1903,singleton,singleton/S2A_MSIL2A_20220419T000241_N0400_R030_T56HLK_20220419T021414.npy,singleton/S5P_OFFL_L2__NO2____20220419.nc,19/04/2022,7.527198364
1904,singleton,singleton/S2B_MSIL2A_20191106T000239_N0500_R030_T56HLK_20230704T225531.npy,singleton/S5P_OFFL_L2__NO2____20191106.nc,6/11/2019,20.6997955
1905,singleton,singleton/S2A_MSIL2A_20180917T000241_N0500_R030_T56HLK_20230707T051723.npy,singleton/S5P_RPRO_L2__NO2____20180917.nc,17/09/2018,13.17259714
1906,singleton,singleton/S2A_MSIL2A_20200110T000231_N0500_R030_T56HLK_20230427T182712.npy,singleton/S5P_RPRO_L2__NO2____20200110.nc,10/01/2020,13.17259714
1907,singleton,singleton/S2B_MSIL2A_20180515T000239_N0500_R030_T56HLK_20230812T064126.npy,singleton/S5P_RPRO_L2__NO2____20180515.nc,15/05/2018,22.58159509
1908,singleton,singleton/S2B_MSIL2A_20191027T000239_N0500_R030_T56HLK_20230704T192248.npy,singleton/S5P_RPRO_L2__NO2____20191027.nc,27/10/2019,11.29079755
1909,singleton,singleton/S2A_MSIL2A_20201115T000241_N0500_R030_T56HLK_20230303T170603.npy,singleton/S5P_OFFL_L2__NO2____20201115.nc,15/11/2020,9.408997955
1910,singleton,singleton/S2B_MSIL2A_20201011T000249_N0500_R030_T56HLK_20230307T171207.npy,singleton/S5P_OFFL_L2__NO2____20201011.nc,11/10/2020,7.527198364
1911,singleton,singleton/S2A_MSIL2A_20201125T000241_N0500_R030_T56HLK_20230304T053700.npy,singleton/S5P_OFFL_L2__NO2____20201125.nc,25/11/2020,3.763599182
1912,singleton,singleton/S2B_MSIL2A_20190331T000239_N0500_R030_T56HLK_20221122T152407.npy,singleton/S5P_RPRO_L2__NO2____20190331.nc,31/03/2019,7.527198364
1913,singleton,singleton/S2A_MSIL2A_20210414T000231_N0500_R030_T56HLK_20230514T025658.npy,singleton/S5P_RPRO_L2__NO2____20210414.nc,14/04/2021,18.81799591
1914,singleton,singleton/S2A_MSIL2A_20190425T000241_N0500_R030_T56HLK_20221101T182000.npy,singleton/S5P_RPRO_L2__NO2____20190425.nc,25/04/2019,11.29079755
1915,singleton,singleton/S2A_MSIL2A_20211210T000241_N0500_R030_T56HLK_20221229T161614.npy,singleton/S5P_OFFL_L2__NO2____20211210.nc,10/12/2021,5.645398773
1916,singleton,singleton/S2A_MSIL2A_20230504T000221_N0509_R030_T56HLK_20230504T041857.npy,singleton/S5P_OFFL_L2__NO2____20230504.nc,4/05/2023,15.05439673
1917,singleton,singleton/S2A_MSIL2A_20230524T000221_N0509_R030_T56HLK_20230524T034658.npy,singleton/S5P_OFFL_L2__NO2____20230524.nc,24/05/2023,24.46339468
1918,singleton,singleton/S2A_MSIL2A_20210713T000241_N0500_R030_T56HLK_20230123T060726.npy,singleton/S5P_OFFL_L2__NO2____20210713.nc,13/07/2021,18.81799591
1919,singleton,singleton/S2A_MSIL2A_20210713T000241_N0500_R030_T56HLK_20230123T060726.npy,singleton/S5P_RPRO_L2__NO2____20210713.nc,13/07/2021,18.81799591
1920,singleton,singleton/S2B_MSIL2A_20210419T000239_N0500_R030_T56HLK_20230513T132818.npy,singleton/S5P_RPRO_L2__NO2____20210419.nc,19/04/2021,11.29079755
1921,singleton,singleton/S2B_MSIL2A_20211006T000239_N0500_R030_T56HLK_20230111T150222.npy,singleton/S5P_OFFL_L2__NO2____20211006.nc,6/10/2021,20.6997955
1922,singleton,singleton/S2B_MSIL2A_20210429T000239_N0500_R030_T56HLK_20230511T204921.npy,singleton/S5P_RPRO_L2__NO2____20210429.nc,29/04/2021,5.645398773
1923,singleton,singleton/S2A_MSIL2A_20180927T000241_N0500_R030_T56HLK_20230710T030650.npy,singleton/S5P_RPRO_L2__NO2____20180927.nc,27/09/2018,11.29079755
1924,singleton,singleton/S2A_MSIL2A_20180927T000241_N0500_R030_T56HLK_20230710T030650.npy,singleton/S5P_OFFL_L2__NO2____20180927.nc,27/09/2018,11.29079755
1925,singleton,singleton/S2B_MSIL2A_20191216T000239_N0500_R030_T56HLK_20230607T232143.npy,singleton/S5P_RPRO_L2__NO2____20191216.nc,16/12/2019,9.408997955
1926,singleton,singleton/S2B_MSIL2A_20190729T000249_N0500_R030_T56HLK_20230510T123548.npy,singleton/S5P_OFFL_L2__NO2____20190729.nc,29/07/2019,18.81799591
1927,singleton,singleton/S2B_MSIL2A_20200105T000239_N0500_R030_T56HLK_20230421T144219.npy,singleton/S5P_OFFL_L2__NO2____20200105.nc,5/01/2020,1.881799591
1928,singleton,singleton/S2B_MSIL2A_20210906T000239_N0500_R030_T56HLK_20230118T212701.npy,singleton/S5P_RPRO_L2__NO2____20210906.nc,6/09/2021,13.17259714
1929,singleton,singleton/S2B_MSIL2A_20180714T000239_N0500_R030_T56HLK_20230712T203028.npy,singleton/S5P_RPRO_L2__NO2____20180714.nc,14/07/2018,30.10879346
1930,singleton,singleton/S2A_MSIL2A_20210424T000241_N0500_R030_T56HLK_20230512T054740.npy,singleton/S5P_RPRO_L2__NO2____20210424.nc,24/04/2021,16.93619632
1931,albion_park_south,albion_park_south/S2A_MSIL2A_20180917T000241_N0500_R030_T56HKG_20230707T051723.npy,albion_park_south/S5P_RPRO_L2__NO2____20180917.nc,17/09/2018,9.408997955
1932,albion_park_south,albion_park_south/S2A_MSIL2A_20200509T000241_N0500_R030_T56HKG_20230331T175931.npy,albion_park_south/S5P_RPRO_L2__NO2____20200509.nc,9/05/2020,3.763599182
1933,albion_park_south,albion_park_south/S2A_MSIL2A_20180520T000241_N0500_R030_T56HKG_20230913T075554.npy,albion_park_south/S5P_RPRO_L2__NO2____20180520.nc,20/05/2018,3.763599182
1934,albion_park_south,albion_park_south/S2A_MSIL2A_20180729T000241_N0500_R030_T56HKG_20230723T064652.npy,albion_park_south/S5P_RPRO_L2__NO2____20180729.nc,29/07/2018,3.763599182
1935,albion_park_south,albion_park_south/S2B_MSIL2A_20210728T000239_N0500_R030_T56HKG_20230123T125421.npy,albion_park_south/S5P_RPRO_L2__NO2____20210728.nc,28/07/2021,3.763599182
1936,albion_park_south,albion_park_south/S2B_MSIL2A_20190619T000249_N0500_R030_T56HKG_20230707T083046.npy,albion_park_south/S5P_OFFL_L2__NO2____20190619.nc,19/06/2019,7.527198364
1937,albion_park_south,albion_park_south/S2A_MSIL2A_20200320T000241_N0500_R030_T56HKG_20230408T142035.npy,albion_park_south/S5P_OFFL_L2__NO2____20200320.nc,20/03/2020,5.645398773
1938,albion_park_south,albion_park_south/S2A_MSIL2A_20210514T000241_N0500_R030_T56HKG_20230208T180340.npy,albion_park_south/S5P_RPRO_L2__NO2____20210514.nc,14/05/2021,0
1939,albion_park_south,albion_park_south/S2A_MSIL2A_20210315T000241_N0500_R030_T56HKG_20230529T024739.npy,albion_park_south/S5P_RPRO_L2__NO2____20210315.nc,15/03/2021,1.881799591
1940,albion_park_south,albion_park_south/S2A_MSIL2A_20210404T000241_N0500_R030_T56HKG_20230513T053403.npy,albion_park_south/S5P_OFFL_L2__NO2____20210404.nc,4/04/2021,15.05439673
1941,albion_park_south,albion_park_south/S2B_MSIL2A_20210906T000239_N0500_R030_T56HKG_20230118T212701.npy,albion_park_south/S5P_OFFL_L2__NO2____20210906.nc,6/09/2021,1.881799591
1942,albion_park_south,albion_park_south/S2A_MSIL2A_20191101T000241_N0500_R030_T56HKG_20230610T034411.npy,albion_park_south/S5P_RPRO_L2__NO2____20191101.nc,1/11/2019,13.17259714
1943,albion_park_south,albion_park_south/S2A_MSIL2A_20211230T000241_N0500_R030_T56HKG_20221227T173346.npy,albion_park_south/S5P_RPRO_L2__NO2____20211230.nc,30/12/2021,5.645398773
1944,albion_park_south,albion_park_south/S2A_MSIL2A_20211230T000241_N0500_R030_T56HKG_20221227T173346.npy,albion_park_south/S5P_OFFL_L2__NO2____20211230.nc,30/12/2021,5.645398773
1945,albion_park_south,albion_park_south/S2B_MSIL2A_20190719T000249_N0500_R030_T56HKG_20221217T050110.npy,albion_park_south/S5P_OFFL_L2__NO2____20190719.nc,19/07/2019,7.527198364
1946,albion_park_south,albion_park_south/S2B_MSIL2A_20180714T000239_N0500_R030_T56HKG_20230712T203028.npy,albion_park_south/S5P_RPRO_L2__NO2____20180714.nc,14/07/2018,5.645398773
1947,albion_park_south,albion_park_south/S2B_MSIL2A_20210807T000239_N0500_R030_T56HKG_20230116T231458.npy,albion_park_south/S5P_OFFL_L2__NO2____20210807.nc,7/08/2021,1.881799591
1948,albion_park_south,albion_park_south/S2A_MSIL2A_20190823T000241_N0500_R030_T56HKG_20230506T190511.npy,albion_park_south/S5P_OFFL_L2__NO2____20190823.nc,23/08/2019,11.29079755
1949,albion_park_south,albion_park_south/S2B_MSIL2A_20180803T000239_N0500_R030_T56HKG_20230719T214114.npy,albion_park_south/S5P_RPRO_L2__NO2____20180803.nc,3/08/2018,18.81799591
1950,albion_park_south,albion_park_south/S2A_MSIL2A_20191022T000241_N0500_R030_T56HKG_20230615T223717.npy,albion_park_south/S5P_RPRO_L2__NO2____20191022.nc,22/10/2019,9.408997955
1951,albion_park_south,albion_park_south/S2B_MSIL2A_20201021T000249_N0500_R030_T56HKG_20230327T014012.npy,albion_park_south/S5P_OFFL_L2__NO2____20201021.nc,21/10/2020,9.408997955
1952,albion_park_south,albion_park_south/S2A_MSIL2A_20201115T000241_N0500_R030_T56HKG_20230303T170603.npy,albion_park_south/S5P_RPRO_L2__NO2____20201115.nc,15/11/2020,13.17259714
1953,albion_park_south,albion_park_south/S2B_MSIL2A_20191106T000239_N0500_R030_T56HKG_20230704T225531.npy,albion_park_south/S5P_OFFL_L2__NO2____20191106.nc,6/11/2019,9.408997955
1954,albion_park_south,albion_park_south/S2B_MSIL2A_20180724T000239_N0500_R030_T56HKG_20230720T000359.npy,albion_park_south/S5P_OFFL_L2__NO2____20180724.nc,24/07/2018,15.05439673
1955,albion_park_south,albion_park_south/S2B_MSIL2A_20180724T000239_N0500_R030_T56HKG_20230720T000359.npy,albion_park_south/S5P_RPRO_L2__NO2____20180724.nc,24/07/2018,15.05439673
1956,albion_park_south,albion_park_south/S2B_MSIL2A_20180505T000239_N0500_R030_T56HKG_20230718T145427.npy,albion_park_south/S5P_RPRO_L2__NO2____20180505.nc,5/05/2018,11.29079755
1957,albion_park_south,albion_park_south/S2A_MSIL2A_20200916T000241_N0500_R030_T56HKG_20230313T210727.npy,albion_park_south/S5P_RPRO_L2__NO2____20200916.nc,16/09/2020,20.6997955
1958,albion_park_south,albion_park_south/S2B_MSIL2A_20230509T000229_N0509_R030_T56HKG_20230509T012929.npy,albion_park_south/S5P_OFFL_L2__NO2____20230509.nc,9/05/2023,5.645398773
1959,albion_park_south,albion_park_south/S2B_MSIL2A_20191027T000239_N0500_R030_T56HKG_20230704T192248.npy,albion_park_south/S5P_RPRO_L2__NO2____20191027.nc,27/10/2019,1.881799591
1960,kembla_grange,kembla_grange/S2A_MSIL2A_20180430T000241_N0500_R030_T56HKG_20230813T062250.npy,kembla_grange/S5P_RPRO_L2__NO2____20180430.nc,30/04/2018,7.527198364
1961,kembla_grange,kembla_grange/S2B_MSIL2A_20180624T000239_N0500_R030_T56HKG_20230803T094100.npy,kembla_grange/S5P_RPRO_L2__NO2____20180624.nc,24/06/2018,7.527198364
1962,kembla_grange,kembla_grange/S2A_MSIL2A_20190922T000241_N0500_R030_T56HKG_20230502T065057.npy,kembla_grange/S5P_OFFL_L2__NO2____20190922.nc,22/09/2019,5.645398773
1963,kembla_grange,kembla_grange/S2B_MSIL2A_20210728T000239_N0500_R030_T56HKG_20230123T125421.npy,kembla_grange/S5P_RPRO_L2__NO2____20210728.nc,28/07/2021,5.645398773
1964,kembla_grange,kembla_grange/S2B_MSIL2A_20210728T000239_N0500_R030_T56HKG_20230123T125421.npy,kembla_grange/S5P_OFFL_L2__NO2____20210728.nc,28/07/2021,5.645398773
1965,kembla_grange,kembla_grange/S2A_MSIL2A_20190525T000241_N0500_R030_T56HKG_20221211T040646.npy,kembla_grange/S5P_OFFL_L2__NO2____20190525.nc,25/05/2019,9.408997955
1966,kembla_grange,kembla_grange/S2A_MSIL2A_20200320T000241_N0500_R030_T56HKG_20230408T142035.npy,kembla_grange/S5P_RPRO_L2__NO2____20200320.nc,20/03/2020,11.29079755
1967,kembla_grange,kembla_grange/S2A_MSIL2A_20191201T000241_N0500_R030_T56HKG_20230613T020301.npy,kembla_grange/S5P_RPRO_L2__NO2____20191201.nc,1/12/2019,1.881799591
1968,kembla_grange,kembla_grange/S2B_MSIL2A_20210906T000239_N0500_R030_T56HKG_20230118T212701.npy,kembla_grange/S5P_OFFL_L2__NO2____20210906.nc,6/09/2021,1.881799591
1969,kembla_grange,kembla_grange/S2A_MSIL2A_20180818T000241_N0500_R030_T56HKG_20230628T134648.npy,kembla_grange/S5P_RPRO_L2__NO2____20180818.nc,18/08/2018,3.763599182
1970,kembla_grange,kembla_grange/S2B_MSIL2A_20190530T000249_N0500_R030_T56HKG_20221215T044421.npy,kembla_grange/S5P_RPRO_L2__NO2____20190530.nc,30/05/2019,1.881799591
1971,kembla_grange,kembla_grange/S2A_MSIL2A_20230504T000221_N0509_R030_T56HKG_20230504T041857.npy,kembla_grange/S5P_OFFL_L2__NO2____20230504.nc,4/05/2023,5.645398773
1972,kembla_grange,kembla_grange/S2B_MSIL2A_20190629T000249_N0500_R030_T56HKG_20230707T170010.npy,kembla_grange/S5P_RPRO_L2__NO2____20190629.nc,29/06/2019,15.05439673
1973,kembla_grange,kembla_grange/S2B_MSIL2A_20210807T000239_N0500_R030_T56HKG_20230116T231458.npy,kembla_grange/S5P_RPRO_L2__NO2____20210807.nc,7/08/2021,0
1974,kembla_grange,kembla_grange/S2A_MSIL2A_20190823T000241_N0500_R030_T56HKG_20230506T190511.npy,kembla_grange/S5P_OFFL_L2__NO2____20190823.nc,23/08/2019,13.17259714
1975,kembla_grange,kembla_grange/S2B_MSIL2A_20181201T000239_N0500_R030_T56HKG_20230622T053914.npy,kembla_grange/S5P_RPRO_L2__NO2____20181201.nc,1/12/2018,5.645398773
1976,kembla_grange,kembla_grange/S2B_MSIL2A_20200603T000239_N0500_R030_T56HKG_20230326T112817.npy,kembla_grange/S5P_RPRO_L2__NO2____20200603.nc,3/06/2020,3.763599182
1977,kembla_grange,kembla_grange/S2A_MSIL2A_20190714T000251_N0500_R030_T56HKG_20230625T030649.npy,kembla_grange/S5P_OFFL_L2__NO2____20190714.nc,14/07/2019,0
1978,kembla_grange,kembla_grange/S2A_MSIL2A_20201115T000241_N0500_R030_T56HKG_20230303T170603.npy,kembla_grange/S5P_OFFL_L2__NO2____20201115.nc,15/11/2020,5.645398773
1979,kembla_grange,kembla_grange/S2B_MSIL2A_20190331T000239_N0500_R030_T56HKG_20221122T152407.npy,kembla_grange/S5P_OFFL_L2__NO2____20190331.nc,31/03/2019,1.881799591
1980,kembla_grange,kembla_grange/S2A_MSIL2A_20210114T000241_N0500_R030_T56HKG_20230602T220411.npy,kembla_grange/S5P_RPRO_L2__NO2____20210114.nc,14/01/2021,7.527198364
1981,wollongong,wollongong/S2A_MSIL2A_20180430T000241_N0500_R030_T56HKG_20230813T062250.npy,wollongong/S5P_RPRO_L2__NO2____20180430.nc,30/04/2018,13.17259714
1982,wollongong,wollongong/S2A_MSIL2A_20210812T000241_N0500_R030_T56HKG_20230118T225444.npy,wollongong/S5P_OFFL_L2__NO2____20210812.nc,12/08/2021,9.408997955
1983,wollongong,wollongong/S2B_MSIL2A_20210419T000239_N0500_R030_T56HKG_20230513T132818.npy,wollongong/S5P_RPRO_L2__NO2____20210419.nc,19/04/2021,24.46339468
1984,wollongong,wollongong/S2A_MSIL2A_20180917T000241_N0500_R030_T56HKG_20230707T051723.npy,wollongong/S5P_RPRO_L2__NO2____20180917.nc,17/09/2018,15.05439673
1985,wollongong,wollongong/S2A_MSIL2A_20180520T000241_N0500_R030_T56HKG_20230913T075554.npy,wollongong/S5P_RPRO_L2__NO2____20180520.nc,20/05/2018,5.645398773
1986,wollongong,wollongong/S2A_MSIL2A_20220320T000241_N0400_R030_T56HKG_20220320T021130.npy,wollongong/S5P_OFFL_L2__NO2____20220320.nc,20/03/2022,1.881799591
1987,wollongong,wollongong/S2B_MSIL2A_20210906T000239_N0500_R030_T56HKG_20230118T212701.npy,wollongong/S5P_OFFL_L2__NO2____20210906.nc,6/09/2021,7.527198364
1988,wollongong,wollongong/S2A_MSIL2A_20210911T000241_N0500_R030_T56HKG_20230114T151656.npy,wollongong/S5P_RPRO_L2__NO2____20210911.nc,11/09/2021,3.763599182
1989,wollongong,wollongong/S2B_MSIL2A_20180515T000239_N0500_R030_T56HKG_20230811T050335.npy,wollongong/S5P_RPRO_L2__NO2____20180515.nc,15/05/2018,13.17259714
1990,wollongong,wollongong/S2B_MSIL2A_20190719T000249_N0500_R030_T56HKG_20221217T050110.npy,wollongong/S5P_RPRO_L2__NO2____20190719.nc,19/07/2019,9.408997955
1991,wollongong,wollongong/S2B_MSIL2A_20200603T000239_N0500_R030_T56HKG_20230326T112817.npy,wollongong/S5P_RPRO_L2__NO2____20200603.nc,3/06/2020,9.408997955
1992,wollongong,wollongong/S2A_MSIL2A_20181226T000231_N0500_R030_T56HKG_20230630T210132.npy,wollongong/S5P_RPRO_L2__NO2____20181226.nc,26/12/2018,7.527198364
1993,wollongong,wollongong/S2B_MSIL2A_20200424T000239_N0500_R030_T56HKG_20230418T224420.npy,wollongong/S5P_RPRO_L2__NO2____20200424.nc,24/04/2020,15.05439673
1994,wollongong,wollongong/S2B_MSIL2A_20191106T000239_N0500_R030_T56HKG_20230704T225531.npy,wollongong/S5P_OFFL_L2__NO2____20191106.nc,6/11/2019,9.408997955
1995,wollongong,wollongong/S2B_MSIL2A_20180724T000239_N0500_R030_T56HKG_20230720T000359.npy,wollongong/S5P_OFFL_L2__NO2____20180724.nc,24/07/2018,30.10879346
1996,wollongong,wollongong/S2B_MSIL2A_20180724T000239_N0500_R030_T56HKG_20230720T000359.npy,wollongong/S5P_RPRO_L2__NO2____20180724.nc,24/07/2018,30.10879346
1997,wollongong,wollongong/S2A_MSIL2A_20210114T000241_N0500_R030_T56HKG_20230602T220411.npy,wollongong/S5P_RPRO_L2__NO2____20210114.nc,14/01/2021,9.408997955
1998,wollongong,wollongong/S2B_MSIL2A_20191027T000239_N0500_R030_T56HKG_20230704T192248.npy,wollongong/S5P_RPRO_L2__NO2____20191027.nc,27/10/2019,5.645398773
1999,gunnedah,gunnedah/S2A_MSIL2A_20190515T000241_N0500_R030_T56JKL_20221210T195543.npy,gunnedah/S5P_OFFL_L2__NO2____20190515.nc,15/05/2019,9.408997955
2000,gunnedah,gunnedah/S2A_MSIL2A_20190425T000241_N0500_R030_T56JKL_20221101T182000.npy,gunnedah/S5P_RPRO_L2__NO2____20190425.nc,25/04/2019,13.17259714
2001,gunnedah,gunnedah/S2B_MSIL2A_20200105T000239_N0500_R030_T56JKL_20230421T144219.npy,gunnedah/S5P_OFFL_L2__NO2____20200105.nc,5/01/2020,5.645398773
2002,gunnedah,gunnedah/S2A_MSIL2A_20180520T000241_N0500_R030_T56JKL_20230913T075554.npy,gunnedah/S5P_RPRO_L2__NO2____20180520.nc,20/05/2018,9.408997955
2003,gunnedah,gunnedah/S2A_MSIL2A_20200529T000251_N0500_R030_T56JKL_20230401T020205.npy,gunnedah/S5P_OFFL_L2__NO2____20200529.nc,29/05/2020,7.527198364
2004,gunnedah,gunnedah/S2B_MSIL2A_20210119T000239_N0500_R030_T56JKL_20230612T210800.npy,gunnedah/S5P_OFFL_L2__NO2____20210119.nc,19/01/2021,1.881799591
2005,gunnedah,gunnedah/S2A_MSIL2A_20220208T000241_N0400_R030_T56JKL_20220208T020113.npy,gunnedah/S5P_OFFL_L2__NO2____20220208.nc,8/02/2022,5.645398773
2006,gunnedah,gunnedah/S2A_MSIL2A_20190213T235651_N0500_R030_T56JKL_20221129T000156.npy,gunnedah/S5P_OFFL_L2__NO2____20190213.nc,13/02/2019,5.645398773
2007,gunnedah,gunnedah/S2B_MSIL2A_20210330T000239_N0500_R030_T56JKL_20230518T130434.npy,gunnedah/S5P_OFFL_L2__NO2____20210330.nc,30/03/2021,1.881799591
2008,gunnedah,gunnedah/S2A_MSIL2A_20181206T000231_N0500_R030_T56JKL_20230622T171356.npy,gunnedah/S5P_RPRO_L2__NO2____20181206.nc,6/12/2018,1.881799591
2009,gunnedah,gunnedah/S2B_MSIL2A_20210208T000239_N0500_R030_T56JKL_20230530T012446.npy,gunnedah/S5P_RPRO_L2__NO2____20210208.nc,8/02/2021,1.881799591
2010,gunnedah,gunnedah/S2A_MSIL2A_20210911T000241_N0500_R030_T56JKL_20230114T151656.npy,gunnedah/S5P_RPRO_L2__NO2____20210911.nc,11/09/2021,11.29079755
2011,gunnedah,gunnedah/S2A_MSIL2A_20200229T000241_N0500_R030_T56JKL_20230424T093119.npy,gunnedah/S5P_RPRO_L2__NO2____20200229.nc,29/02/2020,5.645398773
2012,gunnedah,gunnedah/S2A_MSIL2A_20230213T000221_N0509_R030_T56JKL_20230213T024354.npy,gunnedah/S5P_OFFL_L2__NO2____20230213.nc,13/02/2023,1.881799591
2013,gunnedah,gunnedah/S2A_MSIL2A_20210802T000241_N0500_R030_T56JKL_20230116T111806.npy,gunnedah/S5P_RPRO_L2__NO2____20210802.nc,2/08/2021,7.527198364
2014,gunnedah,gunnedah/S2A_MSIL2A_20220827T000231_N0400_R030_T56JKL_20220827T031756.npy,gunnedah/S5P_OFFL_L2__NO2____20220827.nc,27/08/2022,1.881799591
2015,gunnedah,gunnedah/S2A_MSIL2A_20201125T000241_N0500_R030_T56JKL_20230304T053700.npy,gunnedah/S5P_OFFL_L2__NO2____20201125.nc,25/11/2020,1.881799591
2016,gunnedah,gunnedah/S2A_MSIL2A_20211031T000251_N0500_R030_T56JKL_20230107T163702.npy,gunnedah/S5P_RPRO_L2__NO2____20211031.nc,31/10/2021,1.881799591
2017,gunnedah,gunnedah/S2A_MSIL2A_20210414T000231_N0500_R030_T56JKL_20230514T025658.npy,gunnedah/S5P_RPRO_L2__NO2____20210414.nc,14/04/2021,13.17259714
2018,gunnedah,gunnedah/S2B_MSIL2A_20191027T000239_N0500_R030_T56JKL_20230704T192248.npy,gunnedah/S5P_RPRO_L2__NO2____20191027.nc,27/10/2019,1.881799591
2019,gunnedah,gunnedah/S2A_MSIL2A_20191221T000231_N0500_R030_T56JKL_20230607T123434.npy,gunnedah/S5P_RPRO_L2__NO2____20191221.nc,21/12/2019,9.408997955
2020,gunnedah,gunnedah/S2A_MSIL2A_20230524T000221_N0509_R030_T56JKL_20230524T034658.npy,gunnedah/S5P_OFFL_L2__NO2____20230524.nc,24/05/2023,15.05439673
2021,gunnedah,gunnedah/S2A_MSIL2A_20190803T000251_N0500_R030_T56JKL_20230504T120401.npy,gunnedah/S5P_OFFL_L2__NO2____20190803.nc,3/08/2019,13.17259714
2022,gunnedah,gunnedah/S2A_MSIL2A_20200110T000231_N0500_R030_T56JKL_20230427T182712.npy,gunnedah/S5P_RPRO_L2__NO2____20200110.nc,10/01/2020,7.527198364
2023,gunnedah,gunnedah/S2B_MSIL2A_20200901T000249_N0500_R030_T56JKL_20230315T183622.npy,gunnedah/S5P_OFFL_L2__NO2____20200901.nc,1/09/2020,3.763599182
2024,gunnedah,gunnedah/S2A_MSIL2A_20181126T000231_N0500_R030_T56JKL_20230703T153237.npy,gunnedah/S5P_RPRO_L2__NO2____20181126.nc,26/11/2018,7.527198364
2025,gunnedah,gunnedah/S2B_MSIL2A_20211006T000239_N0500_R030_T56JKL_20230111T150222.npy,gunnedah/S5P_RPRO_L2__NO2____20211006.nc,6/10/2021,7.527198364
2026,gunnedah,gunnedah/S2B_MSIL2A_20190331T000239_N0500_R030_T56JKL_20221122T152407.npy,gunnedah/S5P_RPRO_L2__NO2____20190331.nc,31/03/2019,7.527198364
2027,gunnedah,gunnedah/S2B_MSIL2A_20200315T000239_N0500_R030_T56JKL_20230412T102917.npy,gunnedah/S5P_RPRO_L2__NO2____20200315.nc,15/03/2020,3.763599182
2028,gunnedah,gunnedah/S2B_MSIL2A_20210926T000239_N0500_R030_T56JKL_20230115T091602.npy,gunnedah/S5P_OFFL_L2__NO2____20210926.nc,26/09/2021,3.763599182
2029,gunnedah,gunnedah/S2A_MSIL2A_20220409T000241_N0400_R030_T56JKL_20220409T021653.npy,gunnedah/S5P_OFFL_L2__NO2____20220409.nc,9/04/2022,0
2030,gunnedah,gunnedah/S2B_MSIL2A_20181201T000239_N0500_R030_T56JKL_20230622T053914.npy,gunnedah/S5P_OFFL_L2__NO2____20181201.nc,1/12/2018,13.17259714
2031,gunnedah,gunnedah/S2A_MSIL2A_20200628T000251_N0500_R030_T56JKL_20230329T164229.npy,gunnedah/S5P_OFFL_L2__NO2____20200628.nc,28/06/2020,5.645398773
2032,gunnedah,gunnedah/S2A_MSIL2A_20190823T000241_N0500_R030_T56JKL_20230506T190511.npy,gunnedah/S5P_OFFL_L2__NO2____20190823.nc,23/08/2019,13.17259714
2033,gunnedah,gunnedah/S2A_MSIL2A_20210822T000241_N0500_R030_T56JKL_20230120T094129.npy,gunnedah/S5P_OFFL_L2__NO2____20210822.nc,22/08/2021,3.763599182
2034,gunnedah,gunnedah/S2B_MSIL2A_20191216T000239_N0500_R030_T56JKL_20230607T232143.npy,gunnedah/S5P_RPRO_L2__NO2____20191216.nc,16/12/2019,5.645398773
2035,gunnedah,gunnedah/S2B_MSIL2A_20201011T000249_N0500_R030_T56JKL_20230307T171207.npy,gunnedah/S5P_OFFL_L2__NO2____20201011.nc,11/10/2020,3.763599182
2036,gunnedah,gunnedah/S2B_MSIL2A_20190311T000239_N0500_R030_T56JKL_20221120T055548.npy,gunnedah/S5P_OFFL_L2__NO2____20190311.nc,11/03/2019,11.29079755
2037,gunnedah,gunnedah/S2A_MSIL2A_20200718T000251_N0500_R030_T56JKL_20230324T122827.npy,gunnedah/S5P_RPRO_L2__NO2____20200718.nc,18/07/2020,13.17259714
2038,gunnedah,gunnedah/S2B_MSIL2A_20210218T000239_N0500_R030_T56JKL_20230522T084815.npy,gunnedah/S5P_OFFL_L2__NO2____20210218.nc,18/02/2021,0
2039,gunnedah,gunnedah/S2A_MSIL2A_20220529T000251_N0400_R030_T56JKL_20220529T030818.npy,gunnedah/S5P_RPRO_L2__NO2____20220529.nc,29/05/2022,9.408997955
2040,gunnedah,gunnedah/S2B_MSIL2A_20191007T000239_N0500_R030_T56JKL_20230615T001247.npy,gunnedah/S5P_OFFL_L2__NO2____20191007.nc,7/10/2019,7.527198364
2041,gunnedah,gunnedah/S2B_MSIL2A_20180912T000229_N0500_R030_T56JKL_20230813T145932.npy,gunnedah/S5P_OFFL_L2__NO2____20180912.nc,12/09/2018,15.05439673
2042,gunnedah,gunnedah/S2B_MSIL2A_20230509T000229_N0509_R030_T56JKL_20230509T012929.npy,gunnedah/S5P_OFFL_L2__NO2____20230509.nc,9/05/2023,13.17259714
2043,gunnedah,gunnedah/S2B_MSIL2A_20191106T000239_N0500_R030_T56JKL_20230704T225531.npy,gunnedah/S5P_OFFL_L2__NO2____20191106.nc,6/11/2019,11.29079755
2044,gunnedah,gunnedah/S2A_MSIL2A_20201225T000241_N0500_R030_T56JKL_20230301T044649.npy,gunnedah/S5P_RPRO_L2__NO2____20201225.nc,25/12/2020,0
2045,gunnedah,gunnedah/S2A_MSIL2A_20220320T000241_N0400_R030_T56JKL_20220320T021130.npy,gunnedah/S5P_OFFL_L2__NO2____20220320.nc,20/03/2022,1.881799591
2046,tamworth,tamworth/S2A_MSIL2A_20230213T000221_N0509_R030_T56JKL_20230213T024354.npy,tamworth/S5P_OFFL_L2__NO2____20230213.nc,13/02/2023,1.881799591
2047,tamworth,tamworth/S2A_MSIL2A_20211031T000251_N0500_R030_T56JKL_20230107T163702.npy,tamworth/S5P_OFFL_L2__NO2____20211031.nc,31/10/2021,1.881799591
2048,tamworth,tamworth/S2A_MSIL2A_20230305T000221_N0509_R030_T56JKL_20230305T024055.npy,tamworth/S5P_OFFL_L2__NO2____20230305.nc,5/03/2023,5.645398773
2049,tamworth,tamworth/S2A_MSIL2A_20220320T000241_N0400_R030_T56JKL_20220320T021130.npy,tamworth/S5P_OFFL_L2__NO2____20220320.nc,20/03/2022,1.881799591
2050,tamworth,tamworth/S2A_MSIL2A_20230504T000221_N0509_R030_T56JKL_20230504T041857.npy,tamworth/S5P_OFFL_L2__NO2____20230504.nc,4/05/2023,15.05439673
2051,site_5449,site_5449/S2B_MSIL2A_20211103T054009_N0500_R005_T43QBF_20221228T113403.npy,site_5449/S5P_OFFL_L2__NO2____20211103.nc,3/11/2021,0.02
2052,site_5449,site_5449/S2A_MSIL2A_20230522T053641_N0509_R005_T43QBF_20230522T090554.npy,site_5449/S5P_OFFL_L2__NO2____20230522.nc,22/05/2023,20.425625
2053,site_5449,site_5449/S2A_MSIL2A_20230422T053641_N0509_R005_T43QBF_20230422T091257.npy,site_5449/S5P_OFFL_L2__NO2____20230422.nc,22/04/2023,20.55513889
2054,site_5449,site_5449/S2B_MSIL2A_20230216T053919_N0509_R005_T43QBF_20230216T082117.npy,site_5449/S5P_OFFL_L2__NO2____20230216.nc,16/02/2023,9.142291667
2055,site_5449,site_5449/S2B_MSIL2A_20230507T053649_N0509_R005_T43QBF_20230507T082039.npy,site_5449/S5P_OFFL_L2__NO2____20230507.nc,7/05/2023,20.55086806
2056,site_5449,site_5449/S2B_MSIL2A_20211223T054239_N0500_R005_T43QBF_20221227T013650.npy,site_5449/S5P_OFFL_L2__NO2____20211223.nc,23/12/2021,14.01
2057,site_5449,site_5449/S2A_MSIL2A_20230323T053641_N0509_R005_T43QBF_20230323T093855.npy,site_5449/S5P_OFFL_L2__NO2____20230323.nc,23/03/2023,20.39768519
2058,site_5449,site_5449/S2A_MSIL2A_20231218T054231_N0510_R005_T43QBF_20231218T083958.npy,site_5449/S5P_OFFL_L2__NO2____20231218.nc,18/12/2023,9.9525
2059,site_5449,site_5449/S2B_MSIL2A_20230117T054149_N0509_R005_T43QBF_20230118T080637.npy,site_5449/S5P_OFFL_L2__NO2____20230117.nc,17/01/2023,0.19775641
2060,site_5449,site_5449/S2B_MSIL2A_20230127T054109_N0509_R005_T43QBF_20230127T075929.npy,site_5449/S5P_OFFL_L2__NO2____20230127.nc,27/01/2023,0.154895833
2061,site_5454,site_5454/S2B_MSIL2A_20211103T054009_N0500_R005_T43QBF_20221228T113403.npy,site_5454/S5P_OFFL_L2__NO2____20211103.nc,3/11/2021,13.04
2062,site_5454,site_5454/S2B_MSIL2A_20230206T054019_N0509_R005_T43QBF_20230206T081423.npy,site_5454/S5P_OFFL_L2__NO2____20230206.nc,6/02/2023,13.80170139
2063,site_5454,site_5454/S2A_MSIL2A_20230522T053641_N0509_R005_T43QBF_20230522T090554.npy,site_5454/S5P_OFFL_L2__NO2____20230522.nc,22/05/2023,13.88395833
2064,site_5454,site_5454/S2B_MSIL2A_20230308T053659_N0509_R005_T43QBF_20230308T082242.npy,site_5454/S5P_OFFL_L2__NO2____20230308.nc,8/03/2023,13.90548611
2065,site_5454,site_5454/S2A_MSIL2A_20220417T053651_N0400_R005_T43QBF_20220417T093044.npy,site_5454/S5P_RPRO_L2__NO2____20220417.nc,17/04/2022,10.01
2066,site_5454,site_5454/S2A_MSIL2A_20230422T053641_N0509_R005_T43QBF_20230422T091257.npy,site_5454/S5P_OFFL_L2__NO2____20230422.nc,22/04/2023,13.82743056
2067,site_5454,site_5454/S2B_MSIL2A_20230216T053919_N0509_R005_T43QBF_20230216T082117.npy,site_5454/S5P_OFFL_L2__NO2____20230216.nc,16/02/2023,13.82996528
2068,site_5454,site_5454/S2B_MSIL2A_20230107T054219_N0509_R005_T43QBF_20230107T074110.npy,site_5454/S5P_OFFL_L2__NO2____20230107.nc,7/01/2023,64.9925
2069,site_5454,site_5454/S2A_MSIL2A_20230211T053951_N0509_R005_T43QBF_20230211T081556.npy,site_5454/S5P_OFFL_L2__NO2____20230211.nc,11/02/2023,13.79190972
2070,site_5454,site_5454/S2B_MSIL2A_20231223T054239_N0510_R005_T43QBF_20231223T071155.npy,site_5454/S5P_OFFL_L2__NO2____20231223.nc,23/12/2023,11.29260417
2071,site_5454,site_5454/S2A_MSIL2A_20230201T054041_N0509_R005_T43QBF_20230201T085600.npy,site_5454/S5P_OFFL_L2__NO2____20230201.nc,1/02/2023,13.85694444
2072,site_5454,site_5454/S2A_MSIL2A_20211019T053841_N0500_R005_T43QBF_20230118T164016.npy,site_5454/S5P_OFFL_L2__NO2____20211019.nc,19/10/2021,4.01
2073,site_5454,site_5454/S2A_MSIL2A_20230512T053641_N0509_R005_T43QBF_20230512T091158.npy,site_5454/S5P_OFFL_L2__NO2____20230512.nc,12/05/2023,13.81121528
2074,site_5454,site_5454/S2A_MSIL2A_20230323T053641_N0509_R005_T43QBF_20230323T093855.npy,site_5454/S5P_OFFL_L2__NO2____20230323.nc,23/03/2023,13.92916667
2075,site_5454,site_5454/S2A_MSIL2A_20231208T054221_N0509_R005_T43QBF_20231208T084406.npy,site_5454/S5P_OFFL_L2__NO2____20231208.nc,8/12/2023,11.27795139
2076,site_5454,site_5454/S2A_MSIL2A_20220507T053651_N0400_R005_T43QBF_20220507T103017.npy,site_5454/S5P_RPRO_L2__NO2____20220507.nc,7/05/2022,9.99
2077,site_5454,site_5454/S2B_MSIL2A_20230226T053809_N0509_R005_T43QBF_20230226T082944.npy,site_5454/S5P_OFFL_L2__NO2____20230226.nc,26/02/2023,13.81263889
2078,site_5454,site_5454/S2A_MSIL2A_20230102T054231_N0509_R005_T43QBF_20230102T083154.npy,site_5454/S5P_OFFL_L2__NO2____20230102.nc,2/01/2023,18.80583333
2079,site_5454,site_5454/S2A_MSIL2A_20211208T054221_N0500_R005_T43QBF_20221228T191135.npy,site_5454/S5P_RPRO_L2__NO2____20211208.nc,8/12/2021,15.42
2080,site_5454,site_5454/S2B_MSIL2A_20230127T054109_N0509_R005_T43QBF_20230127T075929.npy,site_5454/S5P_OFFL_L2__NO2____20230127.nc,27/01/2023,13.90791667
2081,site_5454,site_5454/S2A_MSIL2A_20211218T054241_N0500_R005_T43QBF_20221226T134208.npy,site_5454/S5P_OFFL_L2__NO2____20211218.nc,18/12/2021,14.98
2082,site_5454,site_5454/S2B_MSIL2A_20211014T053809_N0500_R005_T43QBF_20230115T052440.npy,site_5454/S5P_OFFL_L2__NO2____20211014.nc,14/10/2021,4.11
2083,site_253,site_253/S2A_MSIL2A_20200328T053641_N0500_R005_T43REQ_20230601T154807.npy,site_253/S5P_RPRO_L2__NO2____20200328.nc,28/03/2020,18.71
2084,site_253,site_253/S2B_MSIL2A_20220323T053639_N0400_R005_T43REQ_20220323T081309.npy,site_253/S5P_RPRO_L2__NO2____20220323.nc,23/03/2022,23.79
2085,site_253,site_253/S2A_MSIL2A_20230313T053641_N0509_R005_T43REQ_20230313T093233.npy,site_253/S5P_OFFL_L2__NO2____20230313.nc,13/03/2023,17.01114583
2086,site_253,site_253/S2A_MSIL2A_20230201T054041_N0509_R005_T43REQ_20230201T085600.npy,site_253/S5P_OFFL_L2__NO2____20230201.nc,1/02/2023,17.65864583
2087,site_253,site_253/S2B_MSIL2A_20211223T054239_N0500_R005_T43REQ_20221227T013650.npy,site_253/S5P_OFFL_L2__NO2____20211223.nc,23/12/2021,31.81
2088,site_253,site_253/S2B_MSIL2A_20220611T053649_N0400_R005_T43REQ_20220611T083632.npy,site_253/S5P_OFFL_L2__NO2____20220611.nc,11/06/2022,13.2
2089,site_253,site_253/S2B_MSIL2A_20220929T053639_N0400_R005_T43REQ_20220929T081555.npy,site_253/S5P_OFFL_L2__NO2____20220929.nc,29/09/2022,12.75
2090,site_253,site_253/S2B_MSIL2A_20210127T054109_N0500_R005_T43REQ_20230527T205712.npy,site_253/S5P_RPRO_L2__NO2____20210127.nc,27/01/2021,26.35
2091,site_253,site_253/S2A_MSIL2A_20221123T054141_N0400_R005_T43REQ_20221123T084054.npy,site_253/S5P_OFFL_L2__NO2____20221123.nc,23/11/2022,24.73
2092,site_253,site_253/S2A_MSIL2A_20191010T053731_N0500_R005_T43REQ_20230614T013025.npy,site_253/S5P_OFFL_L2__NO2____20191010.nc,10/10/2019,44.52
2093,site_253,site_253/S2B_MSIL2A_20201108T054039_N0500_R005_T43REQ_20230302T144331.npy,site_253/S5P_RPRO_L2__NO2____20201108.nc,8/11/2020,30.4
2094,site_253,site_253/S2B_MSIL2A_20231123T054139_N0509_R005_T43REQ_20231123T070647.npy,site_253/S5P_OFFL_L2__NO2____20231123.nc,23/11/2023,35.30236111
2095,site_253,site_253/S2B_MSIL2A_20230507T053649_N0509_R005_T43REQ_20230507T082039.npy,site_253/S5P_OFFL_L2__NO2____20230507.nc,7/05/2023,15.81007576
2096,site_253,site_253/S2A_MSIL2A_20201113T054101_N0500_R005_T43REQ_20230411T173006.npy,site_253/S5P_RPRO_L2__NO2____20201113.nc,13/11/2020,28.85
2097,site_253,site_253/S2A_MSIL2A_20210402T053641_N0500_R005_T43REQ_20230526T000338.npy,site_253/S5P_OFFL_L2__NO2____20210402.nc,2/04/2021,38.99
2098,site_253,site_253/S2A_MSIL2A_20210201T054041_N0500_R005_T43REQ_20230603T012031.npy,site_253/S5P_RPRO_L2__NO2____20210201.nc,1/02/2021,69.36
2099,site_253,site_253/S2B_MSIL2A_20190508T053649_N0500_R005_T43REQ_20221211T085113.npy,site_253/S5P_OFFL_L2__NO2____20190508.nc,8/05/2019,11.61
2100,site_253,site_253/S2B_MSIL2A_20211103T054009_N0500_R005_T43REQ_20230101T114001.npy,site_253/S5P_RPRO_L2__NO2____20211103.nc,3/11/2021,47.07
2101,site_253,site_253/S2A_MSIL2A_20200616T053651_N0500_R005_T43REQ_20230403T020819.npy,site_253/S5P_RPRO_L2__NO2____20200616.nc,16/06/2020,18.07
2102,site_253,site_253/S2A_MSIL2A_20190602T053641_N0500_R005_T43REQ_20221219T062103.npy,site_253/S5P_RPRO_L2__NO2____20190602.nc,2/06/2019,4.81
2103,site_253,site_253/S2A_MSIL2A_20201103T054011_N0500_R005_T43REQ_20230407T153038.npy,site_253/S5P_OFFL_L2__NO2____20201103.nc,3/11/2020,32.87
2104,site_253,site_253/S2B_MSIL2A_20230117T054149_N0509_R005_T43REQ_20230117T070452.npy,site_253/S5P_OFFL_L2__NO2____20230117.nc,17/01/2023,17.46354167
2105,site_253,site_253/S2B_MSIL2A_20211213T054229_N0500_R005_T43REQ_20221225T073321.npy,site_253/S5P_OFFL_L2__NO2____20211213.nc,13/12/2021,34.62
2106,site_253,site_253/S2A_MSIL2A_20201014T053811_N0500_R005_T43REQ_20230410T000848.npy,site_253/S5P_OFFL_L2__NO2____20201014.nc,14/10/2020,18.16
2107,site_253,site_253/S2A_MSIL2A_20210522T053641_N0500_R005_T43REQ_20230225T040626.npy,site_253/S5P_RPRO_L2__NO2____20210522.nc,22/05/2021,25.52
2108,site_253,site_253/S2B_MSIL2A_20221218T054239_N0509_R005_T43REQ_20221218T071346.npy,site_253/S5P_OFFL_L2__NO2____20221218.nc,18/12/2022,24.73
2109,site_253,site_253/S2A_MSIL2A_20211118T054121_N0500_R005_T43REQ_20230105T033849.npy,site_253/S5P_RPRO_L2__NO2____20211118.nc,18/11/2021,40.7
2110,site_253,site_253/S2A_MSIL2A_20221213T054231_N0509_R005_T43REQ_20221213T104856.npy,site_253/S5P_OFFL_L2__NO2____20221213.nc,13/12/2022,22.9
2111,site_253,site_253/S2A_MSIL2A_20181015T053801_N0500_R005_T43REQ_20230730T091800.npy,site_253/S5P_RPRO_L2__NO2____20181015.nc,15/10/2018,11.01
2112,site_253,site_253/S2B_MSIL2A_20200222T053839_N0500_R005_T43REQ_20230610T091348.npy,site_253/S5P_OFFL_L2__NO2____20200222.nc,22/02/2020,30.24
2113,site_253,site_253/S2B_MSIL2A_20210606T053639_N0500_R005_T43REQ_20230313T234135.npy,site_253/S5P_RPRO_L2__NO2____20210606.nc,6/06/2021,21.04
2114,site_253,site_253/S2B_MSIL2A_20180801T053639_N0500_R005_T43REQ_20230709T063405.npy,site_253/S5P_RPRO_L2__NO2____20180801.nc,1/08/2018,13.1
2115,site_253,site_253/S2A_MSIL2A_20191020T053841_N0500_R005_T43REQ_20230622T091439.npy,site_253/S5P_RPRO_L2__NO2____20191020.nc,20/10/2019,31.88
2116,site_253,site_253/S2A_MSIL2A_20200318T053641_N0500_R005_T43REQ_20230408T203916.npy,site_253/S5P_OFFL_L2__NO2____20200318.nc,18/03/2020,24.46
2117,site_253,site_253/S2A_MSIL2A_20210211T053941_N0500_R005_T43REQ_20230609T093359.npy,site_253/S5P_OFFL_L2__NO2____20210211.nc,11/02/2021,50.46
2118,site_253,site_253/S2B_MSIL2A_20231213T054229_N0509_R005_T43REQ_20231213T070452.npy,site_253/S5P_OFFL_L2__NO2____20231213.nc,13/12/2023,30.57857639
2119,site_253,site_253/S2A_MSIL2A_20200308T053651_N0500_R005_T43REQ_20230423T042301.npy,site_253/S5P_OFFL_L2__NO2____20200308.nc,8/03/2020,51.79
2120,site_253,site_253/S2B_MSIL2A_20211014T053809_N0500_R005_T43REQ_20230115T052440.npy,site_253/S5P_OFFL_L2__NO2____20211014.nc,14/10/2021,15.12
2121,site_253,site_253/S2A_MSIL2A_20190503T053651_N0500_R005_T43REQ_20221221T101009.npy,site_253/S5P_OFFL_L2__NO2____20190503.nc,3/05/2019,10.08
2122,site_253,site_253/S2A_MSIL2A_20211009T053731_N0500_R005_T43REQ_20230127T111553.npy,site_253/S5P_RPRO_L2__NO2____20211009.nc,9/10/2021,8.58
2123,site_253,site_253/S2B_MSIL2A_20200323T053639_N0500_R005_T43REQ_20230409T015653.npy,site_253/S5P_RPRO_L2__NO2____20200323.nc,23/03/2020,17.96
2124,site_253,site_253/S2A_MSIL2A_20190423T053651_N0500_R005_T43REQ_20221030T125353.npy,site_253/S5P_OFFL_L2__NO2____20190423.nc,23/04/2019,2.96
2125,site_253,site_253/S2A_MSIL2A_20231118T054111_N0509_R005_T43REQ_20231118T084656.npy,site_253/S5P_OFFL_L2__NO2____20231118.nc,18/11/2023,27.66152778
2126,site_253,site_253/S2A_MSIL2A_20201223T054241_N0500_R005_T43REQ_20230331T112101.npy,site_253/S5P_OFFL_L2__NO2____20201223.nc,23/12/2020,26.73
2127,site_1438,site_1438/S2A_MSIL2A_20200328T053641_N0500_R005_T43REQ_20230601T154807.npy,site_1438/S5P_RPRO_L2__NO2____20200328.nc,28/03/2020,9.78
2128,site_1438,site_1438/S2B_MSIL2A_20220323T053639_N0400_R005_T43REQ_20220323T081309.npy,site_1438/S5P_RPRO_L2__NO2____20220323.nc,23/03/2022,14.73
2129,site_1438,site_1438/S2A_MSIL2A_20200527T053651_N0500_R005_T43REQ_20230508T113109.npy,site_1438/S5P_RPRO_L2__NO2____20200527.nc,27/05/2020,9.89
2130,site_1438,site_1438/S2A_MSIL2A_20230201T054041_N0509_R005_T43REQ_20230201T085600.npy,site_1438/S5P_OFFL_L2__NO2____20230201.nc,1/02/2023,17.01253472
2131,site_1438,site_1438/S2B_MSIL2A_20211223T054239_N0500_R005_T43REQ_20221227T013650.npy,site_1438/S5P_OFFL_L2__NO2____20211223.nc,23/12/2021,21.33
2132,site_1438,site_1438/S2B_MSIL2A_20220611T053649_N0400_R005_T43REQ_20220611T083632.npy,site_1438/S5P_OFFL_L2__NO2____20220611.nc,11/06/2022,8.96
2133,site_1438,site_1438/S2A_MSIL2A_20181224T054231_N0500_R005_T43REQ_20230725T183104.npy,site_1438/S5P_OFFL_L2__NO2____20181224.nc,24/12/2018,18.97
2134,site_1438,site_1438/S2B_MSIL2A_20210127T054109_N0500_R005_T43REQ_20230527T205712.npy,site_1438/S5P_RPRO_L2__NO2____20210127.nc,27/01/2021,19.65
2135,site_1438,site_1438/S2B_MSIL2A_20220919T053649_N0400_R005_T43REQ_20220919T082431.npy,site_1438/S5P_OFFL_L2__NO2____20220919.nc,19/09/2022,16.35
2136,site_1438,site_1438/S2A_MSIL2A_20191010T053731_N0500_R005_T43REQ_20230614T013025.npy,site_1438/S5P_RPRO_L2__NO2____20191010.nc,10/10/2019,16.23
2137,site_1438,site_1438/S2B_MSIL2A_20201108T054039_N0500_R005_T43REQ_20230302T144331.npy,site_1438/S5P_RPRO_L2__NO2____20201108.nc,8/11/2020,16.21
2138,site_1438,site_1438/S2B_MSIL2A_20231123T054139_N0509_R005_T43REQ_20231123T070647.npy,site_1438/S5P_OFFL_L2__NO2____20231123.nc,23/11/2023,30.04760417
2139,site_1438,site_1438/S2A_MSIL2A_20221203T054211_N0400_R005_T43REQ_20221203T084655.npy,site_1438/S5P_OFFL_L2__NO2____20221203.nc,3/12/2022,43.28
2140,site_1438,site_1438/S2B_MSIL2A_20200422T053639_N0500_R005_T43REQ_20230521T102513.npy,site_1438/S5P_OFFL_L2__NO2____20200422.nc,22/04/2020,8.81
2141,site_1438,site_1438/S2B_MSIL2A_20230507T053649_N0509_R005_T43REQ_20230507T082039.npy,site_1438/S5P_OFFL_L2__NO2____20230507.nc,7/05/2023,13.8465625
2142,site_1438,site_1438/S2A_MSIL2A_20201113T054101_N0500_R005_T43REQ_20230411T173006.npy,site_1438/S5P_OFFL_L2__NO2____20201113.nc,13/11/2020,19.98
2143,site_1438,site_1438/S2B_MSIL2A_20190508T053649_N0500_R005_T43REQ_20221211T085113.npy,site_1438/S5P_OFFL_L2__NO2____20190508.nc,8/05/2019,39.19
2144,site_1438,site_1438/S2B_MSIL2A_20201009T053739_N0500_R005_T43REQ_20230414T145136.npy,site_1438/S5P_RPRO_L2__NO2____20201009.nc,9/10/2020,14.94
2145,site_1438,site_1438/S2A_MSIL2A_20200616T053651_N0500_R005_T43REQ_20230403T020819.npy,site_1438/S5P_RPRO_L2__NO2____20200616.nc,16/06/2020,8.21
2146,site_1438,site_1438/S2A_MSIL2A_20210611T053641_N0500_R005_T43REQ_20230307T114655.npy,site_1438/S5P_OFFL_L2__NO2____20210611.nc,11/06/2021,6.68
2147,site_1438,site_1438/S2B_MSIL2A_20230117T054149_N0509_R005_T43REQ_20230117T070452.npy,site_1438/S5P_OFFL_L2__NO2____20230117.nc,17/01/2023,18.43420139
2148,site_1438,site_1438/S2B_MSIL2A_20211213T054229_N0500_R005_T43REQ_20221225T073321.npy,site_1438/S5P_OFFL_L2__NO2____20211213.nc,13/12/2021,15.77
2149,site_1438,site_1438/S2A_MSIL2A_20230412T053641_N0509_R005_T43REQ_20230412T094355.npy,site_1438/S5P_OFFL_L2__NO2____20230412.nc,12/04/2023,17.86859848
2150,site_1438,site_1438/S2A_MSIL2A_20201203T054211_N0500_R005_T43REQ_20230303T060749.npy,site_1438/S5P_RPRO_L2__NO2____20201203.nc,3/12/2020,17
2151,site_1438,site_1438/S2A_MSIL2A_20220626T053651_N0400_R005_T43REQ_20220626T110110.npy,site_1438/S5P_OFFL_L2__NO2____20220626.nc,26/06/2022,21.52
2152,site_1438,site_1438/S2B_MSIL2A_20180612T053639_N0500_R005_T43REQ_20230716T042607.npy,site_1438/S5P_RPRO_L2__NO2____20180612.nc,12/06/2018,4.65
2153,site_1438,site_1438/S2B_MSIL2A_20210706T053649_N0500_R005_T43REQ_20230202T114923.npy,site_1438/S5P_OFFL_L2__NO2____20210706.nc,6/07/2021,26.12
2154,site_1438,site_1438/S2A_MSIL2A_20180826T053641_N0500_R005_T43REQ_20230810T043436.npy,site_1438/S5P_OFFL_L2__NO2____20180826.nc,26/08/2018,10.41
2155,site_1438,site_1438/S2A_MSIL2A_20230522T053641_N0509_R005_T43REQ_20230522T090554.npy,site_1438/S5P_OFFL_L2__NO2____20230522.nc,22/05/2023,13.829375
2156,site_1438,site_1438/S2A_MSIL2A_20190612T053641_N0500_R005_T43REQ_20230809T142429.npy,site_1438/S5P_RPRO_L2__NO2____20190612.nc,12/06/2019,4.22
2157,site_1438,site_1438/S2B_MSIL2A_20200313T053639_N0500_R005_T43REQ_20230628T170629.npy,site_1438/S5P_OFFL_L2__NO2____20200313.nc,13/03/2020,5.88
2158,site_1438,site_1438/S2A_MSIL2A_20231218T054231_N0510_R005_T43REQ_20231218T083958.npy,site_1438/S5P_OFFL_L2__NO2____20231218.nc,18/12/2023,30.02604167
2159,site_1438,site_1438/S2A_MSIL2A_20191020T053841_N0500_R005_T43REQ_20230622T091439.npy,site_1438/S5P_RPRO_L2__NO2____20191020.nc,20/10/2019,23.66
2160,site_1438,site_1438/S2A_MSIL2A_20200318T053641_N0500_R005_T43REQ_20230408T203916.npy,site_1438/S5P_RPRO_L2__NO2____20200318.nc,18/03/2020,8.42
2161,site_1438,site_1438/S2A_MSIL2A_20210211T053941_N0500_R005_T43REQ_20230609T093359.npy,site_1438/S5P_OFFL_L2__NO2____20210211.nc,11/02/2021,18.27
2162,site_1438,site_1438/S2B_MSIL2A_20231213T054229_N0509_R005_T43REQ_20231213T070452.npy,site_1438/S5P_OFFL_L2__NO2____20231213.nc,13/12/2023,29.94375
2163,site_1438,site_1438/S2A_MSIL2A_20180707T053641_N0500_R005_T43REQ_20230817T170423.npy,site_1438/S5P_RPRO_L2__NO2____20180707.nc,7/07/2018,10.8
2164,site_1438,site_1438/S2A_MSIL2A_20190503T053651_N0500_R005_T43REQ_20221221T101009.npy,site_1438/S5P_OFFL_L2__NO2____20190503.nc,3/05/2019,30.57
2165,site_1438,site_1438/S2A_MSIL2A_20231208T054221_N0509_R005_T43REQ_20231208T084406.npy,site_1438/S5P_OFFL_L2__NO2____20231208.nc,8/12/2023,29.96958333
2166,site_1438,site_1438/S2A_MSIL2A_20211009T053731_N0500_R005_T43REQ_20230127T111553.npy,site_1438/S5P_OFFL_L2__NO2____20211009.nc,9/10/2021,25.66
2167,site_1438,site_1438/S2B_MSIL2A_20230206T054019_N0509_R005_T43REQ_20230206T081423.npy,site_1438/S5P_OFFL_L2__NO2____20230206.nc,6/02/2023,17.66864583
2168,site_1438,site_1438/S2B_MSIL2A_20200323T053639_N0500_R005_T43REQ_20230409T015653.npy,site_1438/S5P_RPRO_L2__NO2____20200323.nc,23/03/2020,6.96
2169,site_1438,site_1438/S2A_MSIL2A_20230211T053951_N0509_R005_T43REQ_20230211T090601.npy,site_1438/S5P_OFFL_L2__NO2____20230211.nc,11/02/2023,26.76065972
2170,site_1438,site_1438/S2A_MSIL2A_20231118T054111_N0509_R005_T43REQ_20231118T084656.npy,site_1438/S5P_OFFL_L2__NO2____20231118.nc,18/11/2023,34.96086806
2171,site_115,site_115/S2A_MSIL2A_20190609T052651_N0500_R105_T43RFM_20230724T074619.npy,site_115/S5P_OFFL_L2__NO2____20190609.nc,9/06/2019,18.79
2172,site_115,site_115/S2B_MSIL2A_20210603T052649_N0500_R105_T43RFM_20230320T155445.npy,site_115/S5P_RPRO_L2__NO2____20210603.nc,3/06/2021,20.13
2173,site_115,site_115/S2A_MSIL2A_20200214T052921_N0500_R105_T43RFM_20230502T020823.npy,site_115/S5P_OFFL_L2__NO2____20200214.nc,14/02/2020,27.83
2174,site_115,site_115/S2A_MSIL2A_20210419T052641_N0500_R105_T43RFM_20230524T203354.npy,site_115/S5P_RPRO_L2__NO2____20210419.nc,19/04/2021,36.4
2175,site_115,site_115/S2B_MSIL2A_20210812T052649_N0500_R105_T43RFM_20230212T102919.npy,site_115/S5P_OFFL_L2__NO2____20210812.nc,12/08/2021,17.98
2176,site_115,site_115/S2A_MSIL2A_20230310T052641_N0509_R105_T43RFM_20230310T093103.npy,site_115/S5P_OFFL_L2__NO2____20230310.nc,10/03/2023,27.49442029
2177,site_115,site_115/S2A_MSIL2A_20181012T052741_N0500_R105_T43RFM_20230709T053423.npy,site_115/S5P_RPRO_L2__NO2____20181012.nc,12/10/2018,33.92
2178,site_115,site_115/S2A_MSIL2A_20230218T052901_N0509_R105_T43RFM_20230218T092158.npy,site_115/S5P_OFFL_L2__NO2____20230218.nc,18/02/2023,41.92520833
2179,site_115,site_115/S2A_MSIL2A_20210529T052651_N0500_R105_T43RFM_20230208T101411.npy,site_115/S5P_RPRO_L2__NO2____20210529.nc,29/05/2021,13.75
2180,site_115,site_115/S2A_MSIL2A_20220424T052651_N0400_R105_T43RFM_20220424T100603.npy,site_115/S5P_OFFL_L2__NO2____20220424.nc,24/04/2022,43
2181,site_115,site_115/S2B_MSIL2A_20200618T052649_N0500_R105_T43RFM_20231109T221241.npy,site_115/S5P_OFFL_L2__NO2____20200618.nc,18/06/2020,16.2
2182,site_115,site_115/S2B_MSIL2A_20220409T052639_N0400_R105_T43RFM_20220409T080914.npy,site_115/S5P_RPRO_L2__NO2____20220409.nc,9/04/2022,52.51
2183,site_115,site_115/S2B_MSIL2A_20220529T052649_N0400_R105_T43RFM_20220529T082829.npy,site_115/S5P_OFFL_L2__NO2____20220529.nc,29/05/2022,17.88
2184,site_115,site_115/S2B_MSIL2A_20181206T053209_N0500_R105_T43RFM_20230701T014321.npy,site_115/S5P_OFFL_L2__NO2____20181206.nc,6/12/2018,45.36
2185,site_115,site_115/S2B_MSIL2A_20201006T052709_N0500_R105_T43RFM_20230413T084735.npy,site_115/S5P_RPRO_L2__NO2____20201006.nc,6/10/2020,32.22
2186,site_115,site_115/S2B_MSIL2A_20200509T052649_N0500_R105_T43RFM_20230331T115846.npy,site_115/S5P_RPRO_L2__NO2____20200509.nc,9/05/2020,14.62
2187,site_115,site_115/S2B_MSIL2A_20201225T053229_N0500_R105_T43RFM_20230328T115134.npy,site_115/S5P_OFFL_L2__NO2____20201225.nc,25/12/2020,36.95
2188,site_115,site_115/S2B_MSIL2A_20180609T052649_N0500_R105_T43RFM_20230824T011703.npy,site_115/S5P_RPRO_L2__NO2____20180609.nc,9/06/2018,24.33
2189,site_115,site_115/S2B_MSIL2A_20211110T053039_N0500_R105_T43RFM_20230104T060153.npy,site_115/S5P_OFFL_L2__NO2____20211110.nc,10/11/2021,88.68
2190,site_115,site_115/S2B_MSIL2A_20220320T052649_N0400_R105_T43RFM_20220320T081158.npy,site_115/S5P_RPRO_L2__NO2____20220320.nc,20/03/2022,54.54
2191,site_115,site_115/S2A_MSIL2A_20200514T052651_N0500_R105_T43RFM_20230420T211732.npy,site_115/S5P_RPRO_L2__NO2____20200514.nc,14/05/2020,19.7
2192,site_115,site_115/S2A_MSIL2A_20210628T052651_N0500_R105_T43RFM_20230202T231357.npy,site_115/S5P_RPRO_L2__NO2____20210628.nc,28/06/2021,17.78
2193,site_115,site_115/S2B_MSIL2A_20201016T052819_N0500_R105_T43RFM_20230413T162324.npy,site_115/S5P_OFFL_L2__NO2____20201016.nc,16/10/2020,34.59
2194,site_115,site_115/S2B_MSIL2A_20211021T052849_N0500_R105_T43RFM_20230108T061345.npy,site_115/S5P_RPRO_L2__NO2____20211021.nc,21/10/2021,33.35
2195,site_115,site_115/S2A_MSIL2A_20190430T052651_N0500_R105_T43RFM_20221110T080856.npy,site_115/S5P_RPRO_L2__NO2____20190430.nc,30/04/2019,33.45
2196,site_115,site_115/S2A_MSIL2A_20221001T052651_N0400_R105_T43RFM_20221001T130959.npy,site_115/S5P_OFFL_L2__NO2____20221001.nc,1/10/2022,34.92
2197,site_115,site_115/S2B_MSIL2A_20221205T053209_N0400_R105_T43RFM_20221205T065506.npy,site_115/S5P_OFFL_L2__NO2____20221205.nc,5/12/2022,42.63
2198,site_115,site_115/S2A_MSIL2A_20230519T052651_N0509_R105_T43RFM_20230519T092659.npy,site_115/S5P_OFFL_L2__NO2____20230519.nc,19/05/2023,31.07913194
2199,site_115,site_115/S2B_MSIL2A_20210414T052639_N0500_R105_T43RFM_20230618T021140.npy,site_115/S5P_OFFL_L2__NO2____20210414.nc,14/04/2021,37.14
2200,site_115,site_115/S2A_MSIL2A_20201210T053221_N0500_R105_T43RFM_20230401T064048.npy,site_115/S5P_RPRO_L2__NO2____20201210.nc,10/12/2020,31.76
2201,site_115,site_115/S2B_MSIL2A_20210223T052819_N0500_R105_T43RFM_20230525T105235.npy,site_115/S5P_RPRO_L2__NO2____20210223.nc,23/02/2021,35.62
2202,site_115,site_115/S2B_MSIL2A_20200130T053049_N0500_R105_T43RFM_20230426T123620.npy,site_115/S5P_OFFL_L2__NO2____20200130.nc,30/01/2020,31.48
2203,site_115,site_115/S2A_MSIL2A_20211225T053241_N0500_R105_T43RFM_20221224T231251.npy,site_115/S5P_RPRO_L2__NO2____20211225.nc,25/12/2021,52.71
2204,site_115,site_115/S2A_MSIL2A_20180525T052651_N0500_R105_T43RFM_20230829T233103.npy,site_115/S5P_RPRO_L2__NO2____20180525.nc,25/05/2018,33.28
2205,site_115,site_115/S2A_MSIL2A_20211115T053101_N0500_R105_T43RFM_20221230T163334.npy,site_115/S5P_RPRO_L2__NO2____20211115.nc,15/11/2021,56.06
2206,site_115,site_115/S2B_MSIL2A_20191201T053159_N0500_R105_T43RFM_20230614T071442.npy,site_115/S5P_RPRO_L2__NO2____20191201.nc,1/12/2019,46.2
2207,site_115,site_115/S2A_MSIL2A_20210129T053101_N0500_R105_T43RFM_20230604T073056.npy,site_115/S5P_OFFL_L2__NO2____20210129.nc,29/01/2021,32.37
2208,site_115,site_115/S2B_MSIL2A_20190306T052709_N0500_R105_T43RFM_20221118T012800.npy,site_115/S5P_OFFL_L2__NO2____20190306.nc,6/03/2019,17.64
2209,site_115,site_115/S2B_MSIL2A_20180917T052639_N0500_R105_T43RFM_20230706T202518.npy,site_115/S5P_RPRO_L2__NO2____20180917.nc,17/09/2018,21.41
2210,site_115,site_115/S2B_MSIL2A_20200429T052639_N0500_R105_T43RFM_20230407T130358.npy,site_115/S5P_RPRO_L2__NO2____20200429.nc,29/04/2020,15.4
2211,site_115,site_115/S2A_MSIL2A_20220414T052651_N0400_R105_T43RFM_20220414T081245.npy,site_115/S5P_OFFL_L2__NO2____20220414.nc,14/04/2022,30.39
2212,site_115,site_115/S2B_MSIL2A_20221215T053229_N0509_R105_T43RFM_20221215T081623.npy,site_115/S5P_OFFL_L2__NO2____20221215.nc,15/12/2022,28.43
2213,site_115,site_115/S2B_MSIL2A_20211031T052949_N0500_R105_T43RFM_20230116T010011.npy,site_115/S5P_OFFL_L2__NO2____20211031.nc,31/10/2021,77.2
2214,site_115,site_115/S2A_MSIL2A_20210608T052651_N0500_R105_T43RFM_20230130T124738.npy,site_115/S5P_OFFL_L2__NO2____20210608.nc,8/06/2021,22.89
2215,site_115,site_115/S2A_MSIL2A_20200424T052651_N0500_R105_T43RFM_20230407T191120.npy,site_115/S5P_RPRO_L2__NO2____20200424.nc,24/04/2020,19.17
2216,site_115,site_115/S2A_MSIL2A_20211016T052821_N0500_R105_T43RFM_20230115T141858.npy,site_115/S5P_RPRO_L2__NO2____20211016.nc,16/10/2021,38.6
2217,site_115,site_115/S2A_MSIL2A_20230228T052751_N0509_R105_T43RFM_20230228T092855.npy,site_115/S5P_OFFL_L2__NO2____20230228.nc,28/02/2023,25.3959058
2218,site_115,site_115/S2B_MSIL2A_20181017T052809_N0500_R105_T43RFM_20230728T180244.npy,site_115/S5P_OFFL_L2__NO2____20181017.nc,17/10/2018,44.21
2219,site_115,site_115/S2B_MSIL2A_20190204T053029_N0500_R105_T43RFM_20221128T014854.npy,site_115/S5P_OFFL_L2__NO2____20190204.nc,4/02/2019,24.41
2220,site_115,site_115/S2A_MSIL2A_20221120T053121_N0400_R105_T43RFM_20221120T090201.npy,site_115/S5P_OFFL_L2__NO2____20221120.nc,20/11/2022,13.06
2221,site_115,site_115/S2A_MSIL2A_20230409T052651_N0509_R105_T43RFM_20230409T101000.npy,site_115/S5P_OFFL_L2__NO2____20230409.nc,9/04/2023,56.31399306
2222,site_1561,site_1561/S2A_MSIL2A_20190609T052651_N0500_R105_T43RFM_20230724T074619.npy,site_1561/S5P_OFFL_L2__NO2____20190609.nc,9/06/2019,45.5
2223,site_1561,site_1561/S2B_MSIL2A_20181007T052709_N0500_R105_T43RFM_20230728T211142.npy,site_1561/S5P_OFFL_L2__NO2____20181007.nc,7/10/2018,34.6
2224,site_1561,site_1561/S2A_MSIL2A_20211125T053141_N0500_R105_T43RFM_20221231T174650.npy,site_1561/S5P_RPRO_L2__NO2____20211125.nc,25/11/2021,100.59
2225,site_1561,site_1561/S2A_MSIL2A_20210320T052651_N0500_R105_T43RFM_20230521T140114.npy,site_1561/S5P_OFFL_L2__NO2____20210320.nc,20/03/2021,30.17
2226,site_1561,site_1561/S2A_MSIL2A_20181012T052741_N0500_R105_T43RFM_20230709T053423.npy,site_1561/S5P_OFFL_L2__NO2____20181012.nc,12/10/2018,37.84
2227,site_1561,site_1561/S2A_MSIL2A_20201001T052651_N0500_R105_T43RFM_20230308T051815.npy,site_1561/S5P_RPRO_L2__NO2____20201001.nc,1/10/2020,28.48
2228,site_1561,site_1561/S2B_MSIL2A_20221026T052909_N0400_R105_T43RFM_20221026T081023.npy,site_1561/S5P_OFFL_L2__NO2____20221026.nc,26/10/2022,48.34
2229,site_1561,site_1561/S2B_MSIL2A_20200618T052649_N0500_R105_T43RFM_20231109T221241.npy,site_1561/S5P_OFFL_L2__NO2____20200618.nc,18/06/2020,19.58
2230,site_1561,site_1561/S2B_MSIL2A_20220409T052639_N0400_R105_T43RFM_20220409T080914.npy,site_1561/S5P_OFFL_L2__NO2____20220409.nc,9/04/2022,51.09
2231,site_1561,site_1561/S2B_MSIL2A_20181206T053209_N0500_R105_T43RFM_20230701T014321.npy,site_1561/S5P_OFFL_L2__NO2____20181206.nc,6/12/2018,44.99
2232,site_1561,site_1561/S2B_MSIL2A_20211210T053219_N0500_R105_T43RFM_20221224T005215.npy,site_1561/S5P_OFFL_L2__NO2____20211210.nc,10/12/2021,55.84
2233,site_1561,site_1561/S2A_MSIL2A_20231225T053231_N0510_R105_T43RFM_20231225T083954.npy,site_1561/S5P_OFFL_L2__NO2____20231225.nc,25/12/2023,51.63333333
2234,site_1561,site_1561/S2A_MSIL2A_20231115T053101_N0509_R105_T43RFM_20231115T083657.npy,site_1561/S5P_OFFL_L2__NO2____20231115.nc,15/11/2023,52.81354167
2235,site_1561,site_1561/S2B_MSIL2A_20190614T052659_N0500_R105_T43RFM_20230606T102659.npy,site_1561/S5P_RPRO_L2__NO2____20190614.nc,14/06/2019,10.43
2236,site_1561,site_1561/S2B_MSIL2A_20220320T052649_N0400_R105_T43RFM_20220320T081158.npy,site_1561/S5P_RPRO_L2__NO2____20220320.nc,20/03/2022,59.16
2237,site_1561,site_1561/S2B_MSIL2A_20230223T052829_N0509_R105_T43RFM_20230223T091406.npy,site_1561/S5P_OFFL_L2__NO2____20230223.nc,23/02/2023,32.44375
2238,site_1561,site_1561/S2B_MSIL2A_20201016T052819_N0500_R105_T43RFM_20230413T162324.npy,site_1561/S5P_OFFL_L2__NO2____20201016.nc,16/10/2020,26.03
2239,site_1561,site_1561/S2A_MSIL2A_20201120T053131_N0500_R105_T43RFM_20230404T230034.npy,site_1561/S5P_OFFL_L2__NO2____20201120.nc,20/11/2020,43.41
2240,site_1561,site_1561/S2B_MSIL2A_20211021T052849_N0500_R105_T43RFM_20230108T061345.npy,site_1561/S5P_OFFL_L2__NO2____20211021.nc,21/10/2021,59.86
2241,site_1561,site_1561/S2B_MSIL2A_20210623T052649_N0500_R105_T43RFM_20230318T004405.npy,site_1561/S5P_RPRO_L2__NO2____20210623.nc,23/06/2021,20.89
2242,site_1561,site_1561/S2B_MSIL2A_20221205T053209_N0400_R105_T43RFM_20221205T065506.npy,site_1561/S5P_OFFL_L2__NO2____20221205.nc,5/12/2022,62.18
2243,site_1561,site_1561/S2B_MSIL2A_20210414T052639_N0500_R105_T43RFM_20230618T021140.npy,site_1561/S5P_RPRO_L2__NO2____20210414.nc,14/04/2021,38.51
2244,site_1561,site_1561/S2B_MSIL2A_20210223T052819_N0500_R105_T43RFM_20230525T105235.npy,site_1561/S5P_OFFL_L2__NO2____20210223.nc,23/02/2021,57
2245,site_1561,site_1561/S2A_MSIL2A_20211115T053101_N0500_R105_T43RFM_20221230T163334.npy,site_1561/S5P_RPRO_L2__NO2____20211115.nc,15/11/2021,82.03
2246,site_1561,site_1561/S2B_MSIL2A_20221105T053009_N0400_R105_T43RFM_20221105T085717.npy,site_1561/S5P_OFFL_L2__NO2____20221105.nc,5/11/2022,74.25
2247,site_1561,site_1561/S2B_MSIL2A_20230603T052649_N0509_R105_T43RFM_20230603T081014.npy,site_1561/S5P_OFFL_L2__NO2____20230603.nc,3/06/2023,43.25520833
2248,site_1561,site_1561/S2A_MSIL2A_20230208T053001_N0509_R105_T43RFM_20230208T091456.npy,site_1561/S5P_OFFL_L2__NO2____20230208.nc,8/02/2023,38.18731884
2249,site_1561,site_1561/S2A_MSIL2A_20200204T053021_N0500_R105_T43RFM_20230427T045943.npy,site_1561/S5P_RPRO_L2__NO2____20200204.nc,4/02/2020,70.25
2250,site_1561,site_1561/S2B_MSIL2A_20221016T052809_N0400_R105_T43RFM_20221016T081012.npy,site_1561/S5P_OFFL_L2__NO2____20221016.nc,16/10/2022,37.41
2251,site_1561,site_1561/S2A_MSIL2A_20231205T053211_N0509_R105_T43RFM_20231205T084151.npy,site_1561/S5P_OFFL_L2__NO2____20231205.nc,5/12/2023,47.175
2252,site_1561,site_1561/S2A_MSIL2A_20210208T053001_N0500_R105_T43RFM_20230605T124733.npy,site_1561/S5P_OFFL_L2__NO2____20210208.nc,8/02/2021,53.86
2253,site_1561,site_1561/S2B_MSIL2A_20180917T052639_N0500_R105_T43RFM_20230706T202518.npy,site_1561/S5P_RPRO_L2__NO2____20180917.nc,17/09/2018,22.35
2254,site_1561,site_1561/S2A_MSIL2A_20201021T052851_N0500_R105_T43RFM_20230311T172549.npy,site_1561/S5P_RPRO_L2__NO2____20201021.nc,21/10/2020,60.89
2255,site_1561,site_1561/S2B_MSIL2A_20211031T052949_N0500_R105_T43RFM_20230116T010011.npy,site_1561/S5P_OFFL_L2__NO2____20211031.nc,31/10/2021,55.79
2256,site_1561,site_1561/S2A_MSIL2A_20190209T052951_N0500_R105_T43RFM_20221129T025325.npy,site_1561/S5P_RPRO_L2__NO2____20190209.nc,9/02/2019,42.83
2257,site_1561,site_1561/S2B_MSIL2A_20231210T053219_N0509_R105_T43RFM_20231210T080301.npy,site_1561/S5P_OFFL_L2__NO2____20231210.nc,10/12/2023,59.16458333
2258,site_1561,site_1561/S2A_MSIL2A_20181201T053151_N0500_R105_T43RFM_20230815T200354.npy,site_1561/S5P_OFFL_L2__NO2____20181201.nc,1/12/2018,53.68
2259,site_1561,site_1561/S2A_MSIL2A_20211016T052821_N0500_R105_T43RFM_20230115T141858.npy,site_1561/S5P_RPRO_L2__NO2____20211016.nc,16/10/2021,65.78
2260,site_1561,site_1561/S2A_MSIL2A_20221031T052951_N0400_R105_T43RFM_20221031T092457.npy,site_1561/S5P_OFFL_L2__NO2____20221031.nc,31/10/2022,79.23
2261,site_1561,site_1561/S2B_MSIL2A_20181017T052809_N0500_R105_T43RFM_20230728T180244.npy,site_1561/S5P_RPRO_L2__NO2____20181017.nc,17/10/2018,53.45
2262,site_1561,site_1561/S2A_MSIL2A_20210218T052851_N0500_R105_T43RFM_20230519T195908.npy,site_1561/S5P_RPRO_L2__NO2____20210218.nc,18/02/2021,52.38
2263,site_1561,site_1561/S2B_MSIL2A_20190204T053029_N0500_R105_T43RFM_20221128T014854.npy,site_1561/S5P_RPRO_L2__NO2____20190204.nc,4/02/2019,53.21
2264,site_1561,site_1561/S2A_MSIL2A_20221120T053121_N0400_R105_T43RFM_20221120T090201.npy,site_1561/S5P_OFFL_L2__NO2____20221120.nc,20/11/2022,61.4
2265,site_1561,site_1561/S2B_MSIL2A_20220330T052639_N0400_R105_T43RFM_20220330T084206.npy,site_1561/S5P_OFFL_L2__NO2____20220330.nc,30/03/2022,67.37
2266,site_1561,site_1561/S2B_MSIL2A_20230514T052649_N0509_R105_T43RFM_20230514T081203.npy,site_1561/S5P_OFFL_L2__NO2____20230514.nc,14/05/2023,38.79166667
2267,site_5339,site_5339/S2B_MSIL2A_20230504T052649_N0509_R105_T43RFM_20230504T081611.npy,site_5339/S5P_OFFL_L2__NO2____20230504.nc,4/05/2023,26.54010417
2268,site_5339,site_5339/S2A_MSIL2A_20211125T053141_N0500_R105_T43RFM_20221231T174650.npy,site_5339/S5P_OFFL_L2__NO2____20211125.nc,25/11/2021,40.84
2269,site_5339,site_5339/S2B_MSIL2A_20230213T052929_N0509_R105_T43RFM_20230213T080453.npy,site_5339/S5P_OFFL_L2__NO2____20230213.nc,13/02/2023,17.37173611
2270,site_5339,site_5339/S2A_MSIL2A_20210320T052651_N0500_R105_T43RFM_20230521T140114.npy,site_5339/S5P_RPRO_L2__NO2____20210320.nc,20/03/2021,33.77
2271,site_5339,site_5339/S2A_MSIL2A_20211026T052921_N0500_R105_T43RFM_20230104T033106.npy,site_5339/S5P_OFFL_L2__NO2____20211026.nc,26/10/2021,14.49
2272,site_5339,site_5339/S2A_MSIL2A_20230218T052901_N0509_R105_T43RFM_20230218T092158.npy,site_5339/S5P_OFFL_L2__NO2____20230218.nc,18/02/2023,35.04322917
2273,site_5339,site_5339/S2A_MSIL2A_20210529T052651_N0500_R105_T43RFM_20230208T101411.npy,site_5339/S5P_RPRO_L2__NO2____20210529.nc,29/05/2021,33.64
2274,site_5339,site_5339/S2A_MSIL2A_20220424T052651_N0400_R105_T43RFM_20220424T100603.npy,site_5339/S5P_RPRO_L2__NO2____20220424.nc,24/04/2022,38.01
2275,site_5339,site_5339/S2B_MSIL2A_20220409T052639_N0400_R105_T43RFM_20220409T080914.npy,site_5339/S5P_OFFL_L2__NO2____20220409.nc,9/04/2022,17.24
2276,site_5339,site_5339/S2A_MSIL2A_20220325T052651_N0400_R105_T43RFM_20220325T081540.npy,site_5339/S5P_OFFL_L2__NO2____20220325.nc,25/03/2022,10.87
2277,site_5339,site_5339/S2B_MSIL2A_20201006T052709_N0500_R105_T43RFM_20230413T084735.npy,site_5339/S5P_RPRO_L2__NO2____20201006.nc,6/10/2020,10.61
2278,site_5339,site_5339/S2A_MSIL2A_20231115T053101_N0509_R105_T43RFM_20231115T083657.npy,site_5339/S5P_OFFL_L2__NO2____20231115.nc,15/11/2023,9.691041667
2279,site_5339,site_5339/S2A_MSIL2A_20230509T052641_N0509_R105_T43RFM_20230509T092709.npy,site_5339/S5P_OFFL_L2__NO2____20230509.nc,9/05/2023,14.75706522
2280,site_5339,site_5339/S2B_MSIL2A_20220320T052649_N0400_R105_T43RFM_20220320T081158.npy,site_5339/S5P_RPRO_L2__NO2____20220320.nc,20/03/2022,19.01
2281,site_5339,site_5339/S2B_MSIL2A_20230223T052829_N0509_R105_T43RFM_20230223T091406.npy,site_5339/S5P_OFFL_L2__NO2____20230223.nc,23/02/2023,28.95208333
2282,site_5339,site_5339/S2B_MSIL2A_20211021T052849_N0500_R105_T43RFM_20230108T061345.npy,site_5339/S5P_RPRO_L2__NO2____20211021.nc,21/10/2021,15.14
2283,site_5339,site_5339/S2A_MSIL2A_20221130T053201_N0400_R105_T43RFM_20221130T084354.npy,site_5339/S5P_OFFL_L2__NO2____20221130.nc,30/11/2022,32.42
2284,site_5339,site_5339/S2B_MSIL2A_20210623T052649_N0500_R105_T43RFM_20230318T004405.npy,site_5339/S5P_RPRO_L2__NO2____20210623.nc,23/06/2021,22.58
2285,site_5339,site_5339/S2B_MSIL2A_20221205T053209_N0400_R105_T43RFM_20221205T065506.npy,site_5339/S5P_OFFL_L2__NO2____20221205.nc,5/12/2022,34.8
2286,site_5339,site_5339/S2A_MSIL2A_20230519T052651_N0509_R105_T43RFM_20230519T092659.npy,site_5339/S5P_OFFL_L2__NO2____20230519.nc,19/05/2023,16.14003472
2287,site_5339,site_5339/S2B_MSIL2A_20210414T052639_N0500_R105_T43RFM_20230618T021140.npy,site_5339/S5P_RPRO_L2__NO2____20210414.nc,14/04/2021,33.48
2288,site_5339,site_5339/S2B_MSIL2A_20221105T053009_N0400_R105_T43RFM_20221105T085717.npy,site_5339/S5P_OFFL_L2__NO2____20221105.nc,5/11/2022,14.16
2289,site_5339,site_5339/S2B_MSIL2A_20230603T052649_N0509_R105_T43RFM_20230603T081014.npy,site_5339/S5P_OFFL_L2__NO2____20230603.nc,3/06/2023,18.62017361
2290,site_5339,site_5339/S2A_MSIL2A_20231205T053211_N0509_R105_T43RFM_20231205T084151.npy,site_5339/S5P_OFFL_L2__NO2____20231205.nc,5/12/2023,9.470520833
2291,site_5339,site_5339/S2B_MSIL2A_20200429T052639_N0500_R105_T43RFM_20230407T130358.npy,site_5339/S5P_RPRO_L2__NO2____20200429.nc,29/04/2020,0.82
2292,site_5339,site_5339/S2B_MSIL2A_20221215T053229_N0509_R105_T43RFM_20221215T081623.npy,site_5339/S5P_OFFL_L2__NO2____20221215.nc,15/12/2022,22.64
2293,site_5339,site_5339/S2A_MSIL2A_20201021T052851_N0500_R105_T43RFM_20230311T172549.npy,site_5339/S5P_OFFL_L2__NO2____20201021.nc,21/10/2020,27.66
2294,site_5339,site_5339/S2B_MSIL2A_20211031T052949_N0500_R105_T43RFM_20230116T010011.npy,site_5339/S5P_RPRO_L2__NO2____20211031.nc,31/10/2021,29.52
2295,site_5339,site_5339/S2A_MSIL2A_20210608T052651_N0500_R105_T43RFM_20230130T124738.npy,site_5339/S5P_OFFL_L2__NO2____20210608.nc,8/06/2021,33.82
2296,site_5339,site_5339/S2A_MSIL2A_20200424T052651_N0500_R105_T43RFM_20230407T191120.npy,site_5339/S5P_RPRO_L2__NO2____20200424.nc,24/04/2020,2.2
2297,site_5339,site_5339/S2A_MSIL2A_20221031T052951_N0400_R105_T43RFM_20221031T092457.npy,site_5339/S5P_OFFL_L2__NO2____20221031.nc,31/10/2022,15.89
2298,site_5339,site_5339/S2A_MSIL2A_20201031T052951_N0500_R105_T43RFM_20230416T101842.npy,site_5339/S5P_OFFL_L2__NO2____20201031.nc,31/10/2020,17.94
2299,site_5339,site_5339/S2B_MSIL2A_20201105T053019_N0500_R105_T43RFM_20230303T061054.npy,site_5339/S5P_RPRO_L2__NO2____20201105.nc,5/11/2020,32.84
2300,site_147,site_147/S2A_MSIL2A_20210509T052651_N0500_R105_T43RFM_20230207T202412.npy,site_147/S5P_RPRO_L2__NO2____20210509.nc,9/05/2021,54.43
2301,site_147,site_147/S2A_MSIL2A_20190629T052651_N0500_R105_T43RFM_20230712T065733.npy,site_147/S5P_OFFL_L2__NO2____20190629.nc,29/06/2019,22.5
2302,site_147,site_147/S2B_MSIL2A_20201115T053109_N0500_R105_T43RFM_20230306T062811.npy,site_147/S5P_RPRO_L2__NO2____20201115.nc,15/11/2020,49.75
2303,site_147,site_147/S2A_MSIL2A_20200214T052921_N0500_R105_T43RFM_20230502T020823.npy,site_147/S5P_OFFL_L2__NO2____20200214.nc,14/02/2020,9.05
2304,site_147,site_147/S2A_MSIL2A_20230310T052641_N0509_R105_T43RFM_20230310T093103.npy,site_147/S5P_OFFL_L2__NO2____20230310.nc,10/03/2023,28.58340278
2305,site_147,site_147/S2A_MSIL2A_20180505T052651_N0500_R105_T43RFM_20230906T160830.npy,site_147/S5P_RPRO_L2__NO2____20180505.nc,5/05/2018,14.77
2306,site_147,site_147/S2A_MSIL2A_20211026T052921_N0500_R105_T43RFM_20230104T033106.npy,site_147/S5P_OFFL_L2__NO2____20211026.nc,26/10/2021,82.22
2307,site_147,site_147/S2A_MSIL2A_20230218T052901_N0509_R105_T43RFM_20230218T092158.npy,site_147/S5P_OFFL_L2__NO2____20230218.nc,18/02/2023,28.72732639
2308,site_147,site_147/S2B_MSIL2A_20221026T052909_N0400_R105_T43RFM_20221026T081023.npy,site_147/S5P_OFFL_L2__NO2____20221026.nc,26/10/2022,40.23
2309,site_147,site_147/S2A_MSIL2A_20210529T052651_N0500_R105_T43RFM_20230208T101411.npy,site_147/S5P_RPRO_L2__NO2____20210529.nc,29/05/2021,44.44
2310,site_147,site_147/S2A_MSIL2A_20220424T052651_N0400_R105_T43RFM_20220424T100603.npy,site_147/S5P_RPRO_L2__NO2____20220424.nc,24/04/2022,40.16
2311,site_147,site_147/S2B_MSIL2A_20220409T052639_N0400_R105_T43RFM_20220409T080914.npy,site_147/S5P_OFFL_L2__NO2____20220409.nc,9/04/2022,60.19
2312,site_147,site_147/S2A_MSIL2A_20220325T052651_N0400_R105_T43RFM_20220325T081540.npy,site_147/S5P_OFFL_L2__NO2____20220325.nc,25/03/2022,43
2313,site_147,site_147/S2A_MSIL2A_20191017T052821_N0500_R105_T43RFM_20230614T181835.npy,site_147/S5P_OFFL_L2__NO2____20191017.nc,17/10/2019,30.42
2314,site_147,site_147/S2B_MSIL2A_20220429T052639_N0400_R105_T43RFM_20220429T130031.npy,site_147/S5P_OFFL_L2__NO2____20220429.nc,29/04/2022,59.14
2315,site_147,site_147/S2B_MSIL2A_20180609T052649_N0500_R105_T43RFM_20230824T011703.npy,site_147/S5P_RPRO_L2__NO2____20180609.nc,9/06/2018,8.64
2316,site_147,site_147/S2B_MSIL2A_20211110T053039_N0500_R105_T43RFM_20230104T060153.npy,site_147/S5P_OFFL_L2__NO2____20211110.nc,10/11/2021,19.72
2317,site_147,site_147/S2A_MSIL2A_20230509T052641_N0509_R105_T43RFM_20230509T092709.npy,site_147/S5P_OFFL_L2__NO2____20230509.nc,9/05/2023,28.90465278
2318,site_147,site_147/S2B_MSIL2A_20220320T052649_N0400_R105_T43RFM_20220320T081158.npy,site_147/S5P_RPRO_L2__NO2____20220320.nc,20/03/2022,50.87
2319,site_147,site_147/S2B_MSIL2A_20230223T052829_N0509_R105_T43RFM_20230223T091406.npy,site_147/S5P_OFFL_L2__NO2____20230223.nc,23/02/2023,26.10149306
2320,site_147,site_147/S2B_MSIL2A_20201016T052819_N0500_R105_T43RFM_20230413T162324.npy,site_147/S5P_OFFL_L2__NO2____20201016.nc,16/10/2020,70.09
2321,site_147,site_147/S2B_MSIL2A_20181116T053059_N0500_R105_T43RFM_20230727T133701.npy,site_147/S5P_RPRO_L2__NO2____20181116.nc,16/11/2018,18.44
2322,site_147,site_147/S2A_MSIL2A_20201120T053131_N0500_R105_T43RFM_20230404T230034.npy,site_147/S5P_OFFL_L2__NO2____20201120.nc,20/11/2020,46.28
2323,site_147,site_147/S2A_MSIL2A_20221130T053201_N0400_R105_T43RFM_20221130T084354.npy,site_147/S5P_OFFL_L2__NO2____20221130.nc,30/11/2022,53.31
2324,site_147,site_147/S2B_MSIL2A_20221205T053209_N0400_R105_T43RFM_20221205T065506.npy,site_147/S5P_OFFL_L2__NO2____20221205.nc,5/12/2022,47.69
2325,site_147,site_147/S2A_MSIL2A_20230519T052651_N0509_R105_T43RFM_20230519T092659.npy,site_147/S5P_OFFL_L2__NO2____20230519.nc,19/05/2023,28.29559028
2326,site_147,site_147/S2B_MSIL2A_20220419T052639_N0400_R105_T43RFM_20220419T082211.npy,site_147/S5P_RPRO_L2__NO2____20220419.nc,19/04/2022,54.52
2327,site_147,site_147/S2A_MSIL2A_20211115T053101_N0500_R105_T43RFM_20221230T163334.npy,site_147/S5P_RPRO_L2__NO2____20211115.nc,15/11/2021,92.07
2328,site_147,site_147/S2B_MSIL2A_20221016T052809_N0400_R105_T43RFM_20221016T081012.npy,site_147/S5P_OFFL_L2__NO2____20221016.nc,16/10/2022,25.6
2329,site_147,site_147/S2A_MSIL2A_20231205T053211_N0509_R105_T43RFM_20231205T084151.npy,site_147/S5P_OFFL_L2__NO2____20231205.nc,5/12/2023,28.33462963
2330,site_147,site_147/S2B_MSIL2A_20190823T052649_N0500_R105_T43RFM_20230723T070800.npy,site_147/S5P_OFFL_L2__NO2____20190823.nc,23/08/2019,4.66
2331,site_147,site_147/S2A_MSIL2A_20191027T052921_N0500_R105_T43RFM_20230622T135751.npy,site_147/S5P_RPRO_L2__NO2____20191027.nc,27/10/2019,30.96
2332,site_147,site_147/S2A_MSIL2A_20220414T052651_N0400_R105_T43RFM_20220414T081245.npy,site_147/S5P_RPRO_L2__NO2____20220414.nc,14/04/2022,40.41
2333,site_147,site_147/S2A_MSIL2A_20210608T052651_N0500_R105_T43RFM_20230130T124738.npy,site_147/S5P_RPRO_L2__NO2____20210608.nc,8/06/2021,58.25
2334,site_147,site_147/S2B_MSIL2A_20180430T052649_N0500_R105_T43RFM_20230910T051159.npy,site_147/S5P_RPRO_L2__NO2____20180430.nc,30/04/2018,14.86
2335,site_147,site_147/S2A_MSIL2A_20190530T052651_N0500_R105_T43RFM_20221220T060554.npy,site_147/S5P_OFFL_L2__NO2____20190530.nc,30/05/2019,40.35
2336,site_147,site_147/S2B_MSIL2A_20230414T052649_N0509_R105_T43RFM_20230414T081014.npy,site_147/S5P_OFFL_L2__NO2____20230414.nc,14/04/2023,28.85413194
2337,site_147,site_147/S2B_MSIL2A_20230514T052649_N0509_R105_T43RFM_20230514T081203.npy,site_147/S5P_OFFL_L2__NO2____20230514.nc,14/05/2023,28.46507246
2338,site_147,site_147/S2B_MSIL2A_20210524T052649_N0500_R105_T43RFM_20230225T211122.npy,site_147/S5P_RPRO_L2__NO2____20210524.nc,24/05/2021,60.7
2339,site_5047,site_5047/S2A_MSIL2A_20210509T052651_N0500_R105_T43RFM_20230207T202412.npy,site_5047/S5P_RPRO_L2__NO2____20210509.nc,9/05/2021,45.56
2340,site_5047,site_5047/S2B_MSIL2A_20201115T053109_N0500_R105_T43RFM_20230306T062811.npy,site_5047/S5P_RPRO_L2__NO2____20201115.nc,15/11/2020,99.23
2341,site_5047,site_5047/S2B_MSIL2A_20210603T052649_N0500_R105_T43RFM_20230320T155445.npy,site_5047/S5P_RPRO_L2__NO2____20210603.nc,3/06/2021,15.32
2342,site_5047,site_5047/S2A_MSIL2A_20210419T052641_N0500_R105_T43RFM_20230524T203354.npy,site_5047/S5P_OFFL_L2__NO2____20210419.nc,19/04/2021,3.91
2343,site_5047,site_5047/S2B_MSIL2A_20210812T052649_N0500_R105_T43RFM_20230212T102919.npy,site_5047/S5P_RPRO_L2__NO2____20210812.nc,12/08/2021,8.33
2344,site_5047,site_5047/S2A_MSIL2A_20230310T052641_N0509_R105_T43RFM_20230310T093103.npy,site_5047/S5P_OFFL_L2__NO2____20230310.nc,10/03/2023,21.54166667
2345,site_5047,site_5047/S2A_MSIL2A_20190301T052741_N0500_R105_T43RFM_20221113T010005.npy,site_5047/S5P_RPRO_L2__NO2____20190301.nc,1/03/2019,39.23
2346,site_5047,site_5047/S2A_MSIL2A_20211026T052921_N0500_R105_T43RFM_20230104T033106.npy,site_5047/S5P_OFFL_L2__NO2____20211026.nc,26/10/2021,54.94
2347,site_5047,site_5047/S2A_MSIL2A_20230218T052901_N0509_R105_T43RFM_20230218T092158.npy,site_5047/S5P_OFFL_L2__NO2____20230218.nc,18/02/2023,27.03954861
2348,site_5047,site_5047/S2A_MSIL2A_20201001T052651_N0500_R105_T43RFM_20230308T051815.npy,site_5047/S5P_OFFL_L2__NO2____20201001.nc,1/10/2020,11.85
2349,site_5047,site_5047/S2A_MSIL2A_20190510T052651_N0500_R105_T43RFM_20221217T022131.npy,site_5047/S5P_OFFL_L2__NO2____20190510.nc,10/05/2019,21.73
2350,site_5047,site_5047/S2A_MSIL2A_20220424T052651_N0400_R105_T43RFM_20220424T100603.npy,site_5047/S5P_RPRO_L2__NO2____20220424.nc,24/04/2022,14.64
2351,site_5047,site_5047/S2B_MSIL2A_20220409T052639_N0400_R105_T43RFM_20220409T080914.npy,site_5047/S5P_RPRO_L2__NO2____20220409.nc,9/04/2022,15.63
2352,site_5047,site_5047/S2A_MSIL2A_20201130T053201_N0500_R105_T43RFM_20230410T145949.npy,site_5047/S5P_OFFL_L2__NO2____20201130.nc,30/11/2020,33.55
2353,site_5047,site_5047/S2A_MSIL2A_20191017T052821_N0500_R105_T43RFM_20230614T181835.npy,site_5047/S5P_RPRO_L2__NO2____20191017.nc,17/10/2019,22.04
2354,site_5047,site_5047/S2B_MSIL2A_20201006T052709_N0500_R105_T43RFM_20230413T084735.npy,site_5047/S5P_RPRO_L2__NO2____20201006.nc,6/10/2020,19.06
2355,site_5047,site_5047/S2B_MSIL2A_20201225T053229_N0500_R105_T43RFM_20230328T115134.npy,site_5047/S5P_OFFL_L2__NO2____20201225.nc,25/12/2020,30.34
2356,site_5047,site_5047/S2B_MSIL2A_20211110T053039_N0500_R105_T43RFM_20230104T060153.npy,site_5047/S5P_OFFL_L2__NO2____20211110.nc,10/11/2021,28.18
2357,site_5047,site_5047/S2A_MSIL2A_20230509T052641_N0509_R105_T43RFM_20230509T092709.npy,site_5047/S5P_OFFL_L2__NO2____20230509.nc,9/05/2023,93.79729167
2358,site_5047,site_5047/S2A_MSIL2A_20200514T052651_N0500_R105_T43RFM_20230420T211732.npy,site_5047/S5P_OFFL_L2__NO2____20200514.nc,14/05/2020,12.85
2359,site_5047,site_5047/S2B_MSIL2A_20201016T052819_N0500_R105_T43RFM_20230413T162324.npy,site_5047/S5P_RPRO_L2__NO2____20201016.nc,16/10/2020,21.57
2360,site_5047,site_5047/S2A_MSIL2A_20201120T053131_N0500_R105_T43RFM_20230404T230034.npy,site_5047/S5P_RPRO_L2__NO2____20201120.nc,20/11/2020,31.06
2361,site_5047,site_5047/S2B_MSIL2A_20211021T052849_N0500_R105_T43RFM_20230108T061345.npy,site_5047/S5P_OFFL_L2__NO2____20211021.nc,21/10/2021,37.65
2362,site_5047,site_5047/S2A_MSIL2A_20200115T053151_N0500_R105_T43RFM_20230429T053516.npy,site_5047/S5P_RPRO_L2__NO2____20200115.nc,15/01/2020,24.85
2363,site_5047,site_5047/S2A_MSIL2A_20221001T052651_N0400_R105_T43RFM_20221001T130959.npy,site_5047/S5P_OFFL_L2__NO2____20221001.nc,1/10/2022,18.55
2364,site_5047,site_5047/S2A_MSIL2A_20200404T052641_N0500_R105_T43RFM_20230530T193940.npy,site_5047/S5P_OFFL_L2__NO2____20200404.nc,4/04/2020,16.25
2365,site_5047,site_5047/S2B_MSIL2A_20220419T052639_N0400_R105_T43RFM_20220419T082211.npy,site_5047/S5P_OFFL_L2__NO2____20220419.nc,19/04/2022,17.45
2366,site_5047,site_5047/S2A_MSIL2A_20201210T053221_N0500_R105_T43RFM_20230401T064048.npy,site_5047/S5P_RPRO_L2__NO2____20201210.nc,10/12/2020,7.47
2367,site_5047,site_5047/S2B_MSIL2A_20210223T052819_N0500_R105_T43RFM_20230525T105235.npy,site_5047/S5P_OFFL_L2__NO2____20210223.nc,23/02/2021,0.52
2368,site_5047,site_5047/S2B_MSIL2A_20200130T053049_N0500_R105_T43RFM_20230426T123620.npy,site_5047/S5P_RPRO_L2__NO2____20200130.nc,30/01/2020,28.06
2369,site_5047,site_5047/S2A_MSIL2A_20211115T053101_N0500_R105_T43RFM_20221230T163334.npy,site_5047/S5P_RPRO_L2__NO2____20211115.nc,15/11/2021,30.66
2370,site_5047,site_5047/S2B_MSIL2A_20230603T052649_N0509_R105_T43RFM_20230603T081014.npy,site_5047/S5P_OFFL_L2__NO2____20230603.nc,3/06/2023,29.92090278
2371,site_5047,site_5047/S2B_MSIL2A_20230203T053029_N0509_R105_T43RFM_20230203T081251.npy,site_5047/S5P_OFFL_L2__NO2____20230203.nc,3/02/2023,20.85225694
2372,site_5047,site_5047/S2A_MSIL2A_20200204T053021_N0500_R105_T43RFM_20230427T045943.npy,site_5047/S5P_OFFL_L2__NO2____20200204.nc,4/02/2020,21.09
2373,site_5047,site_5047/S2B_MSIL2A_20230404T052649_N0509_R105_T43RFM_20230404T082300.npy,site_5047/S5P_OFFL_L2__NO2____20230404.nc,4/04/2023,11.9110119
2374,site_5047,site_5047/S2A_MSIL2A_20210129T053101_N0500_R105_T43RFM_20230604T073056.npy,site_5047/S5P_OFFL_L2__NO2____20210129.nc,29/01/2021,21.67
2375,site_5047,site_5047/S2B_MSIL2A_20190306T052709_N0500_R105_T43RFM_20221118T012800.npy,site_5047/S5P_RPRO_L2__NO2____20190306.nc,6/03/2019,39.27
2376,site_5047,site_5047/S2A_MSIL2A_20191027T052921_N0500_R105_T43RFM_20230622T135751.npy,site_5047/S5P_RPRO_L2__NO2____20191027.nc,27/10/2019,29.11
2377,site_5047,site_5047/S2B_MSIL2A_20200429T052639_N0500_R105_T43RFM_20230407T130358.npy,site_5047/S5P_RPRO_L2__NO2____20200429.nc,29/04/2020,16.87
2378,site_5047,site_5047/S2A_MSIL2A_20220414T052651_N0400_R105_T43RFM_20220414T081245.npy,site_5047/S5P_RPRO_L2__NO2____20220414.nc,14/04/2022,13.68
2379,site_5047,site_5047/S2B_MSIL2A_20221215T053229_N0509_R105_T43RFM_20221215T081623.npy,site_5047/S5P_OFFL_L2__NO2____20221215.nc,15/12/2022,21.61
2380,site_5047,site_5047/S2B_MSIL2A_20211031T052949_N0500_R105_T43RFM_20230116T010011.npy,site_5047/S5P_OFFL_L2__NO2____20211031.nc,31/10/2021,56.41
2381,site_5047,site_5047/S2A_MSIL2A_20230608T052651_N0509_R105_T43RFM_20230608T092459.npy,site_5047/S5P_OFFL_L2__NO2____20230608.nc,8/06/2023,40.58848485
2382,site_5047,site_5047/S2A_MSIL2A_20210608T052651_N0500_R105_T43RFM_20230130T124738.npy,site_5047/S5P_OFFL_L2__NO2____20210608.nc,8/06/2021,8.92
2383,site_5047,site_5047/S2A_MSIL2A_20230119T053141_N0509_R105_T43RFM_20230119T083658.npy,site_5047/S5P_OFFL_L2__NO2____20230119.nc,19/01/2023,24.62837121
2384,site_5047,site_5047/S2A_MSIL2A_20230228T052751_N0509_R105_T43RFM_20230228T092855.npy,site_5047/S5P_OFFL_L2__NO2____20230228.nc,28/02/2023,23.26802083
2385,site_5047,site_5047/S2B_MSIL2A_20210514T052649_N0500_R105_T43RFM_20230330T164303.npy,site_5047/S5P_OFFL_L2__NO2____20210514.nc,14/05/2021,9.12
2386,site_5047,site_5047/S2B_MSIL2A_20220330T052639_N0400_R105_T43RFM_20220330T084206.npy,site_5047/S5P_OFFL_L2__NO2____20220330.nc,30/03/2022,20.41
2387,site_5047,site_5047/S2B_MSIL2A_20230305T052719_N0509_R105_T43RFM_20230305T082058.npy,site_5047/S5P_OFFL_L2__NO2____20230305.nc,5/03/2023,18.43229167
2388,site_5047,site_5047/S2A_MSIL2A_20190530T052651_N0500_R105_T43RFM_20221220T060554.npy,site_5047/S5P_RPRO_L2__NO2____20190530.nc,30/05/2019,31.49
2389,site_5047,site_5047/S2B_MSIL2A_20201105T053019_N0500_R105_T43RFM_20230303T061054.npy,site_5047/S5P_OFFL_L2__NO2____20201105.nc,5/11/2020,11.89
2390,site_5047,site_5047/S2A_MSIL2A_20230409T052651_N0509_R105_T43RFM_20230409T101000.npy,site_5047/S5P_OFFL_L2__NO2____20230409.nc,9/04/2023,15.6071875
2391,site_5047,site_5047/S2B_MSIL2A_20230414T052649_N0509_R105_T43RFM_20230414T081014.npy,site_5047/S5P_OFFL_L2__NO2____20230414.nc,14/04/2023,22.78791667
2392,site_5047,site_5047/S2B_MSIL2A_20230514T052649_N0509_R105_T43RFM_20230514T081203.npy,site_5047/S5P_OFFL_L2__NO2____20230514.nc,14/05/2023,50.52388889
2393,site_5047,site_5047/S2B_MSIL2A_20210524T052649_N0500_R105_T43RFM_20230225T211122.npy,site_5047/S5P_OFFL_L2__NO2____20210524.nc,24/05/2021,9.39
2394,site_5053,site_5053/S2B_MSIL2A_20230504T052649_N0509_R105_T43RFM_20230504T081611.npy,site_5053/S5P_OFFL_L2__NO2____20230504.nc,4/05/2023,14.44129167
2395,site_5053,site_5053/S2A_MSIL2A_20190629T052651_N0500_R105_T43RFM_20230712T065733.npy,site_5053/S5P_OFFL_L2__NO2____20190629.nc,29/06/2019,7.07
2396,site_5053,site_5053/S2B_MSIL2A_20230213T052929_N0509_R105_T43RFM_20230213T080453.npy,site_5053/S5P_OFFL_L2__NO2____20230213.nc,13/02/2023,15.49631944
2397,site_5053,site_5053/S2A_MSIL2A_20200214T052921_N0500_R105_T43RFM_20230502T020823.npy,site_5053/S5P_OFFL_L2__NO2____20200214.nc,14/02/2020,18.06
2398,site_5053,site_5053/S2A_MSIL2A_20210320T052651_N0500_R105_T43RFM_20230521T140114.npy,site_5053/S5P_OFFL_L2__NO2____20210320.nc,20/03/2021,17.39
2399,site_5053,site_5053/S2A_MSIL2A_20210419T052641_N0500_R105_T43RFM_20230524T203354.npy,site_5053/S5P_OFFL_L2__NO2____20210419.nc,19/04/2021,16.84
2400,site_5053,site_5053/S2B_MSIL2A_20210812T052649_N0500_R105_T43RFM_20230212T102919.npy,site_5053/S5P_OFFL_L2__NO2____20210812.nc,12/08/2021,12.77
2401,site_5053,site_5053/S2A_MSIL2A_20211026T052921_N0500_R105_T43RFM_20230104T033106.npy,site_5053/S5P_OFFL_L2__NO2____20211026.nc,26/10/2021,38.13
2402,site_5053,site_5053/S2A_MSIL2A_20230218T052901_N0509_R105_T43RFM_20230218T092158.npy,site_5053/S5P_OFFL_L2__NO2____20230218.nc,18/02/2023,14.96149306
2403,site_5053,site_5053/S2A_MSIL2A_20201001T052651_N0500_R105_T43RFM_20230308T051815.npy,site_5053/S5P_OFFL_L2__NO2____20201001.nc,1/10/2020,30.74
2404,site_5053,site_5053/S2A_MSIL2A_20190510T052651_N0500_R105_T43RFM_20221217T022131.npy,site_5053/S5P_OFFL_L2__NO2____20190510.nc,10/05/2019,11.78
2405,site_5053,site_5053/S2B_MSIL2A_20200110T053209_N0500_R105_T43RFM_20230623T223547.npy,site_5053/S5P_OFFL_L2__NO2____20200110.nc,10/01/2020,7.43
2406,site_5053,site_5053/S2B_MSIL2A_20220409T052639_N0400_R105_T43RFM_20220409T080914.npy,site_5053/S5P_RPRO_L2__NO2____20220409.nc,9/04/2022,36.37
2407,site_5053,site_5053/S2B_MSIL2A_20220529T052649_N0400_R105_T43RFM_20220529T082829.npy,site_5053/S5P_OFFL_L2__NO2____20220529.nc,29/05/2022,22.63
2408,site_5053,site_5053/S2A_MSIL2A_20220325T052651_N0400_R105_T43RFM_20220325T081540.npy,site_5053/S5P_OFFL_L2__NO2____20220325.nc,25/03/2022,37.52
2409,site_5053,site_5053/S2A_MSIL2A_20201130T053201_N0500_R105_T43RFM_20230410T145949.npy,site_5053/S5P_RPRO_L2__NO2____20201130.nc,30/11/2020,18.24
2410,site_5053,site_5053/S2B_MSIL2A_20210424T052639_N0500_R105_T43RFM_20230512T135231.npy,site_5053/S5P_RPRO_L2__NO2____20210424.nc,24/04/2021,17.97
2411,site_5053,site_5053/S2B_MSIL2A_20220429T052639_N0400_R105_T43RFM_20220429T130031.npy,site_5053/S5P_OFFL_L2__NO2____20220429.nc,29/04/2022,40.79
2412,site_5053,site_5053/S2B_MSIL2A_20190614T052659_N0500_R105_T43RFM_20230606T102659.npy,site_5053/S5P_RPRO_L2__NO2____20190614.nc,14/06/2019,14.44
2413,site_5053,site_5053/S2B_MSIL2A_20211110T053039_N0500_R105_T43RFM_20230104T060153.npy,site_5053/S5P_OFFL_L2__NO2____20211110.nc,10/11/2021,35.88
2414,site_5053,site_5053/S2A_MSIL2A_20230509T052641_N0509_R105_T43RFM_20230509T092709.npy,site_5053/S5P_OFFL_L2__NO2____20230509.nc,9/05/2023,15.11680556
2415,site_5053,site_5053/S2A_MSIL2A_20201120T053131_N0500_R105_T43RFM_20230404T230034.npy,site_5053/S5P_RPRO_L2__NO2____20201120.nc,20/11/2020,19.82
2416,site_5053,site_5053/S2A_MSIL2A_20221130T053201_N0400_R105_T43RFM_20221130T084354.npy,site_5053/S5P_OFFL_L2__NO2____20221130.nc,30/11/2022,15.14
2417,site_5053,site_5053/S2A_MSIL2A_20190420T052651_N0500_R105_T43RFM_20221102T195822.npy,site_5053/S5P_RPRO_L2__NO2____20190420.nc,20/04/2019,10.92
2418,site_5053,site_5053/S2A_MSIL2A_20230519T052651_N0509_R105_T43RFM_20230519T092659.npy,site_5053/S5P_OFFL_L2__NO2____20230519.nc,19/05/2023,15.49947917
2419,site_5053,site_5053/S2A_MSIL2A_20201210T053221_N0500_R105_T43RFM_20230401T064048.npy,site_5053/S5P_OFFL_L2__NO2____20201210.nc,10/12/2020,18.35
2420,site_5053,site_5053/S2B_MSIL2A_20210404T052649_N0500_R105_T43RFM_20230512T155004.npy,site_5053/S5P_OFFL_L2__NO2____20210404.nc,4/04/2021,17.04
2421,site_5053,site_5053/S2A_MSIL2A_20200105T053221_N0500_R105_T43RFM_20230421T133140.npy,site_5053/S5P_OFFL_L2__NO2____20200105.nc,5/01/2020,5.14
2422,site_5053,site_5053/S2B_MSIL2A_20200130T053049_N0500_R105_T43RFM_20230426T123620.npy,site_5053/S5P_RPRO_L2__NO2____20200130.nc,30/01/2020,14.58
2423,site_5053,site_5053/S2A_MSIL2A_20230208T053001_N0509_R105_T43RFM_20230208T091456.npy,site_5053/S5P_OFFL_L2__NO2____20230208.nc,8/02/2023,15.08545139
2424,site_5053,site_5053/S2B_MSIL2A_20191201T053159_N0500_R105_T43RFM_20230614T071442.npy,site_5053/S5P_OFFL_L2__NO2____20191201.nc,1/12/2019,4.96
2425,site_5053,site_5053/S2B_MSIL2A_20221016T052809_N0400_R105_T43RFM_20221016T081012.npy,site_5053/S5P_OFFL_L2__NO2____20221016.nc,16/10/2022,14.77
2426,site_5053,site_5053/S2A_MSIL2A_20210129T053101_N0500_R105_T43RFM_20230604T073056.npy,site_5053/S5P_RPRO_L2__NO2____20210129.nc,29/01/2021,21.27
2427,site_5053,site_5053/S2A_MSIL2A_20210208T053001_N0500_R105_T43RFM_20230605T124733.npy,site_5053/S5P_RPRO_L2__NO2____20210208.nc,8/02/2021,19.97
2428,site_5053,site_5053/S2A_MSIL2A_20220414T052651_N0400_R105_T43RFM_20220414T081245.npy,site_5053/S5P_OFFL_L2__NO2____20220414.nc,14/04/2022,36.76
2429,site_5053,site_5053/S2B_MSIL2A_20211031T052949_N0500_R105_T43RFM_20230116T010011.npy,site_5053/S5P_RPRO_L2__NO2____20211031.nc,31/10/2021,38.18
2430,site_5053,site_5053/S2A_MSIL2A_20230608T052651_N0509_R105_T43RFM_20230608T092459.npy,site_5053/S5P_OFFL_L2__NO2____20230608.nc,8/06/2023,15.1792803
2431,site_5053,site_5053/S2A_MSIL2A_20230119T053141_N0509_R105_T43RFM_20230119T083658.npy,site_5053/S5P_OFFL_L2__NO2____20230119.nc,19/01/2023,15.01579861
2432,site_5053,site_5053/S2A_MSIL2A_20230228T052751_N0509_R105_T43RFM_20230228T092855.npy,site_5053/S5P_OFFL_L2__NO2____20230228.nc,28/02/2023,15.16461806
2433,site_5053,site_5053/S2A_MSIL2A_20210218T052851_N0500_R105_T43RFM_20230519T195908.npy,site_5053/S5P_RPRO_L2__NO2____20210218.nc,18/02/2021,19.11
2434,site_5053,site_5053/S2A_MSIL2A_20210429T052641_N0500_R105_T43RFM_20230512T201929.npy,site_5053/S5P_OFFL_L2__NO2____20210429.nc,29/04/2021,16.36
2435,site_5053,site_5053/S2B_MSIL2A_20230514T052649_N0509_R105_T43RFM_20230514T081203.npy,site_5053/S5P_OFFL_L2__NO2____20230514.nc,14/05/2023,15.81119048
2436,site_5053,site_5053/S2B_MSIL2A_20210524T052649_N0500_R105_T43RFM_20230225T211122.npy,site_5053/S5P_OFFL_L2__NO2____20210524.nc,24/05/2021,10.52
2437,site_5053,site_5053/S2B_MSIL2A_20201026T052919_N0500_R105_T43RFM_20230409T095620.npy,site_5053/S5P_OFFL_L2__NO2____20201026.nc,26/10/2020,21.05
2438,site_1450,site_1450/S2B_MSIL2A_20180430T052649_N0500_R105_T43RFQ_20230910T051159.npy,site_1450/S5P_RPRO_L2__NO2____20180430.nc,30/04/2018,23.9
2439,site_1450,site_1450/S2A_MSIL2A_20210509T052651_N0500_R105_T43RFQ_20230301T052358.npy,site_1450/S5P_OFFL_L2__NO2____20210509.nc,9/05/2021,25.66
2440,site_1450,site_1450/S2B_MSIL2A_20220810T053649_N0400_R005_T43RFQ_20220810T081907.npy,site_1450/S5P_OFFL_L2__NO2____20220810.nc,10/08/2022,20.01
2441,site_1450,site_1450/S2A_MSIL2A_20191106T053021_N0500_R105_T43RFQ_20230702T161622.npy,site_1450/S5P_OFFL_L2__NO2____20191106.nc,6/11/2019,32.43
2442,site_1450,site_1450/S2B_MSIL2A_20231123T054139_N0509_R005_T43RFQ_20231123T070647.npy,site_1450/S5P_OFFL_L2__NO2____20231123.nc,23/11/2023,24.12659722
2443,site_1450,site_1450/S2A_MSIL2A_20190619T052651_N0500_R105_T43RFQ_20230624T084204.npy,site_1450/S5P_RPRO_L2__NO2____20190619.nc,19/06/2019,24.53
2444,site_1450,site_1450/S2A_MSIL2A_20191017T052821_N0500_R105_T43RFQ_20230614T181835.npy,site_1450/S5P_RPRO_L2__NO2____20191017.nc,17/10/2019,45.46
2445,site_1450,site_1450/S2A_MSIL2A_20200616T053651_N0500_R005_T43RFQ_20230403T020819.npy,site_1450/S5P_RPRO_L2__NO2____20200616.nc,16/06/2020,14.27
2446,site_1450,site_1450/S2B_MSIL2A_20190508T053649_N0500_R005_T43RFQ_20221211T085113.npy,site_1450/S5P_OFFL_L2__NO2____20190508.nc,8/05/2019,25.88
2447,site_1450,site_1450/S2B_MSIL2A_20230507T053649_N0509_R005_T43RFQ_20230507T082039.npy,site_1450/S5P_OFFL_L2__NO2____20230507.nc,7/05/2023,31.39598485
2448,site_1450,site_1450/S2A_MSIL2A_20201001T052651_N0500_R105_T43RFQ_20230308T051815.npy,site_1450/S5P_RPRO_L2__NO2____20201001.nc,1/10/2020,14.31
2449,site_1450,site_1450/S2B_MSIL2A_20201026T052919_N0500_R105_T43RFQ_20230409T095620.npy,site_1450/S5P_RPRO_L2__NO2____20201026.nc,26/10/2020,15.07
2450,site_1450,site_1450/S2A_MSIL2A_20201223T054241_N0500_R005_T43RFQ_20230331T112101.npy,site_1450/S5P_OFFL_L2__NO2____20201223.nc,23/12/2020,34.29
2451,site_1450,site_1450/S2A_MSIL2A_20220424T052651_N0400_R105_T43RFQ_20220424T100603.npy,site_1450/S5P_OFFL_L2__NO2____20220424.nc,24/04/2022,49.8
2452,site_1450,site_1450/S2A_MSIL2A_20191027T052921_N0500_R105_T43RFQ_20230622T135751.npy,site_1450/S5P_OFFL_L2__NO2____20191027.nc,27/10/2019,37.34
2453,site_1450,site_1450/S2B_MSIL2A_20180622T053639_N0500_R005_T43RFQ_20230716T230806.npy,site_1450/S5P_RPRO_L2__NO2____20180622.nc,22/06/2018,24.66
2454,site_1450,site_1450/S2A_MSIL2A_20211108T054041_N0500_R005_T43RFQ_20221229T073920.npy,site_1450/S5P_OFFL_L2__NO2____20211108.nc,8/11/2021,71.44
2455,site_1450,site_1450/S2A_MSIL2A_20210211T053941_N0500_R005_T43RFQ_20230609T093359.npy,site_1450/S5P_OFFL_L2__NO2____20210211.nc,11/02/2021,28.94
2456,site_1450,site_1450/S2B_MSIL2A_20210924T053639_N0500_R005_T43RFQ_20230120T092047.npy,site_1450/S5P_RPRO_L2__NO2____20210924.nc,24/09/2021,8.88
2457,site_1450,site_1450/S2B_MSIL2A_20230117T054149_N0509_R005_T43RFQ_20230117T070452.npy,site_1450/S5P_OFFL_L2__NO2____20230117.nc,17/01/2023,20.24020833
2458,site_1450,site_1450/S2A_MSIL2A_20210201T054041_N0500_R005_T43RFQ_20230603T012031.npy,site_1450/S5P_OFFL_L2__NO2____20210201.nc,1/02/2021,38.49
2459,site_1450,site_1450/S2A_MSIL2A_20210419T052641_N0500_R105_T43RFQ_20230524T203354.npy,site_1450/S5P_RPRO_L2__NO2____20210419.nc,19/04/2021,15.11
2460,site_1450,site_1450/S2B_MSIL2A_20220608T052649_N0400_R105_T43RFQ_20220608T092711.npy,site_1450/S5P_OFFL_L2__NO2____20220608.nc,8/06/2022,48.6
2461,site_1450,site_1450/S2A_MSIL2A_20191010T053731_N0500_R005_T43RFQ_20230614T013025.npy,site_1450/S5P_RPRO_L2__NO2____20191010.nc,10/10/2019,41.67
2462,site_1450,site_1450/S2A_MSIL2A_20200921T052651_N0500_R105_T43RFQ_20230315T061457.npy,site_1450/S5P_OFFL_L2__NO2____20200921.nc,21/09/2020,14.46
2463,site_1450,site_1450/S2B_MSIL2A_20220320T052649_N0400_R105_T43RFQ_20220320T081158.npy,site_1450/S5P_RPRO_L2__NO2____20220320.nc,20/03/2022,24.77
2464,site_1450,site_1450/S2B_MSIL2A_20180920T053639_N0500_R005_T43RFQ_20230821T090843.npy,site_1450/S5P_RPRO_L2__NO2____20180920.nc,20/09/2018,5.18
2465,site_1450,site_1450/S2A_MSIL2A_20201120T053131_N0500_R105_T43RFQ_20230404T230034.npy,site_1450/S5P_RPRO_L2__NO2____20201120.nc,20/11/2020,10.51
2466,site_1450,site_1450/S2B_MSIL2A_20200621T053649_N0500_R005_T43RFQ_20230429T123136.npy,site_1450/S5P_RPRO_L2__NO2____20200621.nc,21/06/2020,12.24
2467,site_1450,site_1450/S2A_MSIL2A_20211026T052921_N0500_R105_T43RFQ_20230104T033106.npy,site_1450/S5P_OFFL_L2__NO2____20211026.nc,26/10/2021,39.83
2468,site_1450,site_1450/S2A_MSIL2A_20231208T054221_N0509_R005_T43RFQ_20231208T084406.npy,site_1450/S5P_OFFL_L2__NO2____20231208.nc,8/12/2023,28.8009375
2469,site_1450,site_1450/S2B_MSIL2A_20221125T053139_N0400_R105_T43RFQ_20221125T070525.npy,site_1450/S5P_OFFL_L2__NO2____20221125.nc,25/11/2022,19.92
2470,site_1450,site_1450/S2B_MSIL2A_20220422T053639_N0400_R005_T43RFQ_20220422T085617.npy,site_1450/S5P_OFFL_L2__NO2____20220422.nc,22/04/2022,41.21
2471,site_1450,site_1450/S2A_MSIL2A_20180515T052651_N0500_R105_T43RFQ_20230830T220531.npy,site_1450/S5P_RPRO_L2__NO2____20180515.nc,15/05/2018,3.62
2472,site_1450,site_1450/S2B_MSIL2A_20181109T054039_N0500_R005_T43RFQ_20230730T010917.npy,site_1450/S5P_OFFL_L2__NO2____20181109.nc,9/11/2018,67.94
2473,site_1450,site_1450/S2B_MSIL2A_20220512T053639_N0400_R005_T43RFQ_20220512T084410.npy,site_1450/S5P_RPRO_L2__NO2____20220512.nc,12/05/2022,33.95
2474,site_1450,site_1450/S2A_MSIL2A_20220414T052651_N0400_R105_T43RFQ_20220414T081245.npy,site_1450/S5P_RPRO_L2__NO2____20220414.nc,14/04/2022,24.83
2475,site_1450,site_1450/S2B_MSIL2A_20221205T053209_N0400_R105_T43RFQ_20221205T065506.npy,site_1450/S5P_OFFL_L2__NO2____20221205.nc,5/12/2022,25.03
2476,site_1450,site_1450/S2B_MSIL2A_20230527T053649_N0509_R005_T43RFQ_20230527T095250.npy,site_1450/S5P_OFFL_L2__NO2____20230527.nc,27/05/2023,24.3734375
2477,site_1450,site_1450/S2A_MSIL2A_20230509T052641_N0509_R105_T43RFQ_20230509T092709.npy,site_1450/S5P_OFFL_L2__NO2____20230509.nc,9/05/2023,31.31986111
2478,site_1450,site_1450/S2A_MSIL2A_20211105T053021_N0500_R105_T43RFQ_20230101T122349.npy,site_1450/S5P_OFFL_L2__NO2____20211105.nc,5/11/2021,45.85
2479,site_1450,site_1450/S2B_MSIL2A_20211031T052949_N0500_R105_T43RFQ_20230116T010011.npy,site_1450/S5P_RPRO_L2__NO2____20211031.nc,31/10/2021,89.12
2480,site_1450,site_1450/S2B_MSIL2A_20220529T052649_N0400_R105_T43RFQ_20220529T082829.npy,site_1450/S5P_RPRO_L2__NO2____20220529.nc,29/05/2022,36.7
2481,site_1450,site_1450/S2A_MSIL2A_20210218T052851_N0500_R105_T43RFQ_20230519T195908.npy,site_1450/S5P_RPRO_L2__NO2____20210218.nc,18/02/2021,32.05
2482,site_1450,site_1450/S2A_MSIL2A_20221001T052651_N0400_R105_T43RFQ_20221001T130959.npy,site_1450/S5P_OFFL_L2__NO2____20221001.nc,1/10/2022,19.3
2483,site_1450,site_1450/S2B_MSIL2A_20210127T054109_N0500_R005_T43RFQ_20230527T205712.npy,site_1450/S5P_RPRO_L2__NO2____20210127.nc,27/01/2021,39.58
2484,site_1450,site_1450/S2B_MSIL2A_20231213T054229_N0509_R005_T43RFQ_20231213T070452.npy,site_1450/S5P_OFFL_L2__NO2____20231213.nc,13/12/2023,27.95777778
2485,site_1450,site_1450/S2A_MSIL2A_20211115T053101_N0500_R105_T43RFQ_20221230T163334.npy,site_1450/S5P_OFFL_L2__NO2____20211115.nc,15/11/2021,64.34
2486,site_1450,site_1450/S2B_MSIL2A_20210424T052639_N0500_R105_T43RFQ_20230512T135231.npy,site_1450/S5P_OFFL_L2__NO2____20210424.nc,24/04/2021,36.41
2487,site_1450,site_1450/S2B_MSIL2A_20200611T053649_N0500_R005_T43RFQ_20230327T211751.npy,site_1450/S5P_OFFL_L2__NO2____20200611.nc,11/06/2020,16.92
2488,site_1450,site_1450/S2B_MSIL2A_20200212T053939_N0500_R005_T43RFQ_20230701T140515.npy,site_1450/S5P_OFFL_L2__NO2____20200212.nc,12/02/2020,16.56
2489,site_1450,site_1450/S2B_MSIL2A_20190528T053649_N0500_R005_T43RFQ_20221218T200350.npy,site_1450/S5P_OFFL_L2__NO2____20190528.nc,28/05/2019,26.32
2490,site_1450,site_1450/S2B_MSIL2A_20210524T052649_N0500_R105_T43RFQ_20230225T211122.npy,site_1450/S5P_OFFL_L2__NO2____20210524.nc,24/05/2021,23.44
2491,site_1450,site_1450/S2B_MSIL2A_20230223T052829_N0509_R105_T43RFQ_20230223T091406.npy,site_1450/S5P_OFFL_L2__NO2____20230223.nc,23/02/2023,23.71059028
2492,site_1450,site_1450/S2A_MSIL2A_20211009T053731_N0500_R005_T43RFQ_20230127T111553.npy,site_1450/S5P_OFFL_L2__NO2____20211009.nc,9/10/2021,26.92
2493,site_1450,site_1450/S2B_MSIL2A_20210226T053759_N0500_R005_T43RFQ_20230603T175222.npy,site_1450/S5P_OFFL_L2__NO2____20210226.nc,26/02/2021,28.62
2494,site_1450,site_1450/S2A_MSIL2A_20191109T054041_N0500_R005_T43RFQ_20230611T031623.npy,site_1450/S5P_RPRO_L2__NO2____20191109.nc,9/11/2019,31.46
2495,site_1450,site_1450/S2A_MSIL2A_20201011T052751_N0500_R105_T43RFQ_20230413T074245.npy,site_1450/S5P_OFFL_L2__NO2____20201011.nc,11/10/2020,13.42
2496,site_1450,site_1450/S2B_MSIL2A_20221029T053939_N0400_R005_T43RFQ_20221029T081148.npy,site_1450/S5P_OFFL_L2__NO2____20221029.nc,29/10/2022,24.24
2497,site_1450,site_1450/S2B_MSIL2A_20220429T052639_N0400_R105_T43RFQ_20220429T130031.npy,site_1450/S5P_OFFL_L2__NO2____20220429.nc,29/04/2022,56.52
2498,site_1450,site_1450/S2A_MSIL2A_20231205T053211_N0509_R105_T43RFQ_20231205T084151.npy,site_1450/S5P_OFFL_L2__NO2____20231205.nc,5/12/2023,28.22840278
2499,site_1450,site_1450/S2B_MSIL2A_20201006T052709_N0500_R105_T43RFQ_20230413T084735.npy,site_1450/S5P_RPRO_L2__NO2____20201006.nc,6/10/2020,14.87
2500,site_1450,site_1450/S2A_MSIL2A_20210320T052651_N0500_R105_T43RFQ_20230521T140114.npy,site_1450/S5P_RPRO_L2__NO2____20210320.nc,20/03/2021,19.84
2501,site_1450,site_1450/S2B_MSIL2A_20221128T054159_N0400_R005_T43RFQ_20221128T070137.npy,site_1450/S5P_OFFL_L2__NO2____20221128.nc,28/11/2022,23.01
2502,site_1450,site_1450/S2A_MSIL2A_20201220T053231_N0500_R105_T43RFQ_20230329T014521.npy,site_1450/S5P_OFFL_L2__NO2____20201220.nc,20/12/2020,27.99
2503,site_1450,site_1450/S2A_MSIL2A_20230310T052641_N0509_R105_T43RFQ_20230310T093103.npy,site_1450/S5P_OFFL_L2__NO2____20230310.nc,10/03/2023,17.66166667
2504,site_1450,site_1450/S2B_MSIL2A_20201105T053019_N0500_R105_T43RFQ_20230303T061054.npy,site_1450/S5P_OFFL_L2__NO2____20201105.nc,5/11/2020,17.25
2505,site_1450,site_1450/S2A_MSIL2A_20210608T052651_N0500_R105_T43RFQ_20230314T111804.npy,site_1450/S5P_OFFL_L2__NO2____20210608.nc,8/06/2021,22.71
2506,site_1450,site_1450/S2A_MSIL2A_20190530T052651_N0500_R105_T43RFQ_20221220T060554.npy,site_1450/S5P_RPRO_L2__NO2____20190530.nc,30/05/2019,28.5
2507,site_1450,site_1450/S2B_MSIL2A_20201029T053939_N0500_R005_T43RFQ_20230315T075056.npy,site_1450/S5P_OFFL_L2__NO2____20201029.nc,29/10/2020,20.82
2508,site_1450,site_1450/S2A_MSIL2A_20180525T052651_N0500_R105_T43RFQ_20230829T233103.npy,site_1450/S5P_RPRO_L2__NO2____20180525.nc,25/05/2018,58.81
2509,site_1450,site_1450/S2A_MSIL2A_20180707T053641_N0500_R005_T43RFQ_20230817T170423.npy,site_1450/S5P_OFFL_L2__NO2____20180707.nc,7/07/2018,14.2
2510,site_1450,site_1450/S2A_MSIL2A_20190331T052651_N0500_R105_T43RFQ_20221122T152412.npy,site_1450/S5P_OFFL_L2__NO2____20190331.nc,31/03/2019,31.06
2511,site_1450,site_1450/S2A_MSIL2A_20211208T054221_N0500_R005_T43RFQ_20221228T191135.npy,site_1450/S5P_OFFL_L2__NO2____20211208.nc,8/12/2021,45.53
2512,site_1450,site_1450/S2B_MSIL2A_20180602T053639_N0500_R005_T43RFQ_20230827T203559.npy,site_1450/S5P_RPRO_L2__NO2____20180602.nc,2/06/2018,24.68
2513,site_1450,site_1450/S2B_MSIL2A_20210407T053639_N0500_R005_T43RFQ_20230517T023113.npy,site_1450/S5P_OFFL_L2__NO2____20210407.nc,7/04/2021,9.15
2514,site_1450,site_1450/S2A_MSIL2A_20230412T053641_N0509_R005_T43RFQ_20230412T094355.npy,site_1450/S5P_OFFL_L2__NO2____20230412.nc,12/04/2023,28.97229167
2515,site_1450,site_1450/S2B_MSIL2A_20191022T052849_N0500_R105_T43RFQ_20230623T031523.npy,site_1450/S5P_RPRO_L2__NO2____20191022.nc,22/10/2019,36.59
2516,site_1450,site_1450/S2A_MSIL2A_20221031T052951_N0400_R105_T43RFQ_20221031T092457.npy,site_1450/S5P_OFFL_L2__NO2____20221031.nc,31/10/2022,23.27
2517,site_1450,site_1450/S2A_MSIL2A_20190503T053651_N0500_R005_T43RFQ_20221221T101009.npy,site_1450/S5P_RPRO_L2__NO2____20190503.nc,3/05/2019,7.15
2518,site_1450,site_1450/S2B_MSIL2A_20220323T053639_N0400_R005_T43RFQ_20220323T081309.npy,site_1450/S5P_RPRO_L2__NO2____20220323.nc,23/03/2022,22.91
2519,site_1450,site_1450/S2B_MSIL2A_20220611T053649_N0400_R005_T43RFQ_20220611T083632.npy,site_1450/S5P_OFFL_L2__NO2____20220611.nc,11/06/2022,35.54
2520,site_1450,site_1450/S2A_MSIL2A_20190423T053651_N0500_R005_T43RFQ_20221030T125353.npy,site_1450/S5P_RPRO_L2__NO2____20190423.nc,23/04/2019,7.83
2521,site_1450,site_1450/S2A_MSIL2A_20201210T053221_N0500_R105_T43RFQ_20230401T064048.npy,site_1450/S5P_RPRO_L2__NO2____20201210.nc,10/12/2020,19.95
2522,site_1450,site_1450/S2B_MSIL2A_20221215T053229_N0509_R105_T43RFQ_20221215T081623.npy,site_1450/S5P_OFFL_L2__NO2____20221215.nc,15/12/2022,30.26
2523,site_1450,site_1450/S2A_MSIL2A_20200404T052641_N0500_R105_T43RFQ_20230530T193940.npy,site_1450/S5P_RPRO_L2__NO2____20200404.nc,4/04/2020,7.06
2524,site_1450,site_1450/S2A_MSIL2A_20221213T054231_N0509_R005_T43RFQ_20221213T104856.npy,site_1450/S5P_OFFL_L2__NO2____20221213.nc,13/12/2022,17.8
2525,site_1450,site_1450/S2B_MSIL2A_20230504T052649_N0509_R105_T43RFQ_20230504T081611.npy,site_1450/S5P_OFFL_L2__NO2____20230504.nc,4/05/2023,31.52979167
2526,site_1450,site_1450/S2B_MSIL2A_20191012T052739_N0500_R105_T43RFQ_20230712T122504.npy,site_1450/S5P_RPRO_L2__NO2____20191012.nc,12/10/2019,48.61
2527,site_1450,site_1450/S2B_MSIL2A_20230127T054109_N0509_R005_T43RFQ_20230127T075929.npy,site_1450/S5P_OFFL_L2__NO2____20230127.nc,27/01/2023,18.63538194
2528,site_1450,site_1450/S2A_MSIL2A_20200318T053641_N0500_R005_T43RFQ_20230408T203916.npy,site_1450/S5P_OFFL_L2__NO2____20200318.nc,18/03/2020,12.1
2529,site_1450,site_1450/S2B_MSIL2A_20181209T054219_N0500_R005_T43RFQ_20230623T184918.npy,site_1450/S5P_OFFL_L2__NO2____20181209.nc,9/12/2018,32.48
2530,site_1450,site_1450/S2B_MSIL2A_20221016T052809_N0400_R105_T43RFQ_20221016T081012.npy,site_1450/S5P_OFFL_L2__NO2____20221016.nc,16/10/2022,18.95
2531,site_5127,site_5127/S2A_MSIL2A_20191106T053021_N0500_R105_T43RFQ_20230702T161622.npy,site_5127/S5P_OFFL_L2__NO2____20191106.nc,6/11/2019,7.74
2532,site_5127,site_5127/S2B_MSIL2A_20200429T052639_N0500_R105_T43RFQ_20230407T130358.npy,site_5127/S5P_RPRO_L2__NO2____20200429.nc,29/04/2020,12.64
2533,site_5127,site_5127/S2B_MSIL2A_20211110T053039_N0500_R105_T43RFQ_20230104T060153.npy,site_5127/S5P_OFFL_L2__NO2____20211110.nc,10/11/2021,30.55
2534,site_5127,site_5127/S2A_MSIL2A_20191017T052821_N0500_R105_T43RFQ_20230614T181835.npy,site_5127/S5P_OFFL_L2__NO2____20191017.nc,17/10/2019,7.7
2535,site_5127,site_5127/S2B_MSIL2A_20191211T053219_N0500_R105_T43RFQ_20230619T033204.npy,site_5127/S5P_OFFL_L2__NO2____20191211.nc,11/12/2019,22.29
2536,site_5127,site_5127/S2A_MSIL2A_20201001T052651_N0500_R105_T43RFQ_20230308T051815.npy,site_5127/S5P_OFFL_L2__NO2____20201001.nc,1/10/2020,18.89
2537,site_5127,site_5127/S2A_MSIL2A_20231225T053231_N0510_R105_T43RFQ_20231225T083954.npy,site_5127/S5P_OFFL_L2__NO2____20231225.nc,25/12/2023,23.11982639
2538,site_5127,site_5127/S2B_MSIL2A_20220320T052649_N0400_R105_T43RFQ_20220320T081158.npy,site_5127/S5P_RPRO_L2__NO2____20220320.nc,20/03/2022,28.81
2539,site_5127,site_5127/S2A_MSIL2A_20210119T053141_N0500_R105_T43RFQ_20230527T172345.npy,site_5127/S5P_RPRO_L2__NO2____20210119.nc,19/01/2021,19.59
2540,site_5127,site_5127/S2B_MSIL2A_20220330T052639_N0400_R105_T43RFQ_20220330T084206.npy,site_5127/S5P_OFFL_L2__NO2____20220330.nc,30/03/2022,31.89
2541,site_5127,site_5127/S2B_MSIL2A_20221205T053209_N0400_R105_T43RFQ_20221205T065506.npy,site_5127/S5P_OFFL_L2__NO2____20221205.nc,5/12/2022,24.43
2542,site_5127,site_5127/S2A_MSIL2A_20230509T052641_N0509_R105_T43RFQ_20230509T092709.npy,site_5127/S5P_OFFL_L2__NO2____20230509.nc,9/05/2023,13.39302083
2543,site_5127,site_5127/S2B_MSIL2A_20211031T052949_N0500_R105_T43RFQ_20230116T010011.npy,site_5127/S5P_OFFL_L2__NO2____20211031.nc,31/10/2021,27.37
2544,site_5127,site_5127/S2B_MSIL2A_20220529T052649_N0400_R105_T43RFQ_20220529T082829.npy,site_5127/S5P_OFFL_L2__NO2____20220529.nc,29/05/2022,37.17
2545,site_5127,site_5127/S2A_MSIL2A_20210218T052851_N0500_R105_T43RFQ_20230519T195908.npy,site_5127/S5P_OFFL_L2__NO2____20210218.nc,18/02/2021,33.36
2546,site_5127,site_5127/S2A_MSIL2A_20200214T052921_N0500_R105_T43RFQ_20230502T020823.npy,site_5127/S5P_RPRO_L2__NO2____20200214.nc,14/02/2020,13.65
2547,site_5127,site_5127/S2A_MSIL2A_20221001T052651_N0400_R105_T43RFQ_20221001T130959.npy,site_5127/S5P_OFFL_L2__NO2____20221001.nc,1/10/2022,10.92
2548,site_5127,site_5127/S2B_MSIL2A_20191201T053159_N0500_R105_T43RFQ_20230614T071442.npy,site_5127/S5P_OFFL_L2__NO2____20191201.nc,1/12/2019,12.21
2549,site_5127,site_5127/S2B_MSIL2A_20210315T052649_N0500_R105_T43RFQ_20230528T193246.npy,site_5127/S5P_RPRO_L2__NO2____20210315.nc,15/03/2021,13.14
2550,site_5127,site_5127/S2B_MSIL2A_20210514T052649_N0500_R105_T43RFQ_20230330T164303.npy,site_5127/S5P_RPRO_L2__NO2____20210514.nc,14/05/2021,22.11
2551,site_5127,site_5127/S2A_MSIL2A_20211115T053101_N0500_R105_T43RFQ_20221230T163334.npy,site_5127/S5P_RPRO_L2__NO2____20211115.nc,15/11/2021,33.55
2552,site_5127,site_5127/S2A_MSIL2A_20201130T053201_N0500_R105_T43RFQ_20230410T145949.npy,site_5127/S5P_OFFL_L2__NO2____20201130.nc,30/11/2020,30.98
2553,site_5127,site_5127/S2B_MSIL2A_20210424T052639_N0500_R105_T43RFQ_20230512T135231.npy,site_5127/S5P_OFFL_L2__NO2____20210424.nc,24/04/2021,19.45
2554,site_5127,site_5127/S2A_MSIL2A_20221120T053121_N0400_R105_T43RFQ_20221120T090201.npy,site_5127/S5P_OFFL_L2__NO2____20221120.nc,20/11/2022,33.26
2555,site_5127,site_5127/S2B_MSIL2A_20230223T052829_N0509_R105_T43RFQ_20230223T091406.npy,site_5127/S5P_OFFL_L2__NO2____20230223.nc,23/02/2023,15.00024306
2556,site_5127,site_5127/S2A_MSIL2A_20201011T052751_N0500_R105_T43RFQ_20230413T074245.npy,site_5127/S5P_OFFL_L2__NO2____20201011.nc,11/10/2020,27.7
2557,site_5127,site_5127/S2B_MSIL2A_20200310T052649_N0500_R105_T43RFQ_20230620T170530.npy,site_5127/S5P_RPRO_L2__NO2____20200310.nc,10/03/2020,18.33
2558,site_5127,site_5127/S2A_MSIL2A_20200424T052651_N0500_R105_T43RFQ_20230407T191120.npy,site_5127/S5P_OFFL_L2__NO2____20200424.nc,24/04/2020,12.8
2559,site_5127,site_5127/S2B_MSIL2A_20201006T052709_N0500_R105_T43RFQ_20230413T084735.npy,site_5127/S5P_OFFL_L2__NO2____20201006.nc,6/10/2020,18.6
2560,site_5127,site_5127/S2A_MSIL2A_20201220T053231_N0500_R105_T43RFQ_20230329T014521.npy,site_5127/S5P_OFFL_L2__NO2____20201220.nc,20/12/2020,35.74
2561,site_5127,site_5127/S2A_MSIL2A_20230310T052641_N0509_R105_T43RFQ_20230310T093103.npy,site_5127/S5P_OFFL_L2__NO2____20230310.nc,10/03/2023,22.79420139
2562,site_5127,site_5127/S2A_MSIL2A_20210608T052651_N0500_R105_T43RFQ_20230314T111804.npy,site_5127/S5P_RPRO_L2__NO2____20210608.nc,8/06/2021,25.18
2563,site_5127,site_5127/S2B_MSIL2A_20230603T052649_N0509_R105_T43RFQ_20230603T081014.npy,site_5127/S5P_OFFL_L2__NO2____20230603.nc,3/06/2023,17.05805556
2564,site_5127,site_5127/S2A_MSIL2A_20230519T052651_N0509_R105_T43RFQ_20230519T092659.npy,site_5127/S5P_OFFL_L2__NO2____20230519.nc,19/05/2023,14.51416667
2565,site_5127,site_5127/S2A_MSIL2A_20221031T052951_N0400_R105_T43RFQ_20221031T092457.npy,site_5127/S5P_OFFL_L2__NO2____20221031.nc,31/10/2022,40.64
2566,site_5127,site_5127/S2B_MSIL2A_20211210T053219_N0500_R105_T43RFQ_20221224T005215.npy,site_5127/S5P_OFFL_L2__NO2____20211210.nc,10/12/2021,26.16
2567,site_5127,site_5127/S2B_MSIL2A_20221215T053229_N0509_R105_T43RFQ_20221215T081623.npy,site_5127/S5P_OFFL_L2__NO2____20221215.nc,15/12/2022,35.07
2568,site_5127,site_5127/S2A_MSIL2A_20220812T052701_N0400_R105_T43RFQ_20220812T093503.npy,site_5127/S5P_OFFL_L2__NO2____20220812.nc,12/08/2022,11.14
2569,site_5127,site_5127/S2B_MSIL2A_20230504T052649_N0509_R105_T43RFQ_20230504T081611.npy,site_5127/S5P_OFFL_L2__NO2____20230504.nc,4/05/2023,20.74607639
2570,site_5127,site_5127/S2B_MSIL2A_20230305T052719_N0509_R105_T43RFQ_20230305T082058.npy,site_5127/S5P_OFFL_L2__NO2____20230305.nc,5/03/2023,14.54548611
2571,site_5127,site_5127/S2A_MSIL2A_20200911T052651_N0500_R105_T43RFQ_20230310T125323.npy,site_5127/S5P_OFFL_L2__NO2____20200911.nc,11/09/2020,8.79
2572,site_5582,site_5582/S2A_MSIL2A_20221130T053201_N0400_R105_T43RFQ_20221130T084354.npy,site_5582/S5P_OFFL_L2__NO2____20221130.nc,30/11/2022,69.99
2573,site_5582,site_5582/S2B_MSIL2A_20221026T052909_N0400_R105_T43RFQ_20221026T081023.npy,site_5582/S5P_OFFL_L2__NO2____20221026.nc,26/10/2022,18
2574,site_5582,site_5582/S2B_MSIL2A_20220608T052649_N0400_R105_T43RFQ_20220608T092711.npy,site_5582/S5P_OFFL_L2__NO2____20220608.nc,8/06/2022,54.63
2575,site_5582,site_5582/S2B_MSIL2A_20221125T053139_N0400_R105_T43RFQ_20221125T070525.npy,site_5582/S5P_OFFL_L2__NO2____20221125.nc,25/11/2022,68.26
2576,site_5582,site_5582/S2B_MSIL2A_20221105T053009_N0400_R105_T43RFQ_20221105T085717.npy,site_5582/S5P_OFFL_L2__NO2____20221105.nc,5/11/2022,9.8
2577,site_5582,site_5582/S2A_MSIL2A_20220414T052651_N0400_R105_T43RFQ_20220414T081245.npy,site_5582/S5P_RPRO_L2__NO2____20220414.nc,14/04/2022,39.23
2578,site_5582,site_5582/S2B_MSIL2A_20220330T052639_N0400_R105_T43RFQ_20220330T084206.npy,site_5582/S5P_OFFL_L2__NO2____20220330.nc,30/03/2022,65.02
2579,site_5582,site_5582/S2A_MSIL2A_20230509T052641_N0509_R105_T43RFQ_20230509T092709.npy,site_5582/S5P_OFFL_L2__NO2____20230509.nc,9/05/2023,33.65694444
2580,site_5582,site_5582/S2A_MSIL2A_20221120T053121_N0400_R105_T43RFQ_20221120T090201.npy,site_5582/S5P_OFFL_L2__NO2____20221120.nc,20/11/2022,69.68
2581,site_5582,site_5582/S2B_MSIL2A_20220429T052639_N0400_R105_T43RFQ_20220429T130031.npy,site_5582/S5P_RPRO_L2__NO2____20220429.nc,29/04/2022,61.5
2582,site_5582,site_5582/S2A_MSIL2A_20230519T052651_N0509_R105_T43RFQ_20230519T092659.npy,site_5582/S5P_OFFL_L2__NO2____20230519.nc,19/05/2023,26.92355072
2583,site_5582,site_5582/S2A_MSIL2A_20220812T052701_N0400_R105_T43RFQ_20220812T093503.npy,site_5582/S5P_OFFL_L2__NO2____20220812.nc,12/08/2022,21.16
2584,site_5582,site_5582/S2B_MSIL2A_20230504T052649_N0509_R105_T43RFQ_20230504T081611.npy,site_5582/S5P_OFFL_L2__NO2____20230504.nc,4/05/2023,49.95972222
2585,site_161,site_161/S2A_MSIL2A_20221130T053201_N0400_R105_T43RFQ_20221130T084354.npy,site_161/S5P_OFFL_L2__NO2____20221130.nc,30/11/2022,23.31
2586,site_161,site_161/S2A_MSIL2A_20191106T053021_N0500_R105_T43RFQ_20230702T161622.npy,site_161/S5P_RPRO_L2__NO2____20191106.nc,6/11/2019,20.35
2587,site_161,site_161/S2B_MSIL2A_20200429T052639_N0500_R105_T43RFQ_20230407T130358.npy,site_161/S5P_RPRO_L2__NO2____20200429.nc,29/04/2020,29.28
2588,site_161,site_161/S2B_MSIL2A_20181027T052919_N0500_R105_T43RFQ_20230708T004857.npy,site_161/S5P_RPRO_L2__NO2____20181027.nc,27/10/2018,10.69
2589,site_161,site_161/S2B_MSIL2A_20231210T053219_N0509_R105_T43RFQ_20231210T080301.npy,site_161/S5P_OFFL_L2__NO2____20231210.nc,10/12/2023,23.46354167
2590,site_161,site_161/S2A_MSIL2A_20210208T053001_N0500_R105_T43RFQ_20230605T124733.npy,site_161/S5P_OFFL_L2__NO2____20210208.nc,8/02/2021,25.04
2591,site_161,site_161/S2B_MSIL2A_20191211T053219_N0500_R105_T43RFQ_20230619T033204.npy,site_161/S5P_OFFL_L2__NO2____20191211.nc,11/12/2019,22.59
2592,site_161,site_161/S2A_MSIL2A_20201001T052651_N0500_R105_T43RFQ_20230308T051815.npy,site_161/S5P_OFFL_L2__NO2____20201001.nc,1/10/2020,21.48
2593,site_161,site_161/S2A_MSIL2A_20220424T052651_N0400_R105_T43RFQ_20220424T100603.npy,site_161/S5P_OFFL_L2__NO2____20220424.nc,24/04/2022,27.77
2594,site_161,site_161/S2A_MSIL2A_20191027T052921_N0500_R105_T43RFQ_20230622T135751.npy,site_161/S5P_RPRO_L2__NO2____20191027.nc,27/10/2019,20
2595,site_161,site_161/S2A_MSIL2A_20220613T052701_N0400_R105_T43RFQ_20220613T100616.npy,site_161/S5P_RPRO_L2__NO2____20220613.nc,13/06/2022,24.85
2596,site_161,site_161/S2B_MSIL2A_20181206T053209_N0500_R105_T43RFQ_20230701T014321.npy,site_161/S5P_RPRO_L2__NO2____20181206.nc,6/12/2018,20.44
2597,site_161,site_161/S2A_MSIL2A_20210419T052641_N0500_R105_T43RFQ_20230524T203354.npy,site_161/S5P_OFFL_L2__NO2____20210419.nc,19/04/2021,30.35
2598,site_161,site_161/S2A_MSIL2A_20200921T052651_N0500_R105_T43RFQ_20230315T061457.npy,site_161/S5P_OFFL_L2__NO2____20200921.nc,21/09/2020,25.35
2599,site_161,site_161/S2A_MSIL2A_20190609T052651_N0500_R105_T43RFQ_20230724T074619.npy,site_161/S5P_OFFL_L2__NO2____20190609.nc,9/06/2019,15.18
2600,site_161,site_161/S2B_MSIL2A_20180619T052649_N0500_R105_T43RFQ_20230813T113101.npy,site_161/S5P_RPRO_L2__NO2____20180619.nc,19/06/2018,23.98
2601,site_161,site_161/S2A_MSIL2A_20201120T053131_N0500_R105_T43RFQ_20230404T230034.npy,site_161/S5P_RPRO_L2__NO2____20201120.nc,20/11/2020,22.51
2602,site_161,site_161/S2A_MSIL2A_20211026T052921_N0500_R105_T43RFQ_20230104T033106.npy,site_161/S5P_RPRO_L2__NO2____20211026.nc,26/10/2021,16.31
2603,site_161,site_161/S2A_MSIL2A_20230608T052651_N0509_R105_T43RFQ_20230608T092459.npy,site_161/S5P_OFFL_L2__NO2____20230608.nc,8/06/2023,19.61722222
2604,site_161,site_161/S2B_MSIL2A_20201016T052819_N0500_R105_T43RFQ_20230413T162324.npy,site_161/S5P_RPRO_L2__NO2____20201016.nc,16/10/2020,18.32
2605,site_161,site_161/S2B_MSIL2A_20221125T053139_N0400_R105_T43RFQ_20221125T070525.npy,site_161/S5P_OFFL_L2__NO2____20221125.nc,25/11/2022,22.47
2606,site_161,site_161/S2B_MSIL2A_20221105T053009_N0400_R105_T43RFQ_20221105T085717.npy,site_161/S5P_OFFL_L2__NO2____20221105.nc,5/11/2022,21.29
2607,site_161,site_161/S2B_MSIL2A_20221205T053209_N0400_R105_T43RFQ_20221205T065506.npy,site_161/S5P_OFFL_L2__NO2____20221205.nc,5/12/2022,23.29
2608,site_161,site_161/S2A_MSIL2A_20230509T052641_N0509_R105_T43RFQ_20230509T092709.npy,site_161/S5P_OFFL_L2__NO2____20230509.nc,9/05/2023,19.630625
2609,site_161,site_161/S2A_MSIL2A_20211105T053021_N0500_R105_T43RFQ_20230101T122349.npy,site_161/S5P_OFFL_L2__NO2____20211105.nc,5/11/2021,27.98
2610,site_161,site_161/S2B_MSIL2A_20211031T052949_N0500_R105_T43RFQ_20230116T010011.npy,site_161/S5P_OFFL_L2__NO2____20211031.nc,31/10/2021,18.49
2611,site_161,site_161/S2A_MSIL2A_20221001T052651_N0400_R105_T43RFQ_20221001T130959.npy,site_161/S5P_OFFL_L2__NO2____20221001.nc,1/10/2022,23.41
2612,site_161,site_161/S2B_MSIL2A_20210315T052649_N0500_R105_T43RFQ_20230528T193246.npy,site_161/S5P_RPRO_L2__NO2____20210315.nc,15/03/2021,29.54
2613,site_161,site_161/S2A_MSIL2A_20221120T053121_N0400_R105_T43RFQ_20221120T090201.npy,site_161/S5P_OFFL_L2__NO2____20221120.nc,20/11/2022,21.31
2614,site_161,site_161/S2B_MSIL2A_20210524T052649_N0500_R105_T43RFQ_20230225T211122.npy,site_161/S5P_OFFL_L2__NO2____20210524.nc,24/05/2021,28.6
2615,site_161,site_161/S2A_MSIL2A_20210129T053101_N0500_R105_T43RFQ_20230604T073056.npy,site_161/S5P_RPRO_L2__NO2____20210129.nc,29/01/2021,24.75
2616,site_161,site_161/S2A_MSIL2A_20201011T052751_N0500_R105_T43RFQ_20230413T074245.npy,site_161/S5P_RPRO_L2__NO2____20201011.nc,11/10/2020,23.05
2617,site_161,site_161/S2A_MSIL2A_20181012T052741_N0500_R105_T43RFQ_20230709T053423.npy,site_161/S5P_RPRO_L2__NO2____20181012.nc,12/10/2018,31.42
2618,site_161,site_161/S2B_MSIL2A_20200130T053049_N0500_R105_T43RFQ_20230426T123620.npy,site_161/S5P_RPRO_L2__NO2____20200130.nc,30/01/2020,22.24
2619,site_161,site_161/S2A_MSIL2A_20210320T052651_N0500_R105_T43RFQ_20230521T140114.npy,site_161/S5P_RPRO_L2__NO2____20210320.nc,20/03/2021,29.64
2620,site_161,site_161/S2B_MSIL2A_20181007T052709_N0500_R105_T43RFQ_20230728T211142.npy,site_161/S5P_OFFL_L2__NO2____20181007.nc,7/10/2018,25.64
2621,site_161,site_161/S2A_MSIL2A_20201220T053231_N0500_R105_T43RFQ_20230329T014521.npy,site_161/S5P_OFFL_L2__NO2____20201220.nc,20/12/2020,24.55
2622,site_161,site_161/S2A_MSIL2A_20230310T052641_N0509_R105_T43RFQ_20230310T093103.npy,site_161/S5P_OFFL_L2__NO2____20230310.nc,10/03/2023,21.58194444
2623,site_161,site_161/S2B_MSIL2A_20201105T053019_N0500_R105_T43RFQ_20230303T061054.npy,site_161/S5P_RPRO_L2__NO2____20201105.nc,5/11/2020,17.86
2624,site_161,site_161/S2A_MSIL2A_20210608T052651_N0500_R105_T43RFQ_20230314T111804.npy,site_161/S5P_RPRO_L2__NO2____20210608.nc,8/06/2021,27.96
2625,site_161,site_161/S2A_MSIL2A_20230409T052651_N0509_R105_T43RFQ_20230409T101000.npy,site_161/S5P_OFFL_L2__NO2____20230409.nc,9/04/2023,19.68322917
2626,site_161,site_161/S2A_MSIL2A_20190530T052651_N0500_R105_T43RFQ_20221220T060554.npy,site_161/S5P_RPRO_L2__NO2____20190530.nc,30/05/2019,21.53
2627,site_161,site_161/S2A_MSIL2A_20180525T052651_N0500_R105_T43RFQ_20230829T233103.npy,site_161/S5P_RPRO_L2__NO2____20180525.nc,25/05/2018,22.42
2628,site_161,site_161/S2B_MSIL2A_20211021T052849_N0500_R105_T43RFQ_20230108T061345.npy,site_161/S5P_OFFL_L2__NO2____20211021.nc,21/10/2021,16.26
2629,site_161,site_161/S2A_MSIL2A_20220812T052701_N0400_R105_T43RFQ_20220812T093503.npy,site_161/S5P_OFFL_L2__NO2____20220812.nc,12/08/2022,23.34
2630,site_161,site_161/S2B_MSIL2A_20230305T052719_N0509_R105_T43RFQ_20230305T082058.npy,site_161/S5P_OFFL_L2__NO2____20230305.nc,5/03/2023,21.52836806
2631,site_161,site_161/S2A_MSIL2A_20200911T052651_N0500_R105_T43RFQ_20230310T125323.npy,site_161/S5P_OFFL_L2__NO2____20200911.nc,11/09/2020,20.81
2632,site_107,site_107/S2A_MSIL2A_20181012T052741_N0500_R105_T43RGM_20230709T053423.npy,site_107/S5P_RPRO_L2__NO2____20181012.nc,12/10/2018,33.67
2633,site_107,site_107/S2B_MSIL2A_20191012T052739_N0500_R105_T43RGM_20230712T122504.npy,site_107/S5P_OFFL_L2__NO2____20191012.nc,12/10/2019,3.77
2634,site_107,site_107/S2B_MSIL2A_20200130T053049_N0500_R105_T43RGM_20230426T123620.npy,site_107/S5P_OFFL_L2__NO2____20200130.nc,30/01/2020,54.79
2635,site_107,site_107/S2B_MSIL2A_20181007T052709_N0500_R105_T43RGM_20230728T211142.npy,site_107/S5P_OFFL_L2__NO2____20181007.nc,7/10/2018,29.49
2636,site_107,site_107/S2A_MSIL2A_20230218T052901_N0509_R105_T43RGM_20230218T092158.npy,site_107/S5P_OFFL_L2__NO2____20230218.nc,18/02/2023,18.70510417
2637,site_107,site_107/S2A_MSIL2A_20190609T052651_N0500_R105_T43RGM_20230724T074619.npy,site_107/S5P_OFFL_L2__NO2____20190609.nc,9/06/2019,54.98
2638,site_107,site_107/S2B_MSIL2A_20181017T052809_N0500_R105_T43RGM_20230728T180244.npy,site_107/S5P_RPRO_L2__NO2____20181017.nc,17/10/2018,38.24
2639,site_107,site_107/S2A_MSIL2A_20201130T053201_N0500_R105_T43RGM_20230410T145949.npy,site_107/S5P_RPRO_L2__NO2____20201130.nc,30/11/2020,104.18
2640,site_107,site_107/S2A_MSIL2A_20211115T053101_N0500_R105_T43RGM_20221230T163334.npy,site_107/S5P_RPRO_L2__NO2____20211115.nc,15/11/2021,118.3
2641,site_107,site_107/S2B_MSIL2A_20181116T053059_N0500_R105_T43RGM_20230727T133701.npy,site_107/S5P_OFFL_L2__NO2____20181116.nc,16/11/2018,28.49
2642,site_107,site_107/S2B_MSIL2A_20181126T053139_N0500_R105_T43RGM_20230727T165951.npy,site_107/S5P_RPRO_L2__NO2____20181126.nc,26/11/2018,28.43
2643,site_107,site_107/S2A_MSIL2A_20191017T052821_N0500_R105_T43RGM_20230614T181835.npy,site_107/S5P_RPRO_L2__NO2____20191017.nc,17/10/2019,4.64
2644,site_107,site_107/S2A_MSIL2A_20180515T052651_N0500_R105_T43RGM_20230830T220531.npy,site_107/S5P_RPRO_L2__NO2____20180515.nc,15/05/2018,30
2645,site_107,site_107/S2B_MSIL2A_20210223T052819_N0500_R105_T43RGM_20230525T105235.npy,site_107/S5P_RPRO_L2__NO2____20210223.nc,23/02/2021,56.12
2646,site_107,site_107/S2A_MSIL2A_20201031T052951_N0500_R105_T43RGM_20230416T101842.npy,site_107/S5P_OFFL_L2__NO2____20201031.nc,31/10/2020,123.05
2647,site_107,site_107/S2B_MSIL2A_20201115T053109_N0500_R105_T43RGM_20230306T062811.npy,site_107/S5P_RPRO_L2__NO2____20201115.nc,15/11/2020,68.43
2648,site_107,site_107/S2B_MSIL2A_20200310T052649_N0500_R105_T43RGM_20230620T170530.npy,site_107/S5P_OFFL_L2__NO2____20200310.nc,10/03/2020,3.11
2649,site_107,site_107/S2B_MSIL2A_20230603T052649_N0509_R105_T43RGM_20230603T081014.npy,site_107/S5P_OFFL_L2__NO2____20230603.nc,3/06/2023,17.14385417
2650,site_107,site_107/S2B_MSIL2A_20190614T052659_N0500_R105_T43RGM_20230606T102659.npy,site_107/S5P_RPRO_L2__NO2____20190614.nc,14/06/2019,20.13
2651,site_107,site_107/S2A_MSIL2A_20231205T053211_N0509_R105_T43RGM_20231205T084151.npy,site_107/S5P_OFFL_L2__NO2____20231205.nc,5/12/2023,25.82541667
2652,site_107,site_107/S2A_MSIL2A_20200603T052651_N0500_R105_T43RGM_20230422T032200.npy,site_107/S5P_RPRO_L2__NO2____20200603.nc,3/06/2020,2.73
2653,site_107,site_107/S2B_MSIL2A_20190604T052659_N0500_R105_T43RGM_20230724T120843.npy,site_107/S5P_OFFL_L2__NO2____20190604.nc,4/06/2019,43.16
2654,site_107,site_107/S2A_MSIL2A_20211026T052921_N0500_R105_T43RGM_20230104T033106.npy,site_107/S5P_OFFL_L2__NO2____20211026.nc,26/10/2021,61.47
2655,site_107,site_107/S2A_MSIL2A_20200115T053151_N0500_R105_T43RGM_20230429T053516.npy,site_107/S5P_RPRO_L2__NO2____20200115.nc,15/01/2020,38.37
2656,site_107,site_107/S2B_MSIL2A_20210623T052649_N0500_R105_T43RGM_20230318T004405.npy,site_107/S5P_RPRO_L2__NO2____20210623.nc,23/06/2021,27.39
2657,site_107,site_107/S2A_MSIL2A_20230509T052641_N0509_R105_T43RGM_20230509T092709.npy,site_107/S5P_OFFL_L2__NO2____20230509.nc,9/05/2023,29.91965278
2658,site_107,site_107/S2B_MSIL2A_20200330T052649_N0500_R105_T43RGM_20230613T074720.npy,site_107/S5P_OFFL_L2__NO2____20200330.nc,30/03/2020,40.94
2659,site_107,site_107/S2A_MSIL2A_20201120T053131_N0500_R105_T43RGM_20230404T230034.npy,site_107/S5P_RPRO_L2__NO2____20201120.nc,20/11/2020,65.31
2660,site_107,site_107/S2B_MSIL2A_20230213T052929_N0509_R105_T43RGM_20230213T080453.npy,site_107/S5P_OFFL_L2__NO2____20230213.nc,13/02/2023,4.564270833
2661,site_107,site_107/S2A_MSIL2A_20190311T052641_N0500_R105_T43RGM_20221112T144625.npy,site_107/S5P_OFFL_L2__NO2____20190311.nc,11/03/2019,47.7
2662,site_107,site_107/S2B_MSIL2A_20211031T052949_N0500_R105_T43RGM_20230116T010011.npy,site_107/S5P_OFFL_L2__NO2____20211031.nc,31/10/2021,77.05
2663,site_107,site_107/S2A_MSIL2A_20200404T052641_N0500_R105_T43RGM_20230530T193940.npy,site_107/S5P_OFFL_L2__NO2____20200404.nc,4/04/2020,63.7
2664,site_107,site_107/S2B_MSIL2A_20201006T052709_N0500_R105_T43RGM_20230413T084735.npy,site_107/S5P_RPRO_L2__NO2____20201006.nc,6/10/2020,10
2665,site_107,site_107/S2A_MSIL2A_20201021T052851_N0500_R105_T43RGM_20230311T172549.npy,site_107/S5P_OFFL_L2__NO2____20201021.nc,21/10/2020,49.56
2666,site_107,site_107/S2A_MSIL2A_20230519T052651_N0509_R105_T43RGM_20230519T092659.npy,site_107/S5P_OFFL_L2__NO2____20230519.nc,19/05/2023,16.44322917
2667,site_114,site_114/S2A_MSIL2A_20201210T053221_N0500_R105_T43RGM_20230401T064048.npy,site_114/S5P_OFFL_L2__NO2____20201210.nc,10/12/2020,82.72
2668,site_114,site_114/S2B_MSIL2A_20181027T052919_N0500_R105_T43RGM_20230708T004857.npy,site_114/S5P_OFFL_L2__NO2____20181027.nc,27/10/2018,68.95
2669,site_114,site_114/S2B_MSIL2A_20220320T052649_N0400_R105_T43RGM_20220320T081158.npy,site_114/S5P_RPRO_L2__NO2____20220320.nc,20/03/2022,71.01
2670,site_114,site_114/S2B_MSIL2A_20200509T052649_N0500_R105_T43RGM_20230331T115846.npy,site_114/S5P_RPRO_L2__NO2____20200509.nc,9/05/2020,25.08
2671,site_114,site_114/S2B_MSIL2A_20230223T052829_N0509_R105_T43RGM_20230223T091406.npy,site_114/S5P_OFFL_L2__NO2____20230223.nc,23/02/2023,13.66399306
2672,site_114,site_114/S2B_MSIL2A_20221105T053009_N0400_R105_T43RGM_20221105T085717.npy,site_114/S5P_OFFL_L2__NO2____20221105.nc,5/11/2022,12.8
2673,site_114,site_114/S2A_MSIL2A_20200514T052651_N0500_R105_T43RGM_20230420T211732.npy,site_114/S5P_RPRO_L2__NO2____20200514.nc,14/05/2020,39.24
2674,site_114,site_114/S2A_MSIL2A_20230218T052901_N0509_R105_T43RGM_20230218T092158.npy,site_114/S5P_OFFL_L2__NO2____20230218.nc,18/02/2023,16.41984848
2675,site_114,site_114/S2B_MSIL2A_20201225T053229_N0500_R105_T43RGM_20230328T115134.npy,site_114/S5P_OFFL_L2__NO2____20201225.nc,25/12/2020,86.44
2676,site_114,site_114/S2B_MSIL2A_20200429T052639_N0500_R105_T43RGM_20230407T130358.npy,site_114/S5P_RPRO_L2__NO2____20200429.nc,29/04/2020,24.41
2677,site_114,site_114/S2B_MSIL2A_20211110T053039_N0500_R105_T43RGM_20230104T060153.npy,site_114/S5P_OFFL_L2__NO2____20211110.nc,10/11/2021,114.54
2678,site_114,site_114/S2B_MSIL2A_20211220T053229_N0500_R105_T43RGM_20221225T161551.npy,site_114/S5P_RPRO_L2__NO2____20211220.nc,20/12/2021,99.56
2679,site_114,site_114/S2A_MSIL2A_20201001T052651_N0500_R105_T43RGM_20230308T051815.npy,site_114/S5P_RPRO_L2__NO2____20201001.nc,1/10/2020,47.33
2680,site_114,site_114/S2A_MSIL2A_20230529T052651_N0509_R105_T43RGM_20230529T092751.npy,site_114/S5P_OFFL_L2__NO2____20230529.nc,29/05/2023,10.78184028
2681,site_114,site_114/S2B_MSIL2A_20230325T052649_N0509_R105_T43RGM_20230325T081020.npy,site_114/S5P_OFFL_L2__NO2____20230325.nc,25/03/2023,12.74895833
2682,site_114,site_114/S2A_MSIL2A_20211115T053101_N0500_R105_T43RGM_20221230T163334.npy,site_114/S5P_RPRO_L2__NO2____20211115.nc,15/11/2021,113.76
2683,site_114,site_114/S2B_MSIL2A_20221205T053209_N0400_R105_T43RGM_20221205T065506.npy,site_114/S5P_OFFL_L2__NO2____20221205.nc,5/12/2022,36.19
2684,site_114,site_114/S2A_MSIL2A_20200214T052921_N0500_R105_T43RGM_20230502T020823.npy,site_114/S5P_OFFL_L2__NO2____20200214.nc,14/02/2020,37.11
2685,site_114,site_114/S2B_MSIL2A_20220409T052639_N0400_R105_T43RGM_20220409T080914.npy,site_114/S5P_OFFL_L2__NO2____20220409.nc,9/04/2022,118.15
2686,site_114,site_114/S2B_MSIL2A_20180430T052649_N0500_R105_T43RGM_20230910T051159.npy,site_114/S5P_RPRO_L2__NO2____20180430.nc,30/04/2018,54.23
2687,site_114,site_114/S2A_MSIL2A_20220424T052651_N0400_R105_T43RGM_20220424T100603.npy,site_114/S5P_OFFL_L2__NO2____20220424.nc,24/04/2022,54.26
2688,site_114,site_114/S2A_MSIL2A_20190209T052951_N0500_R105_T43RGM_20221129T025325.npy,site_114/S5P_OFFL_L2__NO2____20190209.nc,9/02/2019,38.17
2689,site_114,site_114/S2B_MSIL2A_20230305T052719_N0509_R105_T43RGM_20230305T082058.npy,site_114/S5P_OFFL_L2__NO2____20230305.nc,5/03/2023,15.07048611
2690,site_114,site_114/S2A_MSIL2A_20210320T052651_N0500_R105_T43RGM_20230521T140114.npy,site_114/S5P_RPRO_L2__NO2____20210320.nc,20/03/2021,29.21
2691,site_114,site_114/S2B_MSIL2A_20210223T052819_N0500_R105_T43RGM_20230525T105235.npy,site_114/S5P_RPRO_L2__NO2____20210223.nc,23/02/2021,82.57
2692,site_114,site_114/S2B_MSIL2A_20211021T052849_N0500_R105_T43RGM_20230108T061345.npy,site_114/S5P_OFFL_L2__NO2____20211021.nc,21/10/2021,85.75
2693,site_114,site_114/S2A_MSIL2A_20210419T052641_N0500_R105_T43RGM_20230524T203354.npy,site_114/S5P_OFFL_L2__NO2____20210419.nc,19/04/2021,52.53
2694,site_114,site_114/S2A_MSIL2A_20210509T052651_N0500_R105_T43RGM_20230207T202412.npy,site_114/S5P_OFFL_L2__NO2____20210509.nc,9/05/2021,20.85
2695,site_114,site_114/S2B_MSIL2A_20221215T053229_N0509_R105_T43RGM_20221215T081623.npy,site_114/S5P_OFFL_L2__NO2____20221215.nc,15/12/2022,27.71
2696,site_114,site_114/S2A_MSIL2A_20180525T052651_N0500_R105_T43RGM_20230829T233103.npy,site_114/S5P_RPRO_L2__NO2____20180525.nc,25/05/2018,21.45
2697,site_114,site_114/S2B_MSIL2A_20200310T052649_N0500_R105_T43RGM_20230620T170530.npy,site_114/S5P_RPRO_L2__NO2____20200310.nc,10/03/2020,27.85
2698,site_114,site_114/S2A_MSIL2A_20190430T052651_N0500_R105_T43RGM_20221110T080856.npy,site_114/S5P_RPRO_L2__NO2____20190430.nc,30/04/2019,39.93
2699,site_114,site_114/S2B_MSIL2A_20220419T052639_N0400_R105_T43RGM_20220419T082211.npy,site_114/S5P_RPRO_L2__NO2____20220419.nc,19/04/2022,74
2700,site_114,site_114/S2B_MSIL2A_20210315T052649_N0500_R105_T43RGM_20230528T193246.npy,site_114/S5P_RPRO_L2__NO2____20210315.nc,15/03/2021,29.47
2701,site_114,site_114/S2B_MSIL2A_20190105T053219_N0500_R105_T43RGM_20221220T180751.npy,site_114/S5P_OFFL_L2__NO2____20190105.nc,5/01/2019,53.96
2702,site_114,site_114/S2B_MSIL2A_20210514T052649_N0500_R105_T43RGM_20230330T164303.npy,site_114/S5P_OFFL_L2__NO2____20210514.nc,14/05/2021,21.3
2703,site_114,site_114/S2B_MSIL2A_20210603T052649_N0500_R105_T43RGM_20230320T155445.npy,site_114/S5P_RPRO_L2__NO2____20210603.nc,3/06/2021,50.27
2704,site_114,site_114/S2B_MSIL2A_20211210T053219_N0500_R105_T43RGM_20221224T005215.npy,site_114/S5P_OFFL_L2__NO2____20211210.nc,10/12/2021,77.59
2705,site_114,site_114/S2B_MSIL2A_20191201T053159_N0500_R105_T43RGM_20230614T071442.npy,site_114/S5P_RPRO_L2__NO2____20191201.nc,1/12/2019,61.97
2706,site_114,site_114/S2B_MSIL2A_20190604T052659_N0500_R105_T43RGM_20230724T120843.npy,site_114/S5P_RPRO_L2__NO2____20190604.nc,4/06/2019,22.78
2707,site_114,site_114/S2B_MSIL2A_20180619T052649_N0500_R105_T43RGM_20230813T113101.npy,site_114/S5P_RPRO_L2__NO2____20180619.nc,19/06/2018,29.53
2708,site_114,site_114/S2A_MSIL2A_20200204T053021_N0500_R105_T43RGM_20230427T045943.npy,site_114/S5P_RPRO_L2__NO2____20200204.nc,4/02/2020,69.23
2709,site_114,site_114/S2A_MSIL2A_20191027T052921_N0500_R105_T43RGM_20230622T135751.npy,site_114/S5P_OFFL_L2__NO2____20191027.nc,27/10/2019,66.68
2710,site_114,site_114/S2A_MSIL2A_20190520T052651_N0500_R105_T43RGM_20221201T224330.npy,site_114/S5P_RPRO_L2__NO2____20190520.nc,20/05/2019,50.92
2711,site_114,site_114/S2B_MSIL2A_20200330T052649_N0500_R105_T43RGM_20230613T074720.npy,site_114/S5P_OFFL_L2__NO2____20200330.nc,30/03/2020,17.22
2712,site_114,site_114/S2B_MSIL2A_20230213T052929_N0509_R105_T43RGM_20230213T080453.npy,site_114/S5P_OFFL_L2__NO2____20230213.nc,13/02/2023,13.94026515
2713,site_114,site_114/S2A_MSIL2A_20210608T052651_N0500_R105_T43RGM_20230130T124738.npy,site_114/S5P_OFFL_L2__NO2____20210608.nc,8/06/2021,36.37
2714,site_114,site_114/S2A_MSIL2A_20190311T052641_N0500_R105_T43RGM_20221112T144625.npy,site_114/S5P_RPRO_L2__NO2____20190311.nc,11/03/2019,42.25
2715,site_114,site_114/S2B_MSIL2A_20211031T052949_N0500_R105_T43RGM_20230116T010011.npy,site_114/S5P_OFFL_L2__NO2____20211031.nc,31/10/2021,80.28
2716,site_114,site_114/S2B_MSIL2A_20231210T053219_N0509_R105_T43RGM_20231210T080301.npy,site_114/S5P_OFFL_L2__NO2____20231210.nc,10/12/2023,22.68454861
2717,site_114,site_114/S2A_MSIL2A_20200404T052641_N0500_R105_T43RGM_20230530T193940.npy,site_114/S5P_RPRO_L2__NO2____20200404.nc,4/04/2020,13.58
2718,site_114,site_114/S2B_MSIL2A_20201006T052709_N0500_R105_T43RGM_20230413T084735.npy,site_114/S5P_OFFL_L2__NO2____20201006.nc,6/10/2020,69.33
2719,site_114,site_114/S2A_MSIL2A_20230519T052651_N0509_R105_T43RGM_20230519T092659.npy,site_114/S5P_OFFL_L2__NO2____20230519.nc,19/05/2023,12.01993056
2720,site_125,site_125/S2B_MSIL2A_20181027T052919_N0500_R105_T43RGM_20230708T004857.npy,site_125/S5P_OFFL_L2__NO2____20181027.nc,27/10/2018,157.3
2721,site_125,site_125/S2A_MSIL2A_20230409T052651_N0509_R105_T43RGM_20230409T101000.npy,site_125/S5P_OFFL_L2__NO2____20230409.nc,9/04/2023,54.24375
2722,site_125,site_125/S2B_MSIL2A_20191012T052739_N0500_R105_T43RGM_20230712T122504.npy,site_125/S5P_RPRO_L2__NO2____20191012.nc,12/10/2019,50.57
2723,site_125,site_125/S2B_MSIL2A_20200130T053049_N0500_R105_T43RGM_20230426T123620.npy,site_125/S5P_OFFL_L2__NO2____20200130.nc,30/01/2020,45.18
2724,site_125,site_125/S2B_MSIL2A_20200509T052649_N0500_R105_T43RGM_20230331T115846.npy,site_125/S5P_RPRO_L2__NO2____20200509.nc,9/05/2020,25.88
2725,site_125,site_125/S2A_MSIL2A_20210330T052641_N0500_R105_T43RGM_20230528T202910.npy,site_125/S5P_OFFL_L2__NO2____20210330.nc,30/03/2021,52.48
2726,site_125,site_125/S2A_MSIL2A_20230218T052901_N0509_R105_T43RGM_20230218T092158.npy,site_125/S5P_OFFL_L2__NO2____20230218.nc,18/02/2023,36.08819444
2727,site_125,site_125/S2B_MSIL2A_20201225T053229_N0500_R105_T43RGM_20230328T115134.npy,site_125/S5P_RPRO_L2__NO2____20201225.nc,25/12/2020,77.04
2728,site_125,site_125/S2B_MSIL2A_20211110T053039_N0500_R105_T43RGM_20230104T060153.npy,site_125/S5P_OFFL_L2__NO2____20211110.nc,10/11/2021,82
2729,site_125,site_125/S2A_MSIL2A_20200424T052651_N0500_R105_T43RGM_20230407T191120.npy,site_125/S5P_RPRO_L2__NO2____20200424.nc,24/04/2020,39
2730,site_125,site_125/S2B_MSIL2A_20181017T052809_N0500_R105_T43RGM_20230728T180244.npy,site_125/S5P_OFFL_L2__NO2____20181017.nc,17/10/2018,92.1
2731,site_125,site_125/S2A_MSIL2A_20230310T052641_N0509_R105_T43RGM_20230310T093103.npy,site_125/S5P_OFFL_L2__NO2____20230310.nc,10/03/2023,54.103125
2732,site_125,site_125/S2B_MSIL2A_20230504T052649_N0509_R105_T43RGM_20230504T081611.npy,site_125/S5P_OFFL_L2__NO2____20230504.nc,4/05/2023,41.27934783
2733,site_125,site_125/S2A_MSIL2A_20230529T052651_N0509_R105_T43RGM_20230529T092751.npy,site_125/S5P_OFFL_L2__NO2____20230529.nc,29/05/2023,69.79965278
2734,site_125,site_125/S2A_MSIL2A_20220414T052651_N0400_R105_T43RGM_20220414T081245.npy,site_125/S5P_RPRO_L2__NO2____20220414.nc,14/04/2022,47.3
2735,site_125,site_125/S2A_MSIL2A_20210119T053141_N0500_R105_T43RGM_20230527T172345.npy,site_125/S5P_OFFL_L2__NO2____20210119.nc,19/01/2021,96.22
2736,site_125,site_125/S2B_MSIL2A_20230325T052649_N0509_R105_T43RGM_20230325T081020.npy,site_125/S5P_OFFL_L2__NO2____20230325.nc,25/03/2023,45.35104167
2737,site_125,site_125/S2A_MSIL2A_20211115T053101_N0500_R105_T43RGM_20221230T163334.npy,site_125/S5P_RPRO_L2__NO2____20211115.nc,15/11/2021,83.32
2738,site_125,site_125/S2B_MSIL2A_20221205T053209_N0400_R105_T43RGM_20221205T065506.npy,site_125/S5P_OFFL_L2__NO2____20221205.nc,5/12/2022,56.81
2739,site_125,site_125/S2A_MSIL2A_20220424T052651_N0400_R105_T43RGM_20220424T100603.npy,site_125/S5P_OFFL_L2__NO2____20220424.nc,24/04/2022,97.2
2740,site_125,site_125/S2B_MSIL2A_20230305T052719_N0509_R105_T43RGM_20230305T082058.npy,site_125/S5P_OFFL_L2__NO2____20230305.nc,5/03/2023,53.640625
2741,site_125,site_125/S2A_MSIL2A_20210320T052651_N0500_R105_T43RGM_20230521T140114.npy,site_125/S5P_RPRO_L2__NO2____20210320.nc,20/03/2021,61.52
2742,site_125,site_125/S2A_MSIL2A_20230608T052651_N0509_R105_T43RGM_20230608T092459.npy,site_125/S5P_OFFL_L2__NO2____20230608.nc,8/06/2023,35.29791667
2743,site_125,site_125/S2B_MSIL2A_20210223T052819_N0500_R105_T43RGM_20230525T105235.npy,site_125/S5P_OFFL_L2__NO2____20210223.nc,23/02/2021,60.07
2744,site_125,site_125/S2A_MSIL2A_20210419T052641_N0500_R105_T43RGM_20230524T203354.npy,site_125/S5P_OFFL_L2__NO2____20210419.nc,19/04/2021,62.16
2745,site_125,site_125/S2A_MSIL2A_20210509T052651_N0500_R105_T43RGM_20230207T202412.npy,site_125/S5P_OFFL_L2__NO2____20210509.nc,9/05/2021,28.79
2746,site_125,site_125/S2B_MSIL2A_20221215T053229_N0509_R105_T43RGM_20221215T081623.npy,site_125/S5P_OFFL_L2__NO2____20221215.nc,15/12/2022,127.17
2747,site_125,site_125/S2B_MSIL2A_20200310T052649_N0500_R105_T43RGM_20230620T170530.npy,site_125/S5P_RPRO_L2__NO2____20200310.nc,10/03/2020,50.61
2748,site_125,site_125/S2A_MSIL2A_20190430T052651_N0500_R105_T43RGM_20221110T080856.npy,site_125/S5P_OFFL_L2__NO2____20190430.nc,30/04/2019,90.85
2749,site_125,site_125/S2A_MSIL2A_20221110T053041_N0400_R105_T43RGM_20221110T082053.npy,site_125/S5P_OFFL_L2__NO2____20221110.nc,10/11/2022,45.26
2750,site_125,site_125/S2B_MSIL2A_20201016T052819_N0500_R105_T43RGM_20230413T162324.npy,site_125/S5P_OFFL_L2__NO2____20201016.nc,16/10/2020,91.06
2751,site_125,site_125/S2B_MSIL2A_20210524T052649_N0500_R105_T43RGM_20230225T211122.npy,site_125/S5P_OFFL_L2__NO2____20210524.nc,24/05/2021,9.44
2752,site_125,site_125/S2B_MSIL2A_20200110T053209_N0500_R105_T43RGM_20230623T223547.npy,site_125/S5P_OFFL_L2__NO2____20200110.nc,10/01/2020,51.69
2753,site_125,site_125/S2B_MSIL2A_20230603T052649_N0509_R105_T43RGM_20230603T081014.npy,site_125/S5P_OFFL_L2__NO2____20230603.nc,3/06/2023,39.51833333
2754,site_125,site_125/S2B_MSIL2A_20190105T053219_N0500_R105_T43RGM_20221220T180751.npy,site_125/S5P_RPRO_L2__NO2____20190105.nc,5/01/2019,133.15
2755,site_125,site_125/S2B_MSIL2A_20190614T052659_N0500_R105_T43RGM_20230606T102659.npy,site_125/S5P_OFFL_L2__NO2____20190614.nc,14/06/2019,30.73
2756,site_125,site_125/S2B_MSIL2A_20210514T052649_N0500_R105_T43RGM_20230330T164303.npy,site_125/S5P_RPRO_L2__NO2____20210514.nc,14/05/2021,30.78
2757,site_125,site_125/S2B_MSIL2A_20210603T052649_N0500_R105_T43RGM_20230320T155445.npy,site_125/S5P_RPRO_L2__NO2____20210603.nc,3/06/2021,13.14
2758,site_125,site_125/S2A_MSIL2A_20180505T052651_N0500_R105_T43RGM_20230906T160830.npy,site_125/S5P_RPRO_L2__NO2____20180505.nc,5/05/2018,94.19
2759,site_125,site_125/S2B_MSIL2A_20191201T053159_N0500_R105_T43RGM_20230614T071442.npy,site_125/S5P_RPRO_L2__NO2____20191201.nc,1/12/2019,46.32
2760,site_125,site_125/S2B_MSIL2A_20201215T053229_N0500_R105_T43RGM_20230327T152230.npy,site_125/S5P_RPRO_L2__NO2____20201215.nc,15/12/2020,58.24
2761,site_125,site_125/S2B_MSIL2A_20210424T052639_N0500_R105_T43RGM_20230512T135231.npy,site_125/S5P_OFFL_L2__NO2____20210424.nc,24/04/2021,37.39
2762,site_125,site_125/S2B_MSIL2A_20220330T052639_N0400_R105_T43RGM_20220330T084206.npy,site_125/S5P_OFFL_L2__NO2____20220330.nc,30/03/2022,57.81
2763,site_125,site_125/S2A_MSIL2A_20191027T052921_N0500_R105_T43RGM_20230622T135751.npy,site_125/S5P_OFFL_L2__NO2____20191027.nc,27/10/2019,48.65
2764,site_125,site_125/S2A_MSIL2A_20190520T052651_N0500_R105_T43RGM_20221201T224330.npy,site_125/S5P_RPRO_L2__NO2____20190520.nc,20/05/2019,73.33
2765,site_125,site_125/S2A_MSIL2A_20200115T053151_N0500_R105_T43RGM_20230429T053516.npy,site_125/S5P_OFFL_L2__NO2____20200115.nc,15/01/2020,48.75
2766,site_125,site_125/S2A_MSIL2A_20231115T053101_N0509_R105_T43RGM_20231115T083657.npy,site_125/S5P_OFFL_L2__NO2____20231115.nc,15/11/2023,59.6625
2767,site_125,site_125/S2A_MSIL2A_20190530T052651_N0500_R105_T43RGM_20221220T060554.npy,site_125/S5P_RPRO_L2__NO2____20190530.nc,30/05/2019,81.19
2768,site_125,site_125/S2B_MSIL2A_20221026T052909_N0400_R105_T43RGM_20221026T081023.npy,site_125/S5P_OFFL_L2__NO2____20221026.nc,26/10/2022,45.1
2769,site_125,site_125/S2A_MSIL2A_20230509T052641_N0509_R105_T43RGM_20230509T092709.npy,site_125/S5P_OFFL_L2__NO2____20230509.nc,9/05/2023,44.46166667
2770,site_125,site_125/S2B_MSIL2A_20230213T052929_N0509_R105_T43RGM_20230213T080453.npy,site_125/S5P_OFFL_L2__NO2____20230213.nc,13/02/2023,53.865625
2771,site_125,site_125/S2A_MSIL2A_20220514T052651_N0400_R105_T43RGM_20220514T100220.npy,site_125/S5P_OFFL_L2__NO2____20220514.nc,14/05/2022,44.6
2772,site_125,site_125/S2B_MSIL2A_20220529T052649_N0400_R105_T43RGM_20220529T082829.npy,site_125/S5P_RPRO_L2__NO2____20220529.nc,29/05/2022,27.86
2773,site_125,site_125/S2B_MSIL2A_20211031T052949_N0500_R105_T43RGM_20230116T010011.npy,site_125/S5P_OFFL_L2__NO2____20211031.nc,31/10/2021,61.78
2774,site_125,site_125/S2A_MSIL2A_20190301T052741_N0500_R105_T43RGM_20221113T010005.npy,site_125/S5P_OFFL_L2__NO2____20190301.nc,1/03/2019,68.94
2775,site_125,site_125/S2A_MSIL2A_20200404T052641_N0500_R105_T43RGM_20230530T193940.npy,site_125/S5P_RPRO_L2__NO2____20200404.nc,4/04/2020,32.58
2776,site_125,site_125/S2A_MSIL2A_20221130T053201_N0400_R105_T43RGM_20221130T084354.npy,site_125/S5P_OFFL_L2__NO2____20221130.nc,30/11/2022,53.42
2777,site_125,site_125/S2B_MSIL2A_20201006T052709_N0500_R105_T43RGM_20230413T084735.npy,site_125/S5P_RPRO_L2__NO2____20201006.nc,6/10/2020,68.23
2778,site_125,site_125/S2A_MSIL2A_20230208T053001_N0509_R105_T43RGM_20230208T091456.npy,site_125/S5P_OFFL_L2__NO2____20230208.nc,8/02/2023,74.89479167
2779,site_125,site_125/S2A_MSIL2A_20230519T052651_N0509_R105_T43RGM_20230519T092659.npy,site_125/S5P_OFFL_L2__NO2____20230519.nc,19/05/2023,103.1
2780,site_125,site_125/S2A_MSIL2A_20210529T052651_N0500_R105_T43RGM_20230208T101411.npy,site_125/S5P_RPRO_L2__NO2____20210529.nc,29/05/2021,6.52
2781,site_1429,site_1429/S2A_MSIL2A_20201210T053221_N0500_R105_T43RGM_20230401T064048.npy,site_1429/S5P_RPRO_L2__NO2____20201210.nc,10/12/2020,84.94
2782,site_1429,site_1429/S2A_MSIL2A_20181012T052741_N0500_R105_T43RGM_20230709T053423.npy,site_1429/S5P_OFFL_L2__NO2____20181012.nc,12/10/2018,58.09
2783,site_1429,site_1429/S2B_MSIL2A_20200509T052649_N0500_R105_T43RGM_20230331T115846.npy,site_1429/S5P_RPRO_L2__NO2____20200509.nc,9/05/2020,14.3
2784,site_1429,site_1429/S2B_MSIL2A_20230223T052829_N0509_R105_T43RGM_20230223T091406.npy,site_1429/S5P_OFFL_L2__NO2____20230223.nc,23/02/2023,48.03333333
2785,site_1429,site_1429/S2A_MSIL2A_20200514T052651_N0500_R105_T43RGM_20230420T211732.npy,site_1429/S5P_RPRO_L2__NO2____20200514.nc,14/05/2020,21.82
2786,site_1429,site_1429/S2A_MSIL2A_20200315T052641_N0500_R105_T43RGM_20230621T205110.npy,site_1429/S5P_RPRO_L2__NO2____20200315.nc,15/03/2020,49.35
2787,site_1429,site_1429/S2B_MSIL2A_20181007T052709_N0500_R105_T43RGM_20230728T211142.npy,site_1429/S5P_RPRO_L2__NO2____20181007.nc,7/10/2018,58.37
2788,site_1429,site_1429/S2B_MSIL2A_20201225T053229_N0500_R105_T43RGM_20230328T115134.npy,site_1429/S5P_OFFL_L2__NO2____20201225.nc,25/12/2020,42.18
2789,site_1429,site_1429/S2B_MSIL2A_20200429T052639_N0500_R105_T43RGM_20230407T130358.npy,site_1429/S5P_RPRO_L2__NO2____20200429.nc,29/04/2020,20.7
2790,site_1429,site_1429/S2A_MSIL2A_20231225T053231_N0510_R105_T43RGM_20231225T083954.npy,site_1429/S5P_OFFL_L2__NO2____20231225.nc,25/12/2023,87.16076389
2791,site_1429,site_1429/S2A_MSIL2A_20190609T052651_N0500_R105_T43RGM_20230724T074619.npy,site_1429/S5P_RPRO_L2__NO2____20190609.nc,9/06/2019,69.24
2792,site_1429,site_1429/S2B_MSIL2A_20211110T053039_N0500_R105_T43RGM_20230104T060153.npy,site_1429/S5P_OFFL_L2__NO2____20211110.nc,10/11/2021,106.97
2793,site_1429,site_1429/S2B_MSIL2A_20211220T053229_N0500_R105_T43RGM_20221225T161551.npy,site_1429/S5P_OFFL_L2__NO2____20211220.nc,20/12/2021,86.19
2794,site_1429,site_1429/S2A_MSIL2A_20200424T052651_N0500_R105_T43RGM_20230407T191120.npy,site_1429/S5P_OFFL_L2__NO2____20200424.nc,24/04/2020,26.67
2795,site_1429,site_1429/S2B_MSIL2A_20181017T052809_N0500_R105_T43RGM_20230728T180244.npy,site_1429/S5P_OFFL_L2__NO2____20181017.nc,17/10/2018,61.93
2796,site_1429,site_1429/S2A_MSIL2A_20201001T052651_N0500_R105_T43RGM_20230308T051815.npy,site_1429/S5P_RPRO_L2__NO2____20201001.nc,1/10/2020,63.95
2797,site_1429,site_1429/S2A_MSIL2A_20230529T052651_N0509_R105_T43RGM_20230529T092751.npy,site_1429/S5P_OFFL_L2__NO2____20230529.nc,29/05/2023,56.61770833
2798,site_1429,site_1429/S2B_MSIL2A_20221205T053209_N0400_R105_T43RGM_20221205T065506.npy,site_1429/S5P_OFFL_L2__NO2____20221205.nc,5/12/2022,80.09
2799,site_1429,site_1429/S2A_MSIL2A_20200214T052921_N0500_R105_T43RGM_20230502T020823.npy,site_1429/S5P_RPRO_L2__NO2____20200214.nc,14/02/2020,21.68
2800,site_1429,site_1429/S2B_MSIL2A_20220409T052639_N0400_R105_T43RGM_20220409T080914.npy,site_1429/S5P_OFFL_L2__NO2____20220409.nc,9/04/2022,74.52
2801,site_1429,site_1429/S2A_MSIL2A_20220424T052651_N0400_R105_T43RGM_20220424T100603.npy,site_1429/S5P_RPRO_L2__NO2____20220424.nc,24/04/2022,86.57
2802,site_1429,site_1429/S2A_MSIL2A_20220325T052651_N0400_R105_T43RGM_20220325T081540.npy,site_1429/S5P_OFFL_L2__NO2____20220325.nc,25/03/2022,71.83
2803,site_1429,site_1429/S2A_MSIL2A_20210320T052651_N0500_R105_T43RGM_20230521T140114.npy,site_1429/S5P_OFFL_L2__NO2____20210320.nc,20/03/2021,68.84
2804,site_1429,site_1429/S2B_MSIL2A_20210223T052819_N0500_R105_T43RGM_20230525T105235.npy,site_1429/S5P_RPRO_L2__NO2____20210223.nc,23/02/2021,79.37
2805,site_1429,site_1429/S2B_MSIL2A_20211021T052849_N0500_R105_T43RGM_20230108T061345.npy,site_1429/S5P_OFFL_L2__NO2____20211021.nc,21/10/2021,65.57
2806,site_1429,site_1429/S2A_MSIL2A_20180525T052651_N0500_R105_T43RGM_20230829T233103.npy,site_1429/S5P_RPRO_L2__NO2____20180525.nc,25/05/2018,62.85
2807,site_1429,site_1429/S2A_MSIL2A_20190430T052651_N0500_R105_T43RGM_20221110T080856.npy,site_1429/S5P_OFFL_L2__NO2____20190430.nc,30/04/2019,75.36
2808,site_1429,site_1429/S2A_MSIL2A_20221110T053041_N0400_R105_T43RGM_20221110T082053.npy,site_1429/S5P_OFFL_L2__NO2____20221110.nc,10/11/2022,75.27
2809,site_1429,site_1429/S2A_MSIL2A_20200105T053221_N0500_R105_T43RGM_20230421T133140.npy,site_1429/S5P_RPRO_L2__NO2____20200105.nc,5/01/2020,44.95
2810,site_1429,site_1429/S2A_MSIL2A_20211016T052821_N0500_R105_T43RGM_20230115T141858.npy,site_1429/S5P_OFFL_L2__NO2____20211016.nc,16/10/2021,110.55
2811,site_1429,site_1429/S2A_MSIL2A_20211225T053241_N0500_R105_T43RGM_20221224T231251.npy,site_1429/S5P_OFFL_L2__NO2____20211225.nc,25/12/2021,125.94
2812,site_1429,site_1429/S2B_MSIL2A_20220419T052639_N0400_R105_T43RGM_20220419T082211.npy,site_1429/S5P_RPRO_L2__NO2____20220419.nc,19/04/2022,74.13
2813,site_1429,site_1429/S2B_MSIL2A_20210404T052649_N0500_R105_T43RGM_20230512T155004.npy,site_1429/S5P_RPRO_L2__NO2____20210404.nc,4/04/2021,69.87
2814,site_1429,site_1429/S2B_MSIL2A_20210315T052649_N0500_R105_T43RGM_20230528T193246.npy,site_1429/S5P_RPRO_L2__NO2____20210315.nc,15/03/2021,67.91
2815,site_1429,site_1429/S2B_MSIL2A_20190105T053219_N0500_R105_T43RGM_20221220T180751.npy,site_1429/S5P_OFFL_L2__NO2____20190105.nc,5/01/2019,56.76
2816,site_1429,site_1429/S2B_MSIL2A_20190614T052659_N0500_R105_T43RGM_20230606T102659.npy,site_1429/S5P_RPRO_L2__NO2____20190614.nc,14/06/2019,38.82
2817,site_1429,site_1429/S2B_MSIL2A_20210514T052649_N0500_R105_T43RGM_20230330T164303.npy,site_1429/S5P_RPRO_L2__NO2____20210514.nc,14/05/2021,25.24
2818,site_1429,site_1429/S2B_MSIL2A_20210603T052649_N0500_R105_T43RGM_20230320T155445.npy,site_1429/S5P_OFFL_L2__NO2____20210603.nc,3/06/2021,58.18
2819,site_1429,site_1429/S2B_MSIL2A_20211210T053219_N0500_R105_T43RGM_20221224T005215.npy,site_1429/S5P_OFFL_L2__NO2____20211210.nc,10/12/2021,89.46
2820,site_1429,site_1429/S2A_MSIL2A_20180505T052651_N0500_R105_T43RGM_20230906T160830.npy,site_1429/S5P_RPRO_L2__NO2____20180505.nc,5/05/2018,31.99
2821,site_1429,site_1429/S2B_MSIL2A_20201215T053229_N0500_R105_T43RGM_20230327T152230.npy,site_1429/S5P_OFFL_L2__NO2____20201215.nc,15/12/2020,66.56
2822,site_1429,site_1429/S2B_MSIL2A_20210424T052639_N0500_R105_T43RGM_20230512T135231.npy,site_1429/S5P_RPRO_L2__NO2____20210424.nc,24/04/2021,27.47
2823,site_1429,site_1429/S2B_MSIL2A_20220330T052639_N0400_R105_T43RGM_20220330T084206.npy,site_1429/S5P_OFFL_L2__NO2____20220330.nc,30/03/2022,84.23
2824,site_1429,site_1429/S2A_MSIL2A_20200204T053021_N0500_R105_T43RGM_20230427T045943.npy,site_1429/S5P_OFFL_L2__NO2____20200204.nc,4/02/2020,53.95
2825,site_1429,site_1429/S2A_MSIL2A_20190530T052651_N0500_R105_T43RGM_20221220T060554.npy,site_1429/S5P_RPRO_L2__NO2____20190530.nc,30/05/2019,60.01
2826,site_1429,site_1429/S2B_MSIL2A_20200330T052649_N0500_R105_T43RGM_20230613T074720.npy,site_1429/S5P_RPRO_L2__NO2____20200330.nc,30/03/2020,11.94
2827,site_1429,site_1429/S2B_MSIL2A_20210414T052639_N0500_R105_T43RGM_20230618T021140.npy,site_1429/S5P_OFFL_L2__NO2____20210414.nc,14/04/2021,68.77
2828,site_1429,site_1429/S2B_MSIL2A_20200618T052649_N0500_R105_T43RGM_20231109T221241.npy,site_1429/S5P_OFFL_L2__NO2____20200618.nc,18/06/2020,25.55
2829,site_1429,site_1429/S2B_MSIL2A_20211031T052949_N0500_R105_T43RGM_20230116T010011.npy,site_1429/S5P_RPRO_L2__NO2____20211031.nc,31/10/2021,66.21
2830,site_1429,site_1429/S2A_MSIL2A_20190301T052741_N0500_R105_T43RGM_20221113T010005.npy,site_1429/S5P_RPRO_L2__NO2____20190301.nc,1/03/2019,59.86
2831,site_1429,site_1429/S2B_MSIL2A_20220429T052639_N0400_R105_T43RGM_20220429T130031.npy,site_1429/S5P_RPRO_L2__NO2____20220429.nc,29/04/2022,80.8
2832,site_5341,site_5341/S2A_MSIL2A_20201210T053221_N0500_R105_T43RGM_20230401T064048.npy,site_5341/S5P_RPRO_L2__NO2____20201210.nc,10/12/2020,13.01
2833,site_5341,site_5341/S2A_MSIL2A_20230409T052651_N0509_R105_T43RGM_20230409T101000.npy,site_5341/S5P_OFFL_L2__NO2____20230409.nc,9/04/2023,24.89638889
2834,site_5341,site_5341/S2A_MSIL2A_20210330T052641_N0500_R105_T43RGM_20230528T202910.npy,site_5341/S5P_RPRO_L2__NO2____20210330.nc,30/03/2021,10.03
2835,site_5341,site_5341/S2B_MSIL2A_20230223T052829_N0509_R105_T43RGM_20230223T091406.npy,site_5341/S5P_OFFL_L2__NO2____20230223.nc,23/02/2023,24.92048611
2836,site_5341,site_5341/S2B_MSIL2A_20201225T053229_N0500_R105_T43RGM_20230328T115134.npy,site_5341/S5P_OFFL_L2__NO2____20201225.nc,25/12/2020,12.99
2837,site_5341,site_5341/S2B_MSIL2A_20200429T052639_N0500_R105_T43RGM_20230407T130358.npy,site_5341/S5P_RPRO_L2__NO2____20200429.nc,29/04/2020,10.99
2838,site_5341,site_5341/S2B_MSIL2A_20211110T053039_N0500_R105_T43RGM_20230104T060153.npy,site_5341/S5P_OFFL_L2__NO2____20211110.nc,10/11/2021,36.35
2839,site_5341,site_5341/S2A_MSIL2A_20200424T052651_N0500_R105_T43RGM_20230407T191120.npy,site_5341/S5P_OFFL_L2__NO2____20200424.nc,24/04/2020,11.01
2840,site_5341,site_5341/S2A_MSIL2A_20210218T052851_N0500_R105_T43RGM_20230519T195908.npy,site_5341/S5P_RPRO_L2__NO2____20210218.nc,18/02/2021,9.98
2841,site_5341,site_5341/S2A_MSIL2A_20230310T052641_N0509_R105_T43RGM_20230310T093103.npy,site_5341/S5P_OFFL_L2__NO2____20230310.nc,10/03/2023,24.98833333
2842,site_5341,site_5341/S2A_MSIL2A_20220414T052651_N0400_R105_T43RGM_20220414T081245.npy,site_5341/S5P_RPRO_L2__NO2____20220414.nc,14/04/2022,29.97
2843,site_5341,site_5341/S2A_MSIL2A_20210429T052641_N0500_R105_T43RGM_20230512T201929.npy,site_5341/S5P_OFFL_L2__NO2____20210429.nc,29/04/2021,9.98
2844,site_5341,site_5341/S2A_MSIL2A_20211115T053101_N0500_R105_T43RGM_20221230T163334.npy,site_5341/S5P_RPRO_L2__NO2____20211115.nc,15/11/2021,30.03
2845,site_5341,site_5341/S2A_MSIL2A_20210409T052641_N0500_R105_T43RGM_20230513T033628.npy,site_5341/S5P_OFFL_L2__NO2____20210409.nc,9/04/2021,10.02
2846,site_5341,site_5341/S2A_MSIL2A_20220424T052651_N0400_R105_T43RGM_20220424T100603.npy,site_5341/S5P_OFFL_L2__NO2____20220424.nc,24/04/2022,30.04
2847,site_5341,site_5341/S2B_MSIL2A_20221016T052809_N0400_R105_T43RGM_20221016T081012.npy,site_5341/S5P_OFFL_L2__NO2____20221016.nc,16/10/2022,29.28
2848,site_5341,site_5341/S2B_MSIL2A_20230305T052719_N0509_R105_T43RGM_20230305T082058.npy,site_5341/S5P_OFFL_L2__NO2____20230305.nc,5/03/2023,25.10011111
2849,site_5341,site_5341/S2A_MSIL2A_20210320T052651_N0500_R105_T43RGM_20230521T140114.npy,site_5341/S5P_RPRO_L2__NO2____20210320.nc,20/03/2021,10.68
2850,site_5341,site_5341/S2A_MSIL2A_20230608T052651_N0509_R105_T43RGM_20230608T092459.npy,site_5341/S5P_OFFL_L2__NO2____20230608.nc,8/06/2023,32.72340278
2851,site_5341,site_5341/S2B_MSIL2A_20211021T052849_N0500_R105_T43RGM_20230108T061345.npy,site_5341/S5P_RPRO_L2__NO2____20211021.nc,21/10/2021,6
2852,site_5341,site_5341/S2B_MSIL2A_20221215T053229_N0509_R105_T43RGM_20221215T081623.npy,site_5341/S5P_OFFL_L2__NO2____20221215.nc,15/12/2022,25.07
2853,site_5341,site_5341/S2A_MSIL2A_20201031T052951_N0500_R105_T43RGM_20230416T101842.npy,site_5341/S5P_OFFL_L2__NO2____20201031.nc,31/10/2020,7.65
2854,site_5341,site_5341/S2B_MSIL2A_20230203T053029_N0509_R105_T43RGM_20230203T081251.npy,site_5341/S5P_OFFL_L2__NO2____20230203.nc,3/02/2023,25.00760417
2855,site_5341,site_5341/S2A_MSIL2A_20211016T052821_N0500_R105_T43RGM_20230115T141858.npy,site_5341/S5P_RPRO_L2__NO2____20211016.nc,16/10/2021,9.89
2856,site_5341,site_5341/S2B_MSIL2A_20210524T052649_N0500_R105_T43RGM_20230225T211122.npy,site_5341/S5P_RPRO_L2__NO2____20210524.nc,24/05/2021,9.94
2857,site_5341,site_5341/S2B_MSIL2A_20230603T052649_N0509_R105_T43RGM_20230603T081014.npy,site_5341/S5P_OFFL_L2__NO2____20230603.nc,3/06/2023,28.99903846
2858,site_5341,site_5341/S2B_MSIL2A_20220419T052639_N0400_R105_T43RGM_20220419T082211.npy,site_5341/S5P_OFFL_L2__NO2____20220419.nc,19/04/2022,29.86
2859,site_5341,site_5341/S2B_MSIL2A_20210315T052649_N0500_R105_T43RGM_20230528T193246.npy,site_5341/S5P_RPRO_L2__NO2____20210315.nc,15/03/2021,11
2860,site_5341,site_5341/S2B_MSIL2A_20210603T052649_N0500_R105_T43RGM_20230320T155445.npy,site_5341/S5P_RPRO_L2__NO2____20210603.nc,3/06/2021,9.96
2861,site_5341,site_5341/S2B_MSIL2A_20211210T053219_N0500_R105_T43RGM_20221224T005215.npy,site_5341/S5P_OFFL_L2__NO2____20211210.nc,10/12/2021,29.83
2862,site_5341,site_5341/S2A_MSIL2A_20211125T053141_N0500_R105_T43RGM_20221231T174650.npy,site_5341/S5P_RPRO_L2__NO2____20211125.nc,25/11/2021,29.93
2863,site_5341,site_5341/S2B_MSIL2A_20201215T053229_N0500_R105_T43RGM_20230327T152230.npy,site_5341/S5P_OFFL_L2__NO2____20201215.nc,15/12/2020,12.92
2864,site_5341,site_5341/S2B_MSIL2A_20210424T052639_N0500_R105_T43RGM_20230512T135231.npy,site_5341/S5P_OFFL_L2__NO2____20210424.nc,24/04/2021,9.99
2865,site_5341,site_5341/S2A_MSIL2A_20221120T053121_N0400_R105_T43RGM_20221120T090201.npy,site_5341/S5P_OFFL_L2__NO2____20221120.nc,20/11/2022,29.13
2866,site_5341,site_5341/S2A_MSIL2A_20231115T053101_N0509_R105_T43RGM_20231115T083657.npy,site_5341/S5P_OFFL_L2__NO2____20231115.nc,15/11/2023,25.2302381
2867,site_5341,site_5341/S2A_MSIL2A_20230509T052641_N0509_R105_T43RGM_20230509T092709.npy,site_5341/S5P_OFFL_L2__NO2____20230509.nc,9/05/2023,24.87208333
2868,site_5341,site_5341/S2B_MSIL2A_20230514T052649_N0509_R105_T43RGM_20230514T081203.npy,site_5341/S5P_OFFL_L2__NO2____20230514.nc,14/05/2023,25.44
2869,site_5341,site_5341/S2B_MSIL2A_20220529T052649_N0400_R105_T43RGM_20220529T082829.npy,site_5341/S5P_OFFL_L2__NO2____20220529.nc,29/05/2022,25.03
2870,site_5341,site_5341/S2B_MSIL2A_20201006T052709_N0500_R105_T43RGM_20230413T084735.npy,site_5341/S5P_OFFL_L2__NO2____20201006.nc,6/10/2020,4.1
2871,site_5341,site_5341/S2A_MSIL2A_20230208T053001_N0509_R105_T43RGM_20230208T091456.npy,site_5341/S5P_OFFL_L2__NO2____20230208.nc,8/02/2023,25.19190476
2872,site_5341,site_5341/S2A_MSIL2A_20230519T052651_N0509_R105_T43RGM_20230519T092659.npy,site_5341/S5P_OFFL_L2__NO2____20230519.nc,19/05/2023,28.34215278
2873,site_5341,site_5341/S2A_MSIL2A_20210529T052651_N0500_R105_T43RGM_20230208T101411.npy,site_5341/S5P_OFFL_L2__NO2____20210529.nc,29/05/2021,10
2874,site_5340,site_5340/S2B_MSIL2A_20220320T052649_N0400_R105_T43RGM_20220320T081158.npy,site_5340/S5P_RPRO_L2__NO2____20220320.nc,20/03/2022,21.39
2875,site_5340,site_5340/S2B_MSIL2A_20230223T052829_N0509_R105_T43RGM_20230223T091406.npy,site_5340/S5P_OFFL_L2__NO2____20230223.nc,23/02/2023,21.76361111
2876,site_5340,site_5340/S2B_MSIL2A_20221105T053009_N0400_R105_T43RGM_20221105T085717.npy,site_5340/S5P_OFFL_L2__NO2____20221105.nc,5/11/2022,15.27
2877,site_5340,site_5340/S2A_MSIL2A_20230218T052901_N0509_R105_T43RGM_20230218T092158.npy,site_5340/S5P_OFFL_L2__NO2____20230218.nc,18/02/2023,28.08392361
2878,site_5340,site_5340/S2A_MSIL2A_20231225T053231_N0510_R105_T43RGM_20231225T083954.npy,site_5340/S5P_OFFL_L2__NO2____20231225.nc,25/12/2023,12.08673611
2879,site_5340,site_5340/S2B_MSIL2A_20230404T052649_N0509_R105_T43RGM_20230404T082300.npy,site_5340/S5P_OFFL_L2__NO2____20230404.nc,4/04/2023,8.543888889
2880,site_5340,site_5340/S2B_MSIL2A_20211110T053039_N0500_R105_T43RGM_20230104T060153.npy,site_5340/S5P_OFFL_L2__NO2____20211110.nc,10/11/2021,35.38
2881,site_5340,site_5340/S2A_MSIL2A_20200424T052651_N0500_R105_T43RGM_20230407T191120.npy,site_5340/S5P_OFFL_L2__NO2____20200424.nc,24/04/2020,33.22
2882,site_5340,site_5340/S2A_MSIL2A_20210218T052851_N0500_R105_T43RGM_20230519T195908.npy,site_5340/S5P_OFFL_L2__NO2____20210218.nc,18/02/2021,1.06
2883,site_5340,site_5340/S2A_MSIL2A_20230310T052641_N0509_R105_T43RGM_20230310T093103.npy,site_5340/S5P_OFFL_L2__NO2____20230310.nc,10/03/2023,11.48107143
2884,site_5340,site_5340/S2B_MSIL2A_20230504T052649_N0509_R105_T43RGM_20230504T081611.npy,site_5340/S5P_OFFL_L2__NO2____20230504.nc,4/05/2023,8.75075
2885,site_5340,site_5340/S2A_MSIL2A_20230529T052651_N0509_R105_T43RGM_20230529T092751.npy,site_5340/S5P_OFFL_L2__NO2____20230529.nc,29/05/2023,9.634940476
2886,site_5340,site_5340/S2A_MSIL2A_20220414T052651_N0400_R105_T43RGM_20220414T081245.npy,site_5340/S5P_RPRO_L2__NO2____20220414.nc,14/04/2022,14.94
2887,site_5340,site_5340/S2A_MSIL2A_20210119T053141_N0500_R105_T43RGM_20230527T172345.npy,site_5340/S5P_OFFL_L2__NO2____20210119.nc,19/01/2021,1.05
2888,site_5340,site_5340/S2B_MSIL2A_20230325T052649_N0509_R105_T43RGM_20230325T081020.npy,site_5340/S5P_OFFL_L2__NO2____20230325.nc,25/03/2023,8.953854167
2889,site_5340,site_5340/S2A_MSIL2A_20220424T052651_N0400_R105_T43RGM_20220424T100603.npy,site_5340/S5P_RPRO_L2__NO2____20220424.nc,24/04/2022,10.55
2890,site_5340,site_5340/S2B_MSIL2A_20221016T052809_N0400_R105_T43RGM_20221016T081012.npy,site_5340/S5P_OFFL_L2__NO2____20221016.nc,16/10/2022,11.31
2891,site_5340,site_5340/S2A_MSIL2A_20230608T052651_N0509_R105_T43RGM_20230608T092459.npy,site_5340/S5P_OFFL_L2__NO2____20230608.nc,8/06/2023,7.347731481
2892,site_5340,site_5340/S2B_MSIL2A_20211021T052849_N0500_R105_T43RGM_20230108T061345.npy,site_5340/S5P_OFFL_L2__NO2____20211021.nc,21/10/2021,12
2893,site_5340,site_5340/S2A_MSIL2A_20210419T052641_N0500_R105_T43RGM_20230524T203354.npy,site_5340/S5P_RPRO_L2__NO2____20210419.nc,19/04/2021,5.04
2894,site_5340,site_5340/S2B_MSIL2A_20221215T053229_N0509_R105_T43RGM_20221215T081623.npy,site_5340/S5P_OFFL_L2__NO2____20221215.nc,15/12/2022,27.02
2895,site_5340,site_5340/S2B_MSIL2A_20200310T052649_N0500_R105_T43RGM_20230620T170530.npy,site_5340/S5P_RPRO_L2__NO2____20200310.nc,10/03/2020,19.15
2896,site_5340,site_5340/S2A_MSIL2A_20211016T052821_N0500_R105_T43RGM_20230115T141858.npy,site_5340/S5P_OFFL_L2__NO2____20211016.nc,16/10/2021,34.24
2897,site_5340,site_5340/S2B_MSIL2A_20201016T052819_N0500_R105_T43RGM_20230413T162324.npy,site_5340/S5P_RPRO_L2__NO2____20201016.nc,16/10/2020,16.08
2898,site_5340,site_5340/S2A_MSIL2A_20211225T053241_N0500_R105_T43RGM_20221224T231251.npy,site_5340/S5P_OFFL_L2__NO2____20211225.nc,25/12/2021,97.05
2899,site_5340,site_5340/S2B_MSIL2A_20210524T052649_N0500_R105_T43RGM_20230225T211122.npy,site_5340/S5P_RPRO_L2__NO2____20210524.nc,24/05/2021,5.05
2900,site_5340,site_5340/S2B_MSIL2A_20220419T052639_N0400_R105_T43RGM_20220419T082211.npy,site_5340/S5P_OFFL_L2__NO2____20220419.nc,19/04/2022,18.24
2901,site_5340,site_5340/S2B_MSIL2A_20210315T052649_N0500_R105_T43RGM_20230528T193246.npy,site_5340/S5P_RPRO_L2__NO2____20210315.nc,15/03/2021,11.01
2902,site_5340,site_5340/S2B_MSIL2A_20210603T052649_N0500_R105_T43RGM_20230320T155445.npy,site_5340/S5P_OFFL_L2__NO2____20210603.nc,3/06/2021,5.02
2903,site_5340,site_5340/S2A_MSIL2A_20231205T053211_N0509_R105_T43RGM_20231205T084151.npy,site_5340/S5P_OFFL_L2__NO2____20231205.nc,5/12/2023,11.99663043
2904,site_5340,site_5340/S2B_MSIL2A_20201215T053229_N0500_R105_T43RGM_20230327T152230.npy,site_5340/S5P_OFFL_L2__NO2____20201215.nc,15/12/2020,3.17
2905,site_5340,site_5340/S2A_MSIL2A_20211026T052921_N0500_R105_T43RGM_20230104T033106.npy,site_5340/S5P_OFFL_L2__NO2____20211026.nc,26/10/2021,27.07
2906,site_5340,site_5340/S2B_MSIL2A_20210623T052649_N0500_R105_T43RGM_20230318T004405.npy,site_5340/S5P_RPRO_L2__NO2____20210623.nc,23/06/2021,5.05
2907,site_5340,site_5340/S2B_MSIL2A_20221026T052909_N0400_R105_T43RGM_20221026T081023.npy,site_5340/S5P_OFFL_L2__NO2____20221026.nc,26/10/2022,27.19
2908,site_5340,site_5340/S2A_MSIL2A_20221031T052951_N0400_R105_T43RGM_20221031T092457.npy,site_5340/S5P_OFFL_L2__NO2____20221031.nc,31/10/2022,36.44
2909,site_5340,site_5340/S2A_MSIL2A_20230509T052641_N0509_R105_T43RGM_20230509T092709.npy,site_5340/S5P_OFFL_L2__NO2____20230509.nc,9/05/2023,8.814722222
2910,site_5340,site_5340/S2B_MSIL2A_20230213T052929_N0509_R105_T43RGM_20230213T080453.npy,site_5340/S5P_OFFL_L2__NO2____20230213.nc,13/02/2023,17.67885417
2911,site_5340,site_5340/S2A_MSIL2A_20210608T052651_N0500_R105_T43RGM_20230130T124738.npy,site_5340/S5P_RPRO_L2__NO2____20210608.nc,8/06/2021,5.02
2912,site_5340,site_5340/S2B_MSIL2A_20210414T052639_N0500_R105_T43RGM_20230618T021140.npy,site_5340/S5P_OFFL_L2__NO2____20210414.nc,14/04/2021,5.03
2913,site_5340,site_5340/S2A_MSIL2A_20220514T052651_N0400_R105_T43RGM_20220514T100220.npy,site_5340/S5P_RPRO_L2__NO2____20220514.nc,14/05/2022,32.48
2914,site_5340,site_5340/S2B_MSIL2A_20231210T053219_N0509_R105_T43RGM_20231210T080301.npy,site_5340/S5P_OFFL_L2__NO2____20231210.nc,10/12/2023,12.01430556
2915,site_5340,site_5340/S2A_MSIL2A_20221130T053201_N0400_R105_T43RGM_20221130T084354.npy,site_5340/S5P_OFFL_L2__NO2____20221130.nc,30/11/2022,32.62
2916,site_5340,site_5340/S2B_MSIL2A_20201006T052709_N0500_R105_T43RGM_20230413T084735.npy,site_5340/S5P_OFFL_L2__NO2____20201006.nc,6/10/2020,18.17
2917,site_5340,site_5340/S2A_MSIL2A_20230208T053001_N0509_R105_T43RGM_20230208T091456.npy,site_5340/S5P_OFFL_L2__NO2____20230208.nc,8/02/2023,22.48416667
2918,site_5340,site_5340/S2A_MSIL2A_20230519T052651_N0509_R105_T43RGM_20230519T092659.npy,site_5340/S5P_OFFL_L2__NO2____20230519.nc,19/05/2023,9.013159722
2919,site_5340,site_5340/S2A_MSIL2A_20210529T052651_N0500_R105_T43RGM_20230208T101411.npy,site_5340/S5P_OFFL_L2__NO2____20210529.nc,29/05/2021,5.02
2920,site_144,site_144/S2A_MSIL2A_20201210T053221_N0500_R105_T43RGM_20230401T064048.npy,site_144/S5P_OFFL_L2__NO2____20201210.nc,10/12/2020,2.11
2921,site_144,site_144/S2A_MSIL2A_20181012T052741_N0500_R105_T43RGM_20230709T053423.npy,site_144/S5P_OFFL_L2__NO2____20181012.nc,12/10/2018,64.76
2922,site_144,site_144/S2B_MSIL2A_20200130T053049_N0500_R105_T43RGM_20230426T123620.npy,site_144/S5P_OFFL_L2__NO2____20200130.nc,30/01/2020,67.79
2923,site_144,site_144/S2B_MSIL2A_20230223T052829_N0509_R105_T43RGM_20230223T091406.npy,site_144/S5P_OFFL_L2__NO2____20230223.nc,23/02/2023,47.26875
2924,site_144,site_144/S2A_MSIL2A_20200315T052641_N0500_R105_T43RGM_20230621T205110.npy,site_144/S5P_RPRO_L2__NO2____20200315.nc,15/03/2020,42.85
2925,site_144,site_144/S2B_MSIL2A_20200429T052639_N0500_R105_T43RGM_20230407T130358.npy,site_144/S5P_RPRO_L2__NO2____20200429.nc,29/04/2020,21.78
2926,site_144,site_144/S2B_MSIL2A_20230404T052649_N0509_R105_T43RGM_20230404T082300.npy,site_144/S5P_OFFL_L2__NO2____20230404.nc,4/04/2023,29.66597222
2927,site_144,site_144/S2A_MSIL2A_20190609T052651_N0500_R105_T43RGM_20230724T074619.npy,site_144/S5P_OFFL_L2__NO2____20190609.nc,9/06/2019,104.72
2928,site_144,site_144/S2A_MSIL2A_20200424T052651_N0500_R105_T43RGM_20230407T191120.npy,site_144/S5P_RPRO_L2__NO2____20200424.nc,24/04/2020,29.5
2929,site_144,site_144/S2B_MSIL2A_20181017T052809_N0500_R105_T43RGM_20230728T180244.npy,site_144/S5P_OFFL_L2__NO2____20181017.nc,17/10/2018,93.78
2930,site_144,site_144/S2A_MSIL2A_20220414T052651_N0400_R105_T43RGM_20220414T081245.npy,site_144/S5P_RPRO_L2__NO2____20220414.nc,14/04/2022,35.83
2931,site_144,site_144/S2A_MSIL2A_20211115T053101_N0500_R105_T43RGM_20221230T163334.npy,site_144/S5P_RPRO_L2__NO2____20211115.nc,15/11/2021,87.6
2932,site_144,site_144/S2A_MSIL2A_20191017T052821_N0500_R105_T43RGM_20230614T181835.npy,site_144/S5P_OFFL_L2__NO2____20191017.nc,17/10/2019,43.49
2933,site_144,site_144/S2A_MSIL2A_20180515T052651_N0500_R105_T43RGM_20230830T220531.npy,site_144/S5P_RPRO_L2__NO2____20180515.nc,15/05/2018,43.43
2934,site_144,site_144/S2B_MSIL2A_20221016T052809_N0400_R105_T43RGM_20221016T081012.npy,site_144/S5P_OFFL_L2__NO2____20221016.nc,16/10/2022,49.32
2935,site_144,site_144/S2A_MSIL2A_20190209T052951_N0500_R105_T43RGM_20221129T025325.npy,site_144/S5P_RPRO_L2__NO2____20190209.nc,9/02/2019,76.27
2936,site_144,site_144/S2B_MSIL2A_20210223T052819_N0500_R105_T43RGM_20230525T105235.npy,site_144/S5P_RPRO_L2__NO2____20210223.nc,23/02/2021,3.15
2937,site_144,site_144/S2B_MSIL2A_20211021T052849_N0500_R105_T43RGM_20230108T061345.npy,site_144/S5P_OFFL_L2__NO2____20211021.nc,21/10/2021,68.68
2938,site_144,site_144/S2B_MSIL2A_20221215T053229_N0509_R105_T43RGM_20221215T081623.npy,site_144/S5P_OFFL_L2__NO2____20221215.nc,15/12/2022,59.86
2939,site_144,site_144/S2B_MSIL2A_20201105T053019_N0500_R105_T43RGM_20230303T061054.npy,site_144/S5P_RPRO_L2__NO2____20201105.nc,5/11/2020,112.54
2940,site_144,site_144/S2B_MSIL2A_20201016T052819_N0500_R105_T43RGM_20230413T162324.npy,site_144/S5P_RPRO_L2__NO2____20201016.nc,16/10/2020,128.66
2941,site_144,site_144/S2B_MSIL2A_20210524T052649_N0500_R105_T43RGM_20230225T211122.npy,site_144/S5P_OFFL_L2__NO2____20210524.nc,24/05/2021,38.53
2942,site_144,site_144/S2B_MSIL2A_20210315T052649_N0500_R105_T43RGM_20230528T193246.npy,site_144/S5P_RPRO_L2__NO2____20210315.nc,15/03/2021,53.16
2943,site_144,site_144/S2B_MSIL2A_20190614T052659_N0500_R105_T43RGM_20230606T102659.npy,site_144/S5P_RPRO_L2__NO2____20190614.nc,14/06/2019,57.7
2944,site_144,site_144/S2B_MSIL2A_20210603T052649_N0500_R105_T43RGM_20230320T155445.npy,site_144/S5P_RPRO_L2__NO2____20210603.nc,3/06/2021,37.93
2945,site_144,site_144/S2A_MSIL2A_20180505T052651_N0500_R105_T43RGM_20230906T160830.npy,site_144/S5P_RPRO_L2__NO2____20180505.nc,5/05/2018,59.3
2946,site_144,site_144/S2A_MSIL2A_20211125T053141_N0500_R105_T43RGM_20221231T174650.npy,site_144/S5P_RPRO_L2__NO2____20211125.nc,25/11/2021,87.92
2947,site_144,site_144/S2A_MSIL2A_20231205T053211_N0509_R105_T43RGM_20231205T084151.npy,site_144/S5P_OFFL_L2__NO2____20231205.nc,5/12/2023,68.46701389
2948,site_144,site_144/S2B_MSIL2A_20181106T053019_N0500_R105_T43RGM_20230726T183955.npy,site_144/S5P_OFFL_L2__NO2____20181106.nc,6/11/2018,91.02
2949,site_144,site_144/S2A_MSIL2A_20200603T052651_N0500_R105_T43RGM_20230422T032200.npy,site_144/S5P_OFFL_L2__NO2____20200603.nc,3/06/2020,22.13
2950,site_144,site_144/S2A_MSIL2A_20211026T052921_N0500_R105_T43RGM_20230104T033106.npy,site_144/S5P_OFFL_L2__NO2____20211026.nc,26/10/2021,55.33
2951,site_144,site_144/S2B_MSIL2A_20210424T052639_N0500_R105_T43RGM_20230512T135231.npy,site_144/S5P_OFFL_L2__NO2____20210424.nc,24/04/2021,24.03
2952,site_144,site_144/S2B_MSIL2A_20220330T052639_N0400_R105_T43RGM_20220330T084206.npy,site_144/S5P_OFFL_L2__NO2____20220330.nc,30/03/2022,84.24
2953,site_144,site_144/S2A_MSIL2A_20221120T053121_N0400_R105_T43RGM_20221120T090201.npy,site_144/S5P_OFFL_L2__NO2____20221120.nc,20/11/2022,190.4
2954,site_144,site_144/S2A_MSIL2A_20191027T052921_N0500_R105_T43RGM_20230622T135751.npy,site_144/S5P_RPRO_L2__NO2____20191027.nc,27/10/2019,65.85
2955,site_144,site_144/S2A_MSIL2A_20231115T053101_N0509_R105_T43RGM_20231115T083657.npy,site_144/S5P_OFFL_L2__NO2____20231115.nc,15/11/2023,72.3375
2956,site_144,site_144/S2A_MSIL2A_20190530T052651_N0500_R105_T43RGM_20221220T060554.npy,site_144/S5P_OFFL_L2__NO2____20190530.nc,30/05/2019,78.3
2957,site_144,site_144/S2B_MSIL2A_20200330T052649_N0500_R105_T43RGM_20230613T074720.npy,site_144/S5P_RPRO_L2__NO2____20200330.nc,30/03/2020,25.58
2958,site_144,site_144/S2A_MSIL2A_20201120T053131_N0500_R105_T43RGM_20230404T230034.npy,site_144/S5P_OFFL_L2__NO2____20201120.nc,20/11/2020,156.52
2959,site_144,site_144/S2B_MSIL2A_20230514T052649_N0509_R105_T43RGM_20230514T081203.npy,site_144/S5P_OFFL_L2__NO2____20230514.nc,14/05/2023,39.00104167
2960,site_144,site_144/S2B_MSIL2A_20210414T052639_N0500_R105_T43RGM_20230618T021140.npy,site_144/S5P_RPRO_L2__NO2____20210414.nc,14/04/2021,43.74
2961,site_144,site_144/S2B_MSIL2A_20181206T053209_N0500_R105_T43RGM_20230701T014321.npy,site_144/S5P_RPRO_L2__NO2____20181206.nc,6/12/2018,108.97
2962,site_144,site_144/S2B_MSIL2A_20200618T052649_N0500_R105_T43RGM_20231109T221241.npy,site_144/S5P_OFFL_L2__NO2____20200618.nc,18/06/2020,14.18
2963,site_144,site_144/S2B_MSIL2A_20220529T052649_N0400_R105_T43RGM_20220529T082829.npy,site_144/S5P_RPRO_L2__NO2____20220529.nc,29/05/2022,23.44
2964,site_144,site_144/S2A_MSIL2A_20190301T052741_N0500_R105_T43RGM_20221113T010005.npy,site_144/S5P_OFFL_L2__NO2____20190301.nc,1/03/2019,74.51
2965,site_144,site_144/S2B_MSIL2A_20201006T052709_N0500_R105_T43RGM_20230413T084735.npy,site_144/S5P_OFFL_L2__NO2____20201006.nc,6/10/2020,49.58
2966,site_144,site_144/S2A_MSIL2A_20201021T052851_N0500_R105_T43RGM_20230311T172549.npy,site_144/S5P_RPRO_L2__NO2____20201021.nc,21/10/2020,153.7
2967,site_144,site_144/S2A_MSIL2A_20230519T052651_N0509_R105_T43RGM_20230519T092659.npy,site_144/S5P_OFFL_L2__NO2____20230519.nc,19/05/2023,34.56354167
2968,site_144,site_144/S2B_MSIL2A_20220429T052639_N0400_R105_T43RGM_20220429T130031.npy,site_144/S5P_RPRO_L2__NO2____20220429.nc,29/04/2022,66.71
2969,site_144,site_144/S2A_MSIL2A_20210529T052651_N0500_R105_T43RGM_20230208T101411.npy,site_144/S5P_RPRO_L2__NO2____20210529.nc,29/05/2021,19.47
2970,site_1542,site_1542/S2B_MSIL2A_20200130T053049_N0500_R105_T43RGM_20230426T123620.npy,site_1542/S5P_OFFL_L2__NO2____20200130.nc,30/01/2020,45.06
2971,site_1542,site_1542/S2B_MSIL2A_20200509T052649_N0500_R105_T43RGM_20230331T115846.npy,site_1542/S5P_RPRO_L2__NO2____20200509.nc,9/05/2020,11.42
2972,site_1542,site_1542/S2A_MSIL2A_20210330T052641_N0500_R105_T43RGM_20230528T202910.npy,site_1542/S5P_RPRO_L2__NO2____20210330.nc,30/03/2021,8.04
2973,site_1542,site_1542/S2B_MSIL2A_20230223T052829_N0509_R105_T43RGM_20230223T091406.npy,site_1542/S5P_OFFL_L2__NO2____20230223.nc,23/02/2023,67.82708333
2974,site_1542,site_1542/S2B_MSIL2A_20221105T053009_N0400_R105_T43RGM_20221105T085717.npy,site_1542/S5P_OFFL_L2__NO2____20221105.nc,5/11/2022,19.88
2975,site_1542,site_1542/S2A_MSIL2A_20200315T052641_N0500_R105_T43RGM_20230621T205110.npy,site_1542/S5P_OFFL_L2__NO2____20200315.nc,15/03/2020,33.33
2976,site_1542,site_1542/S2B_MSIL2A_20201225T053229_N0500_R105_T43RGM_20230328T115134.npy,site_1542/S5P_OFFL_L2__NO2____20201225.nc,25/12/2020,53.39
2977,site_1542,site_1542/S2B_MSIL2A_20200429T052639_N0500_R105_T43RGM_20230407T130358.npy,site_1542/S5P_RPRO_L2__NO2____20200429.nc,29/04/2020,12.38
2978,site_1542,site_1542/S2A_MSIL2A_20231225T053231_N0510_R105_T43RGM_20231225T083954.npy,site_1542/S5P_OFFL_L2__NO2____20231225.nc,25/12/2023,55.38402778
2979,site_1542,site_1542/S2B_MSIL2A_20230404T052649_N0509_R105_T43RGM_20230404T082300.npy,site_1542/S5P_OFFL_L2__NO2____20230404.nc,4/04/2023,36.15381944
2980,site_1542,site_1542/S2B_MSIL2A_20211110T053039_N0500_R105_T43RGM_20230104T060153.npy,site_1542/S5P_RPRO_L2__NO2____20211110.nc,10/11/2021,74.46
2981,site_1542,site_1542/S2B_MSIL2A_20211220T053229_N0500_R105_T43RGM_20221225T161551.npy,site_1542/S5P_OFFL_L2__NO2____20211220.nc,20/12/2021,69.01
2982,site_1542,site_1542/S2A_MSIL2A_20210218T052851_N0500_R105_T43RGM_20230519T195908.npy,site_1542/S5P_OFFL_L2__NO2____20210218.nc,18/02/2021,4.6
2983,site_1542,site_1542/S2B_MSIL2A_20181017T052809_N0500_R105_T43RGM_20230728T180244.npy,site_1542/S5P_RPRO_L2__NO2____20181017.nc,17/10/2018,52.76
2984,site_1542,site_1542/S2A_MSIL2A_20230310T052641_N0509_R105_T43RGM_20230310T093103.npy,site_1542/S5P_OFFL_L2__NO2____20230310.nc,10/03/2023,39.08229167
2985,site_1542,site_1542/S2B_MSIL2A_20230504T052649_N0509_R105_T43RGM_20230504T081611.npy,site_1542/S5P_OFFL_L2__NO2____20230504.nc,4/05/2023,20.10138889
2986,site_1542,site_1542/S2A_MSIL2A_20201001T052651_N0500_R105_T43RGM_20230308T051815.npy,site_1542/S5P_OFFL_L2__NO2____20201001.nc,1/10/2020,49.14
2987,site_1542,site_1542/S2A_MSIL2A_20220414T052651_N0400_R105_T43RGM_20220414T081245.npy,site_1542/S5P_OFFL_L2__NO2____20220414.nc,14/04/2022,37.91
2988,site_1542,site_1542/S2A_MSIL2A_20201130T053201_N0500_R105_T43RGM_20230410T145949.npy,site_1542/S5P_RPRO_L2__NO2____20201130.nc,30/11/2020,88.02
2989,site_1542,site_1542/S2B_MSIL2A_20230325T052649_N0509_R105_T43RGM_20230325T081020.npy,site_1542/S5P_OFFL_L2__NO2____20230325.nc,25/03/2023,9.657291667
2990,site_1542,site_1542/S2A_MSIL2A_20211115T053101_N0500_R105_T43RGM_20221230T163334.npy,site_1542/S5P_RPRO_L2__NO2____20211115.nc,15/11/2021,69.63
2991,site_1542,site_1542/S2B_MSIL2A_20181116T053059_N0500_R105_T43RGM_20230727T133701.npy,site_1542/S5P_RPRO_L2__NO2____20181116.nc,16/11/2018,37.6
2992,site_1542,site_1542/S2A_MSIL2A_20220325T052651_N0400_R105_T43RGM_20220325T081540.npy,site_1542/S5P_OFFL_L2__NO2____20220325.nc,25/03/2022,39.97
2993,site_1542,site_1542/S2B_MSIL2A_20221016T052809_N0400_R105_T43RGM_20221016T081012.npy,site_1542/S5P_OFFL_L2__NO2____20221016.nc,16/10/2022,15.95
2994,site_1542,site_1542/S2B_MSIL2A_20230305T052719_N0509_R105_T43RGM_20230305T082058.npy,site_1542/S5P_OFFL_L2__NO2____20230305.nc,5/03/2023,36.71354167
2995,site_1542,site_1542/S2A_MSIL2A_20230608T052651_N0509_R105_T43RGM_20230608T092459.npy,site_1542/S5P_OFFL_L2__NO2____20230608.nc,8/06/2023,35.56319444
2996,site_1542,site_1542/S2B_MSIL2A_20210223T052819_N0500_R105_T43RGM_20230525T105235.npy,site_1542/S5P_RPRO_L2__NO2____20210223.nc,23/02/2021,10.02
2997,site_1542,site_1542/S2A_MSIL2A_20210419T052641_N0500_R105_T43RGM_20230524T203354.npy,site_1542/S5P_OFFL_L2__NO2____20210419.nc,19/04/2021,41.56
2998,site_1542,site_1542/S2A_MSIL2A_20190430T052651_N0500_R105_T43RGM_20221110T080856.npy,site_1542/S5P_OFFL_L2__NO2____20190430.nc,30/04/2019,32.9
2999,site_1542,site_1542/S2B_MSIL2A_20201105T053019_N0500_R105_T43RGM_20230303T061054.npy,site_1542/S5P_OFFL_L2__NO2____20201105.nc,5/11/2020,98.99
3000,site_1542,site_1542/S2A_MSIL2A_20211016T052821_N0500_R105_T43RGM_20230115T141858.npy,site_1542/S5P_RPRO_L2__NO2____20211016.nc,16/10/2021,30.53
3001,site_1542,site_1542/S2B_MSIL2A_20210524T052649_N0500_R105_T43RGM_20230225T211122.npy,site_1542/S5P_OFFL_L2__NO2____20210524.nc,24/05/2021,26.49
3002,site_1542,site_1542/S2B_MSIL2A_20220419T052639_N0400_R105_T43RGM_20220419T082211.npy,site_1542/S5P_OFFL_L2__NO2____20220419.nc,19/04/2022,57.16
3003,site_1542,site_1542/S2B_MSIL2A_20210315T052649_N0500_R105_T43RGM_20230528T193246.npy,site_1542/S5P_RPRO_L2__NO2____20210315.nc,15/03/2021,24.99
3004,site_1542,site_1542/S2B_MSIL2A_20210603T052649_N0500_R105_T43RGM_20230320T155445.npy,site_1542/S5P_OFFL_L2__NO2____20210603.nc,3/06/2021,18.39
3005,site_1542,site_1542/S2B_MSIL2A_20211210T053219_N0500_R105_T43RGM_20221224T005215.npy,site_1542/S5P_RPRO_L2__NO2____20211210.nc,10/12/2021,66.41
3006,site_1542,site_1542/S2B_MSIL2A_20191201T053159_N0500_R105_T43RGM_20230614T071442.npy,site_1542/S5P_RPRO_L2__NO2____20191201.nc,1/12/2019,30.96
3007,site_1542,site_1542/S2B_MSIL2A_20201215T053229_N0500_R105_T43RGM_20230327T152230.npy,site_1542/S5P_RPRO_L2__NO2____20201215.nc,15/12/2020,36.26
3008,site_1542,site_1542/S2B_MSIL2A_20190604T052659_N0500_R105_T43RGM_20230724T120843.npy,site_1542/S5P_OFFL_L2__NO2____20190604.nc,4/06/2019,7.8
3009,site_1542,site_1542/S2B_MSIL2A_20180619T052649_N0500_R105_T43RGM_20230813T113101.npy,site_1542/S5P_RPRO_L2__NO2____20180619.nc,19/06/2018,29.01
3010,site_1542,site_1542/S2A_MSIL2A_20221120T053121_N0400_R105_T43RGM_20221120T090201.npy,site_1542/S5P_OFFL_L2__NO2____20221120.nc,20/11/2022,46.46
3011,site_1542,site_1542/S2A_MSIL2A_20200204T053021_N0500_R105_T43RGM_20230427T045943.npy,site_1542/S5P_RPRO_L2__NO2____20200204.nc,4/02/2020,68.44
3012,site_1542,site_1542/S2A_MSIL2A_20200224T052811_N0500_R105_T43RGM_20230429T105106.npy,site_1542/S5P_OFFL_L2__NO2____20200224.nc,24/02/2020,40.16
3013,site_1542,site_1542/S2B_MSIL2A_20210623T052649_N0500_R105_T43RGM_20230318T004405.npy,site_1542/S5P_RPRO_L2__NO2____20210623.nc,23/06/2021,20.04
3014,site_1542,site_1542/S2B_MSIL2A_20200330T052649_N0500_R105_T43RGM_20230613T074720.npy,site_1542/S5P_RPRO_L2__NO2____20200330.nc,30/03/2020,15.75
3015,site_1542,site_1542/S2A_MSIL2A_20201120T053131_N0500_R105_T43RGM_20230404T230034.npy,site_1542/S5P_RPRO_L2__NO2____20201120.nc,20/11/2020,65.79
3016,site_1542,site_1542/S2B_MSIL2A_20230514T052649_N0509_R105_T43RGM_20230514T081203.npy,site_1542/S5P_OFFL_L2__NO2____20230514.nc,14/05/2023,26.36493056
3017,site_1542,site_1542/S2B_MSIL2A_20230213T052929_N0509_R105_T43RGM_20230213T080453.npy,site_1542/S5P_OFFL_L2__NO2____20230213.nc,13/02/2023,34.621875
3018,site_1542,site_1542/S2A_MSIL2A_20210608T052651_N0500_R105_T43RGM_20230130T124738.npy,site_1542/S5P_RPRO_L2__NO2____20210608.nc,8/06/2021,41.21
3019,site_1542,site_1542/S2B_MSIL2A_20181206T053209_N0500_R105_T43RGM_20230701T014321.npy,site_1542/S5P_OFFL_L2__NO2____20181206.nc,6/12/2018,64.56
3020,site_1542,site_1542/S2B_MSIL2A_20200618T052649_N0500_R105_T43RGM_20231109T221241.npy,site_1542/S5P_OFFL_L2__NO2____20200618.nc,18/06/2020,10.31
3021,site_1542,site_1542/S2A_MSIL2A_20190311T052641_N0500_R105_T43RGM_20221112T144625.npy,site_1542/S5P_OFFL_L2__NO2____20190311.nc,11/03/2019,33.32
3022,site_1542,site_1542/S2A_MSIL2A_20230208T053001_N0509_R105_T43RGM_20230208T091456.npy,site_1542/S5P_OFFL_L2__NO2____20230208.nc,8/02/2023,45.159375
3023,site_5023,site_5023/S2B_MSIL2A_20181027T052919_N0500_R105_T43RGM_20230708T004857.npy,site_5023/S5P_RPRO_L2__NO2____20181027.nc,27/10/2018,57.32
3024,site_5023,site_5023/S2B_MSIL2A_20220320T052649_N0400_R105_T43RGM_20220320T081158.npy,site_5023/S5P_RPRO_L2__NO2____20220320.nc,20/03/2022,23.22
3025,site_5023,site_5023/S2A_MSIL2A_20200514T052651_N0500_R105_T43RGM_20230420T211732.npy,site_5023/S5P_OFFL_L2__NO2____20200514.nc,14/05/2020,48.59
3026,site_5023,site_5023/S2A_MSIL2A_20230218T052901_N0509_R105_T43RGM_20230218T092158.npy,site_5023/S5P_OFFL_L2__NO2____20230218.nc,18/02/2023,16.66354167
3027,site_5023,site_5023/S2B_MSIL2A_20230404T052649_N0509_R105_T43RGM_20230404T082300.npy,site_5023/S5P_OFFL_L2__NO2____20230404.nc,4/04/2023,6.323958333
3028,site_5023,site_5023/S2A_MSIL2A_20200424T052651_N0500_R105_T43RGM_20230407T191120.npy,site_5023/S5P_OFFL_L2__NO2____20200424.nc,24/04/2020,56.17
3029,site_5023,site_5023/S2B_MSIL2A_20181017T052809_N0500_R105_T43RGM_20230728T180244.npy,site_5023/S5P_RPRO_L2__NO2____20181017.nc,17/10/2018,48.44
3030,site_5023,site_5023/S2A_MSIL2A_20201001T052651_N0500_R105_T43RGM_20230308T051815.npy,site_5023/S5P_RPRO_L2__NO2____20201001.nc,1/10/2020,13.17
3031,site_5023,site_5023/S2A_MSIL2A_20210208T053001_N0500_R105_T43RGM_20230605T124733.npy,site_5023/S5P_OFFL_L2__NO2____20210208.nc,8/02/2021,4.52
3032,site_5023,site_5023/S2A_MSIL2A_20230529T052651_N0509_R105_T43RGM_20230529T092751.npy,site_5023/S5P_OFFL_L2__NO2____20230529.nc,29/05/2023,17.50208333
3033,site_5023,site_5023/S2A_MSIL2A_20220414T052651_N0400_R105_T43RGM_20220414T081245.npy,site_5023/S5P_RPRO_L2__NO2____20220414.nc,14/04/2022,56.55
3034,site_5023,site_5023/S2A_MSIL2A_20210119T053141_N0500_R105_T43RGM_20230527T172345.npy,site_5023/S5P_RPRO_L2__NO2____20210119.nc,19/01/2021,4.51
3035,site_5023,site_5023/S2B_MSIL2A_20221205T053209_N0400_R105_T43RGM_20221205T065506.npy,site_5023/S5P_OFFL_L2__NO2____20221205.nc,5/12/2022,10.04
3036,site_5023,site_5023/S2A_MSIL2A_20200214T052921_N0500_R105_T43RGM_20230502T020823.npy,site_5023/S5P_OFFL_L2__NO2____20200214.nc,14/02/2020,49.31
3037,site_5023,site_5023/S2B_MSIL2A_20220409T052639_N0400_R105_T43RGM_20220409T080914.npy,site_5023/S5P_RPRO_L2__NO2____20220409.nc,9/04/2022,56.31
3038,site_5023,site_5023/S2A_MSIL2A_20191017T052821_N0500_R105_T43RGM_20230614T181835.npy,site_5023/S5P_RPRO_L2__NO2____20191017.nc,17/10/2019,27.43
3039,site_5023,site_5023/S2A_MSIL2A_20220424T052651_N0400_R105_T43RGM_20220424T100603.npy,site_5023/S5P_OFFL_L2__NO2____20220424.nc,24/04/2022,56.01
3040,site_5023,site_5023/S2A_MSIL2A_20220325T052651_N0400_R105_T43RGM_20220325T081540.npy,site_5023/S5P_OFFL_L2__NO2____20220325.nc,25/03/2022,33.72
3041,site_5023,site_5023/S2A_MSIL2A_20210320T052651_N0500_R105_T43RGM_20230521T140114.npy,site_5023/S5P_RPRO_L2__NO2____20210320.nc,20/03/2021,11.51
3042,site_5023,site_5023/S2B_MSIL2A_20210223T052819_N0500_R105_T43RGM_20230525T105235.npy,site_5023/S5P_RPRO_L2__NO2____20210223.nc,23/02/2021,4.52
3043,site_5023,site_5023/S2B_MSIL2A_20211021T052849_N0500_R105_T43RGM_20230108T061345.npy,site_5023/S5P_OFFL_L2__NO2____20211021.nc,21/10/2021,7.46
3044,site_5023,site_5023/S2B_MSIL2A_20200310T052649_N0500_R105_T43RGM_20230620T170530.npy,site_5023/S5P_OFFL_L2__NO2____20200310.nc,10/03/2020,61.74
3045,site_5023,site_5023/S2B_MSIL2A_20230603T052649_N0509_R105_T43RGM_20230603T081014.npy,site_5023/S5P_OFFL_L2__NO2____20230603.nc,3/06/2023,21.5375
3046,site_5023,site_5023/S2A_MSIL2A_20231205T053211_N0509_R105_T43RGM_20231205T084151.npy,site_5023/S5P_OFFL_L2__NO2____20231205.nc,5/12/2023,45.34270833
3047,site_5023,site_5023/S2A_MSIL2A_20211026T052921_N0500_R105_T43RGM_20230104T033106.npy,site_5023/S5P_OFFL_L2__NO2____20211026.nc,26/10/2021,5.67
3048,site_5023,site_5023/S2B_MSIL2A_20220330T052639_N0400_R105_T43RGM_20220330T084206.npy,site_5023/S5P_OFFL_L2__NO2____20220330.nc,30/03/2022,52.43
3049,site_5023,site_5023/S2A_MSIL2A_20191027T052921_N0500_R105_T43RGM_20230622T135751.npy,site_5023/S5P_OFFL_L2__NO2____20191027.nc,27/10/2019,65.79
3050,site_5023,site_5023/S2A_MSIL2A_20181111T053041_N0500_R105_T43RGM_20230815T042927.npy,site_5023/S5P_OFFL_L2__NO2____20181111.nc,11/11/2018,76.2
3051,site_5023,site_5023/S2A_MSIL2A_20230509T052641_N0509_R105_T43RGM_20230509T092709.npy,site_5023/S5P_OFFL_L2__NO2____20230509.nc,9/05/2023,23.60625
3052,site_5023,site_5023/S2B_MSIL2A_20210414T052639_N0500_R105_T43RGM_20230618T021140.npy,site_5023/S5P_OFFL_L2__NO2____20210414.nc,14/04/2021,4.3
3053,site_5023,site_5023/S2B_MSIL2A_20181206T053209_N0500_R105_T43RGM_20230701T014321.npy,site_5023/S5P_OFFL_L2__NO2____20181206.nc,6/12/2018,58.19
3054,site_5023,site_5023/S2A_MSIL2A_20190311T052641_N0500_R105_T43RGM_20221112T144625.npy,site_5023/S5P_OFFL_L2__NO2____20190311.nc,11/03/2019,29.49
3055,site_5023,site_5023/S2B_MSIL2A_20220529T052649_N0400_R105_T43RGM_20220529T082829.npy,site_5023/S5P_RPRO_L2__NO2____20220529.nc,29/05/2022,51.41
3056,site_5023,site_5023/S2B_MSIL2A_20211031T052949_N0500_R105_T43RGM_20230116T010011.npy,site_5023/S5P_OFFL_L2__NO2____20211031.nc,31/10/2021,9.15
3057,site_5023,site_5023/S2A_MSIL2A_20190301T052741_N0500_R105_T43RGM_20221113T010005.npy,site_5023/S5P_RPRO_L2__NO2____20190301.nc,1/03/2019,36.35
3058,site_5023,site_5023/S2A_MSIL2A_20221130T053201_N0400_R105_T43RGM_20221130T084354.npy,site_5023/S5P_OFFL_L2__NO2____20221130.nc,30/11/2022,9.7
3059,site_5023,site_5023/S2B_MSIL2A_20201006T052709_N0500_R105_T43RGM_20230413T084735.npy,site_5023/S5P_RPRO_L2__NO2____20201006.nc,6/10/2020,14.19
3060,site_5023,site_5023/S2A_MSIL2A_20230519T052651_N0509_R105_T43RGM_20230519T092659.npy,site_5023/S5P_OFFL_L2__NO2____20230519.nc,19/05/2023,21.55340909
3061,site_1550,site_1550/S2A_MSIL2A_20200713T052651_N0500_R105_T43RGN_20230528T085510.npy,site_1550/S5P_RPRO_L2__NO2____20200713.nc,13/07/2020,5.35
3062,site_1550,site_1550/S2A_MSIL2A_20191017T052821_N0500_R105_T43RGN_20230614T181835.npy,site_1550/S5P_RPRO_L2__NO2____20191017.nc,17/10/2019,39.79
3063,site_1550,site_1550/S2A_MSIL2A_20190609T052651_N0500_R105_T43RGN_20230724T074619.npy,site_1550/S5P_RPRO_L2__NO2____20190609.nc,9/06/2019,25.66
3064,site_1550,site_1550/S2A_MSIL2A_20201120T053131_N0500_R105_T43RGN_20230404T230034.npy,site_1550/S5P_OFFL_L2__NO2____20201120.nc,20/11/2020,9.36
3065,site_1550,site_1550/S2A_MSIL2A_20211105T053021_N0500_R105_T43RGN_20230101T122349.npy,site_1550/S5P_OFFL_L2__NO2____20211105.nc,5/11/2021,44.25
3066,site_1550,site_1550/S2A_MSIL2A_20190209T052951_N0500_R105_T43RGN_20221129T025325.npy,site_1550/S5P_OFFL_L2__NO2____20190209.nc,9/02/2019,36.87
3067,site_1550,site_1550/S2B_MSIL2A_20191022T052849_N0500_R105_T43RGN_20230623T031523.npy,site_1550/S5P_RPRO_L2__NO2____20191022.nc,22/10/2019,45.92
3068,site_1550,site_1550/S2A_MSIL2A_20211125T053141_N0500_R105_T43RGN_20221231T174650.npy,site_1550/S5P_RPRO_L2__NO2____20211125.nc,25/11/2021,51.07
3069,site_1550,site_1550/S2B_MSIL2A_20221125T053139_N0400_R105_T43RGN_20221125T070525.npy,site_1550/S5P_OFFL_L2__NO2____20221125.nc,25/11/2022,46.4
3070,site_1550,site_1550/S2A_MSIL2A_20200214T052921_N0500_R105_T43RGN_20230502T020823.npy,site_1550/S5P_RPRO_L2__NO2____20200214.nc,14/02/2020,10.51
3071,site_1550,site_1550/S2B_MSIL2A_20181007T052709_N0500_R105_T43RGN_20230728T211142.npy,site_1550/S5P_RPRO_L2__NO2____20181007.nc,7/10/2018,42.01
3072,site_1550,site_1550/S2B_MSIL2A_20231210T053219_N0509_R105_T43RGN_20231210T080301.npy,site_1550/S5P_OFFL_L2__NO2____20231210.nc,10/12/2023,143.48125
3073,site_1550,site_1550/S2A_MSIL2A_20230529T052651_N0509_R105_T43RGN_20230529T092751.npy,site_1550/S5P_OFFL_L2__NO2____20230529.nc,29/05/2023,10.4125
3074,site_1550,site_1550/S2A_MSIL2A_20210310T052651_N0500_R105_T43RGN_20230531T013421.npy,site_1550/S5P_RPRO_L2__NO2____20210310.nc,10/03/2021,7.87
3075,site_1550,site_1550/S2B_MSIL2A_20230305T052719_N0509_R105_T43RGN_20230305T082058.npy,site_1550/S5P_OFFL_L2__NO2____20230305.nc,5/03/2023,10.21979167
3076,site_1550,site_1550/S2A_MSIL2A_20190331T052651_N0500_R105_T43RGN_20221122T152412.npy,site_1550/S5P_RPRO_L2__NO2____20190331.nc,31/03/2019,20.13
3077,site_1550,site_1550/S2B_MSIL2A_20230223T052829_N0509_R105_T43RGN_20230223T091406.npy,site_1550/S5P_OFFL_L2__NO2____20230223.nc,23/02/2023,16.346875
3078,site_1550,site_1550/S2A_MSIL2A_20221130T053201_N0400_R105_T43RGN_20221130T084354.npy,site_1550/S5P_OFFL_L2__NO2____20221130.nc,30/11/2022,41.2
3079,site_1550,site_1550/S2B_MSIL2A_20200310T052649_N0500_R105_T43RGN_20230620T170530.npy,site_1550/S5P_OFFL_L2__NO2____20200310.nc,10/03/2020,7.38
3080,site_1550,site_1550/S2A_MSIL2A_20181012T052741_N0500_R105_T43RGN_20230709T053423.npy,site_1550/S5P_RPRO_L2__NO2____20181012.nc,12/10/2018,40.62
3081,site_1550,site_1550/S2A_MSIL2A_20230608T052651_N0509_R105_T43RGN_20230608T092459.npy,site_1550/S5P_OFFL_L2__NO2____20230608.nc,8/06/2023,19.6046875
3082,site_1550,site_1550/S2B_MSIL2A_20230414T052649_N0509_R105_T43RGN_20230414T081014.npy,site_1550/S5P_OFFL_L2__NO2____20230414.nc,14/04/2023,31.81111111
3083,site_1550,site_1550/S2B_MSIL2A_20201016T052819_N0500_R105_T43RGN_20230413T162324.npy,site_1550/S5P_RPRO_L2__NO2____20201016.nc,16/10/2020,8.06
3084,site_1550,site_1550/S2A_MSIL2A_20201001T052651_N0500_R105_T43RGN_20230308T051815.npy,site_1550/S5P_RPRO_L2__NO2____20201001.nc,1/10/2020,6.97
3085,site_1550,site_1550/S2B_MSIL2A_20210603T052649_N0500_R105_T43RGN_20230320T155445.npy,site_1550/S5P_OFFL_L2__NO2____20210603.nc,3/06/2021,38.92
3086,site_1550,site_1550/S2A_MSIL2A_20200224T052811_N0500_R105_T43RGN_20230429T105106.npy,site_1550/S5P_OFFL_L2__NO2____20200224.nc,24/02/2020,16.27
3087,site_1550,site_1550/S2B_MSIL2A_20230504T052649_N0509_R105_T43RGN_20230504T081611.npy,site_1550/S5P_OFFL_L2__NO2____20230504.nc,4/05/2023,15.28020833
3088,site_1550,site_1550/S2A_MSIL2A_20220325T052651_N0400_R105_T43RGN_20220325T081540.npy,site_1550/S5P_OFFL_L2__NO2____20220325.nc,25/03/2022,25.98
3089,site_1550,site_1550/S2B_MSIL2A_20230514T052649_N0509_R105_T43RGN_20230514T081203.npy,site_1550/S5P_OFFL_L2__NO2____20230514.nc,14/05/2023,25.96911765
3090,site_1550,site_1550/S2B_MSIL2A_20201006T052709_N0500_R105_T43RGN_20230413T084735.npy,site_1550/S5P_OFFL_L2__NO2____20201006.nc,6/10/2020,7.95
3091,site_1550,site_1550/S2B_MSIL2A_20221215T053229_N0509_R105_T43RGN_20221215T081623.npy,site_1550/S5P_OFFL_L2__NO2____20221215.nc,15/12/2022,30.82
3092,site_1550,site_1550/S2A_MSIL2A_20220514T052651_N0400_R105_T43RGN_20220514T100220.npy,site_1550/S5P_RPRO_L2__NO2____20220514.nc,14/05/2022,19.7
3093,site_1550,site_1550/S2B_MSIL2A_20201115T053109_N0500_R105_T43RGN_20230306T062811.npy,site_1550/S5P_OFFL_L2__NO2____20201115.nc,15/11/2020,8.33
3094,site_1550,site_1550/S2A_MSIL2A_20200424T052651_N0500_R105_T43RGN_20230407T191120.npy,site_1550/S5P_OFFL_L2__NO2____20200424.nc,24/04/2020,8.51
3095,site_1550,site_1550/S2B_MSIL2A_20201215T053229_N0500_R105_T43RGN_20230327T152230.npy,site_1550/S5P_OFFL_L2__NO2____20201215.nc,15/12/2020,7.65
3096,site_1550,site_1550/S2B_MSIL2A_20191012T052739_N0500_R105_T43RGN_20230712T122504.npy,site_1550/S5P_OFFL_L2__NO2____20191012.nc,12/10/2019,44.88
3097,site_1550,site_1550/S2B_MSIL2A_20230603T052649_N0509_R105_T43RGN_20230603T081014.npy,site_1550/S5P_OFFL_L2__NO2____20230603.nc,3/06/2023,15.75789474
3098,site_1550,site_1550/S2A_MSIL2A_20201021T052851_N0500_R105_T43RGN_20230311T172549.npy,site_1550/S5P_RPRO_L2__NO2____20201021.nc,21/10/2020,7.9
3099,site_1550,site_1550/S2B_MSIL2A_20200130T053049_N0500_R105_T43RGN_20230426T123620.npy,site_1550/S5P_OFFL_L2__NO2____20200130.nc,30/01/2020,16.29
3100,site_1550,site_1550/S2A_MSIL2A_20191027T052921_N0500_R105_T43RGN_20230622T135751.npy,site_1550/S5P_OFFL_L2__NO2____20191027.nc,27/10/2019,51.5
3101,site_1550,site_1550/S2A_MSIL2A_20210119T053141_N0500_R105_T43RGN_20230527T172345.npy,site_1550/S5P_OFFL_L2__NO2____20210119.nc,19/01/2021,3.35
3102,site_1550,site_1550/S2A_MSIL2A_20201210T053221_N0500_R105_T43RGN_20230401T064048.npy,site_1550/S5P_RPRO_L2__NO2____20201210.nc,10/12/2020,9.88
3103,site_1550,site_1550/S2B_MSIL2A_20190425T052649_N0500_R105_T43RGN_20221029T055917.npy,site_1550/S5P_RPRO_L2__NO2____20190425.nc,25/04/2019,36.51
3104,site_1550,site_1550/S2B_MSIL2A_20181027T052919_N0500_R105_T43RGN_20230708T004857.npy,site_1550/S5P_RPRO_L2__NO2____20181027.nc,27/10/2018,54.57
3105,site_1550,site_1550/S2B_MSIL2A_20210524T052649_N0500_R105_T43RGN_20230225T211122.npy,site_1550/S5P_RPRO_L2__NO2____20210524.nc,24/05/2021,25.43
3106,site_1550,site_1550/S2B_MSIL2A_20211021T052849_N0500_R105_T43RGN_20230108T061345.npy,site_1550/S5P_OFFL_L2__NO2____20211021.nc,21/10/2021,13.98
3107,site_1550,site_1550/S2B_MSIL2A_20220608T052649_N0400_R105_T43RGN_20220608T092711.npy,site_1550/S5P_OFFL_L2__NO2____20220608.nc,8/06/2022,13.35
3108,site_1550,site_1550/S2B_MSIL2A_20190614T052659_N0500_R105_T43RGN_20230606T102659.npy,site_1550/S5P_RPRO_L2__NO2____20190614.nc,14/06/2019,33.09
3109,site_5257,site_5257/S2B_MSIL2A_20210223T052819_N0500_R105_T43RGN_20230525T105235.npy,site_5257/S5P_OFFL_L2__NO2____20210223.nc,23/02/2021,91.69
3110,site_5257,site_5257/S2A_MSIL2A_20200315T052641_N0500_R105_T43RGN_20230621T205110.npy,site_5257/S5P_OFFL_L2__NO2____20200315.nc,15/03/2020,29.01
3111,site_5257,site_5257/S2A_MSIL2A_20191017T052821_N0500_R105_T43RGN_20230614T181835.npy,site_5257/S5P_RPRO_L2__NO2____20191017.nc,17/10/2019,20.94
3112,site_5257,site_5257/S2A_MSIL2A_20230519T052651_N0509_R105_T43RGN_20230519T092659.npy,site_5257/S5P_OFFL_L2__NO2____20230519.nc,19/05/2023,13.00833333
3113,site_5257,site_5257/S2A_MSIL2A_20200703T052651_N0500_R105_T43RGN_20230611T220145.npy,site_5257/S5P_RPRO_L2__NO2____20200703.nc,3/07/2020,2.96
3114,site_5257,site_5257/S2A_MSIL2A_20200921T052651_N0500_R105_T43RGN_20230315T061457.npy,site_5257/S5P_OFFL_L2__NO2____20200921.nc,21/09/2020,42.71
3115,site_5257,site_5257/S2B_MSIL2A_20201105T053019_N0500_R105_T43RGN_20230303T061054.npy,site_5257/S5P_OFFL_L2__NO2____20201105.nc,5/11/2020,66.14
3116,site_5257,site_5257/S2A_MSIL2A_20201120T053131_N0500_R105_T43RGN_20230404T230034.npy,site_5257/S5P_OFFL_L2__NO2____20201120.nc,20/11/2020,139.51
3117,site_5257,site_5257/S2B_MSIL2A_20230213T052929_N0509_R105_T43RGN_20230213T080453.npy,site_5257/S5P_OFFL_L2__NO2____20230213.nc,13/02/2023,25.23680556
3118,site_5257,site_5257/S2A_MSIL2A_20211105T053021_N0500_R105_T43RGN_20230101T122349.npy,site_5257/S5P_OFFL_L2__NO2____20211105.nc,5/11/2021,65.57
3119,site_5257,site_5257/S2A_MSIL2A_20201130T053201_N0500_R105_T43RGN_20230410T145949.npy,site_5257/S5P_OFFL_L2__NO2____20201130.nc,30/11/2020,178.07
3120,site_5257,site_5257/S2A_MSIL2A_20211125T053141_N0500_R105_T43RGN_20221231T174650.npy,site_5257/S5P_RPRO_L2__NO2____20211125.nc,25/11/2021,90.54
3121,site_5257,site_5257/S2A_MSIL2A_20220613T052701_N0400_R105_T43RGN_20220613T100616.npy,site_5257/S5P_OFFL_L2__NO2____20220613.nc,13/06/2022,39.78
3122,site_5257,site_5257/S2B_MSIL2A_20230404T052649_N0509_R105_T43RGN_20230404T082300.npy,site_5257/S5P_OFFL_L2__NO2____20230404.nc,4/04/2023,30.30208333
3123,site_5257,site_5257/S2B_MSIL2A_20220330T052639_N0400_R105_T43RGN_20220330T084206.npy,site_5257/S5P_OFFL_L2__NO2____20220330.nc,30/03/2022,71.95
3124,site_5257,site_5257/S2B_MSIL2A_20200429T052639_N0500_R105_T43RGN_20230407T130358.npy,site_5257/S5P_OFFL_L2__NO2____20200429.nc,29/04/2020,24.78
3125,site_5257,site_5257/S2A_MSIL2A_20230330T052641_N0509_R105_T43RGN_20230330T093102.npy,site_5257/S5P_OFFL_L2__NO2____20230330.nc,30/03/2023,29.1225
3126,site_5257,site_5257/S2A_MSIL2A_20231125T053141_N0509_R105_T43RGN_20231125T083457.npy,site_5257/S5P_OFFL_L2__NO2____20231125.nc,25/11/2023,43.5875
3127,site_5257,site_5257/S2B_MSIL2A_20221105T053009_N0400_R105_T43RGN_20221105T085717.npy,site_5257/S5P_OFFL_L2__NO2____20221105.nc,5/11/2022,37.63
3128,site_5257,site_5257/S2A_MSIL2A_20200214T052921_N0500_R105_T43RGN_20230502T020823.npy,site_5257/S5P_RPRO_L2__NO2____20200214.nc,14/02/2020,13.36
3129,site_5257,site_5257/S2A_MSIL2A_20230529T052651_N0509_R105_T43RGN_20230529T092751.npy,site_5257/S5P_OFFL_L2__NO2____20230529.nc,29/05/2023,14.6375
3130,site_5257,site_5257/S2B_MSIL2A_20230305T052719_N0509_R105_T43RGN_20230305T082058.npy,site_5257/S5P_OFFL_L2__NO2____20230305.nc,5/03/2023,24.92083333
3131,site_5257,site_5257/S2B_MSIL2A_20191201T053159_N0500_R105_T43RGN_20230614T071442.npy,site_5257/S5P_RPRO_L2__NO2____20191201.nc,1/12/2019,57.99
3132,site_5257,site_5257/S2B_MSIL2A_20211210T053219_N0500_R105_T43RGN_20221224T005215.npy,site_5257/S5P_OFFL_L2__NO2____20211210.nc,10/12/2021,64.58
3133,site_5257,site_5257/S2B_MSIL2A_20211031T052949_N0500_R105_T43RGN_20230116T010011.npy,site_5257/S5P_OFFL_L2__NO2____20211031.nc,31/10/2021,75.32
3134,site_5257,site_5257/S2A_MSIL2A_20221031T052951_N0400_R105_T43RGN_20221031T092457.npy,site_5257/S5P_OFFL_L2__NO2____20221031.nc,31/10/2022,81.57
3135,site_5257,site_5257/S2A_MSIL2A_20201001T052651_N0500_R105_T43RGN_20230308T051815.npy,site_5257/S5P_RPRO_L2__NO2____20201001.nc,1/10/2020,46.7
3136,site_5257,site_5257/S2B_MSIL2A_20210315T052649_N0500_R105_T43RGN_20230528T193246.npy,site_5257/S5P_OFFL_L2__NO2____20210315.nc,15/03/2021,260.87
3137,site_5257,site_5257/S2A_MSIL2A_20200224T052811_N0500_R105_T43RGN_20230429T105106.npy,site_5257/S5P_OFFL_L2__NO2____20200224.nc,24/02/2020,36.92
3138,site_5257,site_5257/S2B_MSIL2A_20230504T052649_N0509_R105_T43RGN_20230504T081611.npy,site_5257/S5P_OFFL_L2__NO2____20230504.nc,4/05/2023,15.5875
3139,site_5257,site_5257/S2B_MSIL2A_20200509T052649_N0500_R105_T43RGN_20230331T115846.npy,site_5257/S5P_RPRO_L2__NO2____20200509.nc,9/05/2020,24.33
3140,site_5257,site_5257/S2B_MSIL2A_20201006T052709_N0500_R105_T43RGN_20230413T084735.npy,site_5257/S5P_RPRO_L2__NO2____20201006.nc,6/10/2020,54.83
3141,site_5257,site_5257/S2B_MSIL2A_20221215T053229_N0509_R105_T43RGN_20221215T081623.npy,site_5257/S5P_OFFL_L2__NO2____20221215.nc,15/12/2022,49.47
3142,site_5257,site_5257/S2A_MSIL2A_20200424T052651_N0500_R105_T43RGN_20230407T191120.npy,site_5257/S5P_OFFL_L2__NO2____20200424.nc,24/04/2020,24.5
3143,site_5257,site_5257/S2B_MSIL2A_20201215T053229_N0500_R105_T43RGN_20230327T152230.npy,site_5257/S5P_RPRO_L2__NO2____20201215.nc,15/12/2020,50.95
3144,site_5257,site_5257/S2A_MSIL2A_20230509T052641_N0509_R105_T43RGN_20230509T092709.npy,site_5257/S5P_OFFL_L2__NO2____20230509.nc,9/05/2023,15.98645833
3145,site_5257,site_5257/S2B_MSIL2A_20200130T053049_N0500_R105_T43RGN_20230426T123620.npy,site_5257/S5P_OFFL_L2__NO2____20200130.nc,30/01/2020,36.87
3146,site_5257,site_5257/S2A_MSIL2A_20210119T053141_N0500_R105_T43RGN_20230527T172345.npy,site_5257/S5P_RPRO_L2__NO2____20210119.nc,19/01/2021,163.83
3147,site_5257,site_5257/S2A_MSIL2A_20201210T053221_N0500_R105_T43RGN_20230401T064048.npy,site_5257/S5P_RPRO_L2__NO2____20201210.nc,10/12/2020,136.65
3148,site_5257,site_5257/S2B_MSIL2A_20221205T053209_N0400_R105_T43RGN_20221205T065506.npy,site_5257/S5P_OFFL_L2__NO2____20221205.nc,5/12/2022,66.49
3149,site_5257,site_5257/S2B_MSIL2A_20211110T053039_N0500_R105_T43RGN_20230104T060153.npy,site_5257/S5P_OFFL_L2__NO2____20211110.nc,10/11/2021,82.63
3150,site_5257,site_5257/S2B_MSIL2A_20210524T052649_N0500_R105_T43RGN_20230225T211122.npy,site_5257/S5P_OFFL_L2__NO2____20210524.nc,24/05/2021,55.32
3151,site_5257,site_5257/S2B_MSIL2A_20210404T052649_N0500_R105_T43RGN_20230512T155004.npy,site_5257/S5P_RPRO_L2__NO2____20210404.nc,4/04/2021,240.12
3152,site_5652,site_5652/S2A_MSIL2A_20231216T050211_N0510_R119_T44QNJ_20231216T081852.npy,site_5652/S5P_OFFL_L2__NO2____20231216.nc,16/12/2023,50.47696429
3153,site_5652,site_5652/S2A_MSIL2A_20231126T050121_N0509_R119_T44QNJ_20231126T080753.npy,site_5652/S5P_OFFL_L2__NO2____20231126.nc,26/11/2023,47.9653125
3154,site_5652,site_5652/S2A_MSIL2A_20230209T045941_N0509_R119_T44QNJ_20230209T085054.npy,site_5652/S5P_OFFL_L2__NO2____20230209.nc,9/02/2023,70.14691176
3155,site_5652,site_5652/S2A_MSIL2A_20230120T050121_N0509_R119_T44QNJ_20230120T075658.npy,site_5652/S5P_OFFL_L2__NO2____20230120.nc,20/01/2023,68.97587121
3156,site_5652,site_5652/S2A_MSIL2A_20221022T045841_N0400_R119_T44QNJ_20221022T091559.npy,site_5652/S5P_OFFL_L2__NO2____20221022.nc,22/10/2022,55.79
3157,site_5652,site_5652/S2A_MSIL2A_20230530T045701_N0509_R119_T44QNJ_20230530T084858.npy,site_5652/S5P_OFFL_L2__NO2____20230530.nc,30/05/2023,38.4825
3158,site_5652,site_5652/S2B_MSIL2A_20231201T050149_N0509_R119_T44QNJ_20231201T072614.npy,site_5652/S5P_OFFL_L2__NO2____20231201.nc,1/12/2023,33.01822917
3159,site_5652,site_5652/S2A_MSIL2A_20230520T045701_N0509_R119_T44QNJ_20230520T085151.npy,site_5652/S5P_OFFL_L2__NO2____20230520.nc,20/05/2023,28.84333333
3160,site_5652,site_5652/S2B_MSIL2A_20230515T045659_N0509_R119_T44QNJ_20230515T074153.npy,site_5652/S5P_OFFL_L2__NO2____20230515.nc,15/05/2023,38.83052083
3161,site_5652,site_5652/S2B_MSIL2A_20231211T050209_N0509_R119_T44QNJ_20231211T072947.npy,site_5652/S5P_OFFL_L2__NO2____20231211.nc,11/12/2023,37.53489583
3162,site_5654,site_5654/S2A_MSIL2A_20231226T050221_N0510_R119_T44QNJ_20231226T081357.npy,site_5654/S5P_OFFL_L2__NO2____20231226.nc,26/12/2023,29.94690972
3163,site_5654,site_5654/S2B_MSIL2A_20230525T045659_N0509_R119_T44QNJ_20230525T072059.npy,site_5654/S5P_OFFL_L2__NO2____20230525.nc,25/05/2023,50.7296875
3164,site_5654,site_5654/S2A_MSIL2A_20231216T050211_N0510_R119_T44QNJ_20231216T081852.npy,site_5654/S5P_OFFL_L2__NO2____20231216.nc,16/12/2023,29.16614583
3165,site_5654,site_5654/S2B_MSIL2A_20230326T045659_N0509_R119_T44QNJ_20230326T073813.npy,site_5654/S5P_OFFL_L2__NO2____20230326.nc,26/03/2023,31.06052083
3166,site_5654,site_5654/S2B_MSIL2A_20221027T045909_N0400_R119_T44QNJ_20221027T073901.npy,site_5654/S5P_OFFL_L2__NO2____20221027.nc,27/10/2022,11
3167,site_5654,site_5654/S2A_MSIL2A_20230120T050121_N0509_R119_T44QNJ_20230120T075658.npy,site_5654/S5P_OFFL_L2__NO2____20230120.nc,20/01/2023,38.73927536
3168,site_5654,site_5654/S2A_MSIL2A_20230530T045701_N0509_R119_T44QNJ_20230530T084858.npy,site_5654/S5P_OFFL_L2__NO2____20230530.nc,30/05/2023,45.16696078
3169,site_5654,site_5654/S2B_MSIL2A_20231201T050149_N0509_R119_T44QNJ_20231201T072614.npy,site_5654/S5P_OFFL_L2__NO2____20231201.nc,1/12/2023,24.64916667
3170,site_5654,site_5654/S2B_MSIL2A_20230115T050139_N0509_R119_T44QNJ_20230115T071805.npy,site_5654/S5P_OFFL_L2__NO2____20230115.nc,15/01/2023,36.21947917
3171,site_5654,site_5654/S2B_MSIL2A_20230515T045659_N0509_R119_T44QNJ_20230515T074153.npy,site_5654/S5P_OFFL_L2__NO2____20230515.nc,15/05/2023,55.92725694
3172,site_5654,site_5654/S2A_MSIL2A_20230219T045841_N0509_R119_T44QNJ_20230219T095153.npy,site_5654/S5P_OFFL_L2__NO2____20230219.nc,19/02/2023,65.27895833
3173,site_5674,site_5674/S2A_MSIL2A_20230107T045201_N0509_R076_T45QUE_20230107T080757.npy,site_5674/S5P_OFFL_L2__NO2____20230107.nc,7/01/2023,37.95270833
3174,site_5674,site_5674/S2B_MSIL2A_20230412T044659_N0509_R076_T45QUE_20230412T070551.npy,site_5674/S5P_OFFL_L2__NO2____20230412.nc,12/04/2023,24.5434375
3175,site_5674,site_5674/S2A_MSIL2A_20230407T044701_N0509_R076_T45QUE_20230407T094754.npy,site_5674/S5P_OFFL_L2__NO2____20230407.nc,7/04/2023,38.12510417
3176,site_5674,site_5674/S2B_MSIL2A_20230522T044709_N0509_R076_T45QUE_20230522T071705.npy,site_5674/S5P_OFFL_L2__NO2____20230522.nc,22/05/2023,23.07572917
3177,site_5674,site_5674/S2A_MSIL2A_20221218T045211_N0509_R076_T45QUE_20221218T085451.npy,site_5674/S5P_OFFL_L2__NO2____20221218.nc,18/12/2022,47.59
3178,site_5674,site_5674/S2A_MSIL2A_20230226T044741_N0509_R076_T45QUE_20230226T074857.npy,site_5674/S5P_OFFL_L2__NO2____20230226.nc,26/02/2023,40.1778125
3179,site_5671,site_5671/S2A_MSIL2A_20231123T045111_N0509_R076_T45QUE_20231123T075650.npy,site_5671/S5P_OFFL_L2__NO2____20231123.nc,23/11/2023,47.24
3180,site_5671,site_5671/S2B_MSIL2A_20230211T044929_N0509_R076_T45QUE_20230211T070423.npy,site_5671/S5P_OFFL_L2__NO2____20230211.nc,11/02/2023,41.1696875
3181,site_5671,site_5671/S2A_MSIL2A_20221218T045211_N0509_R076_T45QUE_20221218T085451.npy,site_5671/S5P_OFFL_L2__NO2____20221218.nc,18/12/2022,11.21
3182,site_5671,site_5671/S2B_MSIL2A_20230112T045139_N0509_R076_T45QUE_20230112T072204.npy,site_5671/S5P_OFFL_L2__NO2____20230112.nc,12/01/2023,43.40083333
3183,site_5671,site_5671/S2A_MSIL2A_20221228T045211_N0509_R076_T45QUE_20221228T075958.npy,site_5671/S5P_OFFL_L2__NO2____20221228.nc,28/12/2022,12.65
3184,site_5671,site_5671/S2A_MSIL2A_20230127T045051_N0509_R076_T45QUE_20230127T074649.npy,site_5671/S5P_OFFL_L2__NO2____20230127.nc,27/01/2023,63.39322917
3185,site_5476,site_5476/S2A_MSIL2A_20230410T045701_N0509_R119_T45RTK_20230410T083556.npy,site_5476/S5P_OFFL_L2__NO2____20230410.nc,10/04/2023,35.20869565
3186,site_5476,site_5476/S2A_MSIL2A_20230510T045701_N0509_R119_T45RTK_20230510T084658.npy,site_5476/S5P_OFFL_L2__NO2____20230510.nc,10/05/2023,30.10694444
3187,site_5476,site_5476/S2A_MSIL2A_20231126T050121_N0509_R119_T45RTK_20231126T080753.npy,site_5476/S5P_OFFL_L2__NO2____20231126.nc,26/11/2023,19.91041667
3188,site_5476,site_5476/S2B_MSIL2A_20230515T045659_N0509_R119_T45RTK_20230515T073732.npy,site_5476/S5P_OFFL_L2__NO2____20230515.nc,15/05/2023,16.62222222
3189,site_5476,site_5476/S2A_MSIL2A_20230209T045941_N0509_R119_T45RTK_20230209T085054.npy,site_5476/S5P_OFFL_L2__NO2____20230209.nc,9/02/2023,64.08611111
3190,site_5476,site_5476/S2B_MSIL2A_20221206T050159_N0400_R119_T45RTK_20221206T063740.npy,site_5476/S5P_OFFL_L2__NO2____20221206.nc,6/12/2022,20.84
3191,site_5476,site_5476/S2A_MSIL2A_20211206T050201_N0500_R119_T45RTK_20221227T081526.npy,site_5476/S5P_OFFL_L2__NO2____20211206.nc,6/12/2021,68.64
3192,site_5476,site_5476/S2A_MSIL2A_20221201T050151_N0400_R119_T45RTK_20221201T090755.npy,site_5476/S5P_OFFL_L2__NO2____20221201.nc,1/12/2022,24.35
3193,site_5476,site_5476/S2B_MSIL2A_20211211T050209_N0500_R119_T45RTK_20221228T193743.npy,site_5476/S5P_RPRO_L2__NO2____20211211.nc,11/12/2021,96.38
3194,site_5476,site_5476/S2B_MSIL2A_20230214T045909_N0509_R119_T45RTK_20230214T073351.npy,site_5476/S5P_OFFL_L2__NO2____20230214.nc,14/02/2023,72.50871212
3195,site_5476,site_5476/S2A_MSIL2A_20220316T045701_N0400_R119_T45RTK_20220316T081712.npy,site_5476/S5P_OFFL_L2__NO2____20220316.nc,16/03/2022,34.31
3196,site_5476,site_5476/S2B_MSIL2A_20230306T045659_N0509_R119_T45RTK_20230306T075519.npy,site_5476/S5P_OFFL_L2__NO2____20230306.nc,6/03/2023,63.50625
3197,site_5478,site_5478/S2A_MSIL2A_20230410T045701_N0509_R119_T45RTK_20230410T083556.npy,site_5478/S5P_OFFL_L2__NO2____20230410.nc,10/04/2023,16.31284722
3198,site_5478,site_5478/S2A_MSIL2A_20220405T045701_N0400_R119_T45RTK_20220405T081818.npy,site_5478/S5P_RPRO_L2__NO2____20220405.nc,5/04/2022,63.94
3199,site_5478,site_5478/S2B_MSIL2A_20220420T045649_N0400_R119_T45RTK_20220420T073729.npy,site_5478/S5P_OFFL_L2__NO2____20220420.nc,20/04/2022,66.45
3200,site_5478,site_5478/S2A_MSIL2A_20231116T050051_N0509_R119_T45RTK_20231116T085903.npy,site_5478/S5P_OFFL_L2__NO2____20231116.nc,16/11/2023,75.19895833
3201,site_5478,site_5478/S2A_MSIL2A_20211206T050201_N0500_R119_T45RTK_20221227T081526.npy,site_5478/S5P_RPRO_L2__NO2____20211206.nc,6/12/2021,19.07
3202,site_5478,site_5478/S2A_MSIL2A_20221201T050151_N0400_R119_T45RTK_20221201T090755.npy,site_5478/S5P_OFFL_L2__NO2____20221201.nc,1/12/2022,49.81
3203,site_5478,site_5478/S2A_MSIL2A_20230530T045701_N0509_R119_T45RTK_20230530T084858.npy,site_5478/S5P_OFFL_L2__NO2____20230530.nc,30/05/2023,49.23506944
3204,site_5478,site_5478/S2B_MSIL2A_20221116T050049_N0400_R119_T45RTK_20221116T072248.npy,site_5478/S5P_OFFL_L2__NO2____20221116.nc,16/11/2022,45.82
3205,site_5478,site_5478/S2B_MSIL2A_20230214T045909_N0509_R119_T45RTK_20230214T073351.npy,site_5478/S5P_OFFL_L2__NO2____20230214.nc,14/02/2023,59.94861111
3206,site_5478,site_5478/S2A_MSIL2A_20220316T045701_N0400_R119_T45RTK_20220316T081712.npy,site_5478/S5P_OFFL_L2__NO2____20220316.nc,16/03/2022,55.3
3207,site_5478,site_5478/S2B_MSIL2A_20230306T045659_N0509_R119_T45RTK_20230306T075519.npy,site_5478/S5P_OFFL_L2__NO2____20230306.nc,6/03/2023,70.31111111
3208,site_5552,site_5552/S2A_MSIL2A_20221029T044921_N0400_R076_T45RUJ_20221029T083959.npy,site_5552/S5P_OFFL_L2__NO2____20221029.nc,29/10/2022,37.16
3209,site_5552,site_5552/S2B_MSIL2A_20230323T044659_N0509_R076_T45RUJ_20230323T085641.npy,site_5552/S5P_OFFL_L2__NO2____20230323.nc,23/03/2023,3.804513889
3210,site_5552,site_5552/S2B_MSIL2A_20230611T044709_N0509_R076_T45RUJ_20230611T070813.npy,site_5552/S5P_OFFL_L2__NO2____20230611.nc,11/06/2023,26.91354167
3211,site_5552,site_5552/S2B_MSIL2A_20221113T045039_N0400_R076_T45RUJ_20221113T172819.npy,site_5552/S5P_OFFL_L2__NO2____20221113.nc,13/11/2022,52.07
3212,site_5552,site_5552/S2A_MSIL2A_20230407T044701_N0509_R076_T45RUJ_20230407T094754.npy,site_5552/S5P_OFFL_L2__NO2____20230407.nc,7/04/2023,4.231597222
3213,site_5552,site_5552/S2B_MSIL2A_20230313T044709_N0509_R076_T45RUJ_20230313T222825.npy,site_5552/S5P_OFFL_L2__NO2____20230313.nc,13/03/2023,63.42692308
3214,site_5552,site_5552/S2B_MSIL2A_20231118T045059_N0509_R076_T45RUJ_20231118T064251.npy,site_5552/S5P_OFFL_L2__NO2____20231118.nc,18/11/2023,3.790625
3215,site_5552,site_5552/S2A_MSIL2A_20221019T044811_N0400_R076_T45RUJ_20221019T090201.npy,site_5552/S5P_OFFL_L2__NO2____20221019.nc,19/10/2022,33.39
3216,site_5552,site_5552/S2A_MSIL2A_20230328T044701_N0509_R076_T45RUJ_20230328T080753.npy,site_5552/S5P_OFFL_L2__NO2____20230328.nc,28/03/2023,5.58219697
3217,site_5552,site_5552/S2B_MSIL2A_20221203T045149_N0400_R076_T45RUJ_20221203T063117.npy,site_5552/S5P_OFFL_L2__NO2____20221203.nc,3/12/2022,44.77
3218,site_5552,site_5552/S2B_MSIL2A_20220507T044659_N0400_R076_T45RUJ_20220507T074936.npy,site_5552/S5P_OFFL_L2__NO2____20220507.nc,7/05/2022,42.07
3219,site_5552,site_5552/S2A_MSIL2A_20230206T045001_N0509_R076_T45RUJ_20230206T082352.npy,site_5552/S5P_OFFL_L2__NO2____20230206.nc,6/02/2023,42.60763889
3220,site_5552,site_5552/S2B_MSIL2A_20231228T045219_N0510_R076_T45RUJ_20231228T063654.npy,site_5552/S5P_OFFL_L2__NO2____20231228.nc,28/12/2023,3.558333333
3221,site_5263,site_5263/S2A_MSIL2A_20210331T045651_N0500_R119_T45RUJ_20230528T201233.npy,site_5263/S5P_OFFL_L2__NO2____20210331.nc,31/03/2021,49.3
3222,site_5263,site_5263/S2A_MSIL2A_20221029T044921_N0400_R076_T45RUJ_20221029T083959.npy,site_5263/S5P_OFFL_L2__NO2____20221029.nc,29/10/2022,18.22
3223,site_5263,site_5263/S2B_MSIL2A_20200527T044659_N0500_R076_T45RUJ_20230502T043051.npy,site_5263/S5P_OFFL_L2__NO2____20200527.nc,27/05/2020,12.81
3224,site_5263,site_5263/S2B_MSIL2A_20230611T044709_N0509_R076_T45RUJ_20230611T070813.npy,site_5263/S5P_OFFL_L2__NO2____20230611.nc,11/06/2023,29.81048611
3225,site_5263,site_5263/S2B_MSIL2A_20221113T045039_N0400_R076_T45RUJ_20221113T172819.npy,site_5263/S5P_OFFL_L2__NO2____20221113.nc,13/11/2022,7.68
3226,site_5263,site_5263/S2B_MSIL2A_20201226T050219_N0500_R119_T45RUJ_20230402T190909.npy,site_5263/S5P_OFFL_L2__NO2____20201226.nc,26/12/2020,68.88
3227,site_5263,site_5263/S2A_MSIL2A_20200422T044701_N0500_R076_T45RUJ_20230407T071427.npy,site_5263/S5P_RPRO_L2__NO2____20200422.nc,22/04/2020,24.78
3228,site_5263,site_5263/S2A_MSIL2A_20231216T050211_N0510_R119_T45RUJ_20231216T081852.npy,site_5263/S5P_OFFL_L2__NO2____20231216.nc,16/12/2023,27.40546875
3229,site_5263,site_5263/S2B_MSIL2A_20211208T045159_N0500_R076_T45RUJ_20221227T170435.npy,site_5263/S5P_RPRO_L2__NO2____20211208.nc,8/12/2021,8.29
3230,site_5263,site_5263/S2B_MSIL2A_20200131T050029_N0500_R119_T45RUJ_20230602T015054.npy,site_5263/S5P_RPRO_L2__NO2____20200131.nc,31/01/2020,20.59
3231,site_5263,site_5263/S2B_MSIL2A_20200217T044849_N0500_R076_T45RUJ_20230427T054428.npy,site_5263/S5P_RPRO_L2__NO2____20200217.nc,17/02/2020,25.77
3232,site_5263,site_5263/S2A_MSIL2A_20230407T044701_N0509_R076_T45RUJ_20230407T094754.npy,site_5263/S5P_OFFL_L2__NO2____20230407.nc,7/04/2023,63.24033333
3233,site_5263,site_5263/S2B_MSIL2A_20230512T044659_N0509_R076_T45RUJ_20230512T075750.npy,site_5263/S5P_OFFL_L2__NO2____20230512.nc,12/05/2023,175.7129167
3234,site_5263,site_5263/S2A_MSIL2A_20220303T044711_N0400_R076_T45RUJ_20220303T074653.npy,site_5263/S5P_RPRO_L2__NO2____20220303.nc,3/03/2022,18.45
3235,site_5263,site_5263/S2B_MSIL2A_20221206T050159_N0400_R119_T45RUJ_20221206T063740.npy,site_5263/S5P_OFFL_L2__NO2____20221206.nc,6/12/2022,14.56
3236,site_5263,site_5263/S2A_MSIL2A_20231226T050221_N0510_R119_T45RUJ_20231226T081357.npy,site_5263/S5P_OFFL_L2__NO2____20231226.nc,26/12/2023,19.69565972
3237,site_5263,site_5263/S2B_MSIL2A_20211108T045009_N0500_R076_T45RUJ_20230108T104047.npy,site_5263/S5P_OFFL_L2__NO2____20211108.nc,8/11/2021,20.93
3238,site_5263,site_5263/S2A_MSIL2A_20211206T050201_N0500_R119_T45RUJ_20221227T081526.npy,site_5263/S5P_RPRO_L2__NO2____20211206.nc,6/12/2021,9.64
3239,site_5263,site_5263/S2B_MSIL2A_20220420T045649_N0400_R119_T45RUJ_20220420T073729.npy,site_5263/S5P_OFFL_L2__NO2____20220420.nc,20/04/2022,37.95
3240,site_5263,site_5263/S2A_MSIL2A_20201101T045941_N0500_R119_T45RUJ_20230302T155018.npy,site_5263/S5P_RPRO_L2__NO2____20201101.nc,1/11/2020,29.85
3241,site_5263,site_5263/S2A_MSIL2A_20211027T045911_N0500_R119_T45RUJ_20230111T130331.npy,site_5263/S5P_RPRO_L2__NO2____20211027.nc,27/10/2021,23.87
3242,site_5263,site_5263/S2A_MSIL2A_20221019T044811_N0400_R076_T45RUJ_20221019T090201.npy,site_5263/S5P_OFFL_L2__NO2____20221019.nc,19/10/2022,9.51
3243,site_5263,site_5263/S2B_MSIL2A_20230425T045659_N0509_R119_T45RUJ_20230425T073708.npy,site_5263/S5P_OFFL_L2__NO2____20230425.nc,25/04/2023,123.6686594
3244,site_5263,site_5263/S2A_MSIL2A_20221218T045211_N0509_R076_T45RUJ_20221218T085451.npy,site_5263/S5P_OFFL_L2__NO2____20221218.nc,18/12/2022,5.48
3245,site_5263,site_5263/S2A_MSIL2A_20210328T044701_N0500_R076_T45RUJ_20230522T222201.npy,site_5263/S5P_OFFL_L2__NO2____20210328.nc,28/03/2021,54.52
3246,site_5263,site_5263/S2B_MSIL2A_20211111T050029_N0500_R119_T45RUJ_20230101T033939.npy,site_5263/S5P_OFFL_L2__NO2____20211111.nc,11/11/2021,15.6
3247,site_5263,site_5263/S2B_MSIL2A_20230214T045909_N0509_R119_T45RUJ_20230214T073351.npy,site_5263/S5P_OFFL_L2__NO2____20230214.nc,14/02/2023,12.40385417
3248,site_5263,site_5263/S2B_MSIL2A_20221203T045149_N0400_R076_T45RUJ_20221203T063117.npy,site_5263/S5P_OFFL_L2__NO2____20221203.nc,3/12/2022,17.68
3249,site_5263,site_5263/S2A_MSIL2A_20200326T045651_N0500_R119_T45RUJ_20230602T060004.npy,site_5263/S5P_RPRO_L2__NO2____20200326.nc,26/03/2020,26.64
3250,site_5263,site_5263/S2A_MSIL2A_20230219T045841_N0509_R119_T45RUJ_20230219T095153.npy,site_5263/S5P_OFFL_L2__NO2____20230219.nc,19/02/2023,12.79666667
3251,site_5263,site_5263/S2A_MSIL2A_20230209T045941_N0509_R119_T45RUJ_20230209T085054.npy,site_5263/S5P_OFFL_L2__NO2____20230209.nc,9/02/2023,10.25809028
3252,site_5263,site_5263/S2B_MSIL2A_20201223T045219_N0500_R076_T45RUJ_20230402T215158.npy,site_5263/S5P_OFFL_L2__NO2____20201223.nc,23/12/2020,73.08
3253,site_5263,site_5263/S2B_MSIL2A_20210224T045759_N0500_R119_T45RUJ_20230603T034756.npy,site_5263/S5P_RPRO_L2__NO2____20210224.nc,24/02/2021,133.13
3254,site_5263,site_5263/S2B_MSIL2A_20220507T044659_N0400_R076_T45RUJ_20220507T074936.npy,site_5263/S5P_OFFL_L2__NO2____20220507.nc,7/05/2022,43.33
3255,site_5263,site_5263/S2A_MSIL2A_20230410T045701_N0509_R119_T45RUJ_20230410T083556.npy,site_5263/S5P_OFFL_L2__NO2____20230410.nc,10/04/2023,17.820625
3256,site_5263,site_5263/S2B_MSIL2A_20220427T044649_N0400_R076_T45RUJ_20220427T082636.npy,site_5263/S5P_OFFL_L2__NO2____20220427.nc,27/04/2022,40.06
3257,site_5263,site_5263/S2B_MSIL2A_20230306T045659_N0509_R119_T45RUJ_20230306T075519.npy,site_5263/S5P_OFFL_L2__NO2____20230306.nc,6/03/2023,9.785375
3258,site_5263,site_5263/S2A_MSIL2A_20211113T045041_N0500_R076_T45RUJ_20221230T081918.npy,site_5263/S5P_OFFL_L2__NO2____20211113.nc,13/11/2021,18.15
3259,site_5263,site_5263/S2A_MSIL2A_20210107T045201_N0500_R076_T45RUJ_20230407T041818.npy,site_5263/S5P_OFFL_L2__NO2____20210107.nc,7/01/2021,54.29
3260,site_5263,site_5263/S2B_MSIL2A_20230601T044659_N0509_R076_T45RUJ_20230601T081433.npy,site_5263/S5P_OFFL_L2__NO2____20230601.nc,1/06/2023,65.07756944
3261,site_5263,site_5263/S2A_MSIL2A_20230420T045701_N0509_R119_T45RUJ_20230420T094902.npy,site_5263/S5P_OFFL_L2__NO2____20230420.nc,20/04/2023,72.57385417
3262,site_5263,site_5263/S2A_MSIL2A_20210308T044701_N0500_R076_T45RUJ_20230606T164703.npy,site_5263/S5P_OFFL_L2__NO2____20210308.nc,8/03/2021,122.86
3263,site_5263,site_5263/S2B_MSIL2A_20200128T045039_N0500_R076_T45RUJ_20230630T200452.npy,site_5263/S5P_RPRO_L2__NO2____20200128.nc,28/01/2020,25.4
3264,site_5263,site_5263/S2B_MSIL2A_20211101T045939_N0500_R119_T45RUJ_20230105T004356.npy,site_5263/S5P_RPRO_L2__NO2____20211101.nc,1/11/2021,73.33
3265,site_5263,site_5263/S2B_MSIL2A_20221007T045659_N0400_R119_T45RUJ_20221007T072900.npy,site_5263/S5P_OFFL_L2__NO2____20221007.nc,7/10/2022,2.64
3266,site_5263,site_5263/S2B_MSIL2A_20200210T045939_N0500_R119_T45RUJ_20230616T122206.npy,site_5263/S5P_RPRO_L2__NO2____20200210.nc,10/02/2020,36.27
3267,site_5263,site_5263/S2B_MSIL2A_20210221T044819_N0500_R076_T45RUJ_20230521T050646.npy,site_5263/S5P_RPRO_L2__NO2____20210221.nc,21/02/2021,110.64
3268,site_5263,site_5263/S2A_MSIL2A_20210606T044701_N0500_R076_T45RUJ_20230313T203250.npy,site_5263/S5P_OFFL_L2__NO2____20210606.nc,6/06/2021,17.97
3269,site_5263,site_5263/S2B_MSIL2A_20210402T044659_N0500_R076_T45RUJ_20230511T202041.npy,site_5263/S5P_OFFL_L2__NO2____20210402.nc,2/04/2021,2.7
3270,site_5263,site_5263/S2A_MSIL2A_20201029T044921_N0500_R076_T45RUJ_20230308T081011.npy,site_5263/S5P_OFFL_L2__NO2____20201029.nc,29/10/2020,33.35
3271,site_5263,site_5263/S2B_MSIL2A_20210112T045139_N0500_R076_T45RUJ_20230602T165025.npy,site_5263/S5P_RPRO_L2__NO2____20210112.nc,12/01/2021,64.62
3272,site_5263,site_5263/S2A_MSIL2A_20231126T050121_N0509_R119_T45RUJ_20231126T080753.npy,site_5263/S5P_OFFL_L2__NO2____20231126.nc,26/11/2023,27.48673611
3273,site_5263,site_5263/S2B_MSIL2A_20220417T044659_N0400_R076_T45RUJ_20220417T080610.npy,site_5263/S5P_OFFL_L2__NO2____20220417.nc,17/04/2022,44.32
3274,site_5263,site_5263/S2B_MSIL2A_20230515T045659_N0509_R119_T45RUJ_20230515T073732.npy,site_5263/S5P_OFFL_L2__NO2____20230515.nc,15/05/2023,83.96760417
3275,site_5263,site_5263/S2A_MSIL2A_20211106T050011_N0500_R119_T45RUJ_20230102T171911.npy,site_5263/S5P_RPRO_L2__NO2____20211106.nc,6/11/2021,16.39
3276,site_5263,site_5263/S2B_MSIL2A_20201203T045149_N0500_R076_T45RUJ_20230225T220721.npy,site_5263/S5P_OFFL_L2__NO2____20201203.nc,3/12/2020,81.59
3277,site_5263,site_5263/S2A_MSIL2A_20230301T045721_N0509_R119_T45RUJ_20230301T090658.npy,site_5263/S5P_OFFL_L2__NO2____20230301.nc,1/03/2023,12.71086806
3278,site_5263,site_5263/S2B_MSIL2A_20220130T050029_N0400_R119_T45RUJ_20220130T074613.npy,site_5263/S5P_OFFL_L2__NO2____20220130.nc,30/01/2022,19.33
3279,site_5263,site_5263/S2A_MSIL2A_20220405T045701_N0400_R119_T45RUJ_20220405T081818.npy,site_5263/S5P_RPRO_L2__NO2____20220405.nc,5/04/2022,47.99
3280,site_5263,site_5263/S2A_MSIL2A_20200405T045651_N0500_R119_T45RUJ_20230424T020522.npy,site_5263/S5P_RPRO_L2__NO2____20200405.nc,5/04/2020,21.14
3281,site_5263,site_5263/S2A_MSIL2A_20231116T050051_N0509_R119_T45RUJ_20231116T085903.npy,site_5263/S5P_OFFL_L2__NO2____20231116.nc,16/11/2023,34.70887681
3282,site_5263,site_5263/S2B_MSIL2A_20210316T045659_N0500_R119_T45RUJ_20230528T210942.npy,site_5263/S5P_RPRO_L2__NO2____20210316.nc,16/03/2021,49.23
3283,site_5263,site_5263/S2B_MSIL2A_20211022T045839_N0500_R119_T45RUJ_20230109T181640.npy,site_5263/S5P_OFFL_L2__NO2____20211022.nc,22/10/2021,11.12
3284,site_157,site_157/S2A_MSIL2A_20221029T044921_N0400_R076_T45RUJ_20221029T083959.npy,site_157/S5P_OFFL_L2__NO2____20221029.nc,29/10/2022,77.54
3285,site_157,site_157/S2B_MSIL2A_20180508T044659_N0500_R076_T45RUJ_20230718T140010.npy,site_157/S5P_RPRO_L2__NO2____20180508.nc,8/05/2018,85.31
3286,site_157,site_157/S2B_MSIL2A_20230611T044709_N0509_R076_T45RUJ_20230611T070813.npy,site_157/S5P_OFFL_L2__NO2____20230611.nc,11/06/2023,47.74444444
3287,site_157,site_157/S2B_MSIL2A_20201226T050219_N0500_R119_T45RUJ_20230402T190909.npy,site_157/S5P_OFFL_L2__NO2____20201226.nc,26/12/2020,96.95
3288,site_157,site_157/S2A_MSIL2A_20231216T050211_N0510_R119_T45RUJ_20231216T081852.npy,site_157/S5P_OFFL_L2__NO2____20231216.nc,16/12/2023,7.447916667
3289,site_157,site_157/S2B_MSIL2A_20211208T045159_N0500_R076_T45RUJ_20221227T170435.npy,site_157/S5P_OFFL_L2__NO2____20211208.nc,8/12/2021,111.72
3290,site_157,site_157/S2B_MSIL2A_20200131T050029_N0500_R119_T45RUJ_20230602T015054.npy,site_157/S5P_RPRO_L2__NO2____20200131.nc,31/01/2020,7.4
3291,site_157,site_157/S2A_MSIL2A_20230407T044701_N0509_R076_T45RUJ_20230407T094754.npy,site_157/S5P_OFFL_L2__NO2____20230407.nc,7/04/2023,59.45590278
3292,site_157,site_157/S2A_MSIL2A_20190428T044701_N0500_R076_T45RUJ_20221020T023814.npy,site_157/S5P_RPRO_L2__NO2____20190428.nc,28/04/2019,25.73
3293,site_157,site_157/S2A_MSIL2A_20220303T044711_N0400_R076_T45RUJ_20220303T074653.npy,site_157/S5P_OFFL_L2__NO2____20220303.nc,3/03/2022,131.85
3294,site_157,site_157/S2A_MSIL2A_20190101T050211_N0500_R119_T45RUJ_20221204T073219.npy,site_157/S5P_OFFL_L2__NO2____20190101.nc,1/01/2019,20.3
3295,site_157,site_157/S2B_MSIL2A_20221206T050159_N0400_R119_T45RUJ_20221206T063740.npy,site_157/S5P_OFFL_L2__NO2____20221206.nc,6/12/2022,99.09
3296,site_157,site_157/S2A_MSIL2A_20231226T050221_N0510_R119_T45RUJ_20231226T081357.npy,site_157/S5P_OFFL_L2__NO2____20231226.nc,26/12/2023,7.319444444
3297,site_157,site_157/S2A_MSIL2A_20230117T045131_N0509_R076_T45RUJ_20230117T074859.npy,site_157/S5P_OFFL_L2__NO2____20230117.nc,17/01/2023,72.03159722
3298,site_157,site_157/S2A_MSIL2A_20191217T050211_N0500_R119_T45RUJ_20230807T014155.npy,site_157/S5P_OFFL_L2__NO2____20191217.nc,17/12/2019,8.97
3299,site_157,site_157/S2A_MSIL2A_20180506T045701_N0500_R119_T45RUJ_20230905T014208.npy,site_157/S5P_RPRO_L2__NO2____20180506.nc,6/05/2018,75.57
3300,site_157,site_157/S2A_MSIL2A_20190421T045701_N0500_R119_T45RUJ_20221031T012320.npy,site_157/S5P_RPRO_L2__NO2____20190421.nc,21/04/2019,149.47
3301,site_157,site_157/S2A_MSIL2A_20210417T044651_N0500_R076_T45RUJ_20230512T094717.npy,site_157/S5P_RPRO_L2__NO2____20210417.nc,17/04/2021,61.58
3302,site_157,site_157/S2A_MSIL2A_20181102T045941_N0500_R119_T45RUJ_20230902T065426.npy,site_157/S5P_OFFL_L2__NO2____20181102.nc,2/11/2018,15.16
3303,site_157,site_157/S2A_MSIL2A_20221019T044811_N0400_R076_T45RUJ_20221019T090201.npy,site_157/S5P_OFFL_L2__NO2____20221019.nc,19/10/2022,60.67
3304,site_157,site_157/S2B_MSIL2A_20211128T045129_N0500_R076_T45RUJ_20230103T000739.npy,site_157/S5P_RPRO_L2__NO2____20211128.nc,28/11/2021,125.36
3305,site_157,site_157/S2A_MSIL2A_20190319T044701_N0500_R076_T45RUJ_20221122T122108.npy,site_157/S5P_OFFL_L2__NO2____20190319.nc,19/03/2019,118.56
3306,site_157,site_157/S2B_MSIL2A_20230425T045659_N0509_R119_T45RUJ_20230425T073708.npy,site_157/S5P_OFFL_L2__NO2____20230425.nc,25/04/2023,61.31174242
3307,site_157,site_157/S2B_MSIL2A_20230604T045659_N0509_R119_T45RUJ_20230604T074419.npy,site_157/S5P_OFFL_L2__NO2____20230604.nc,4/06/2023,59.29618056
3308,site_157,site_157/S2A_MSIL2A_20221218T045211_N0509_R076_T45RUJ_20221218T085451.npy,site_157/S5P_OFFL_L2__NO2____20221218.nc,18/12/2022,285.21
3309,site_157,site_157/S2A_MSIL2A_20210328T044701_N0500_R076_T45RUJ_20230522T222201.npy,site_157/S5P_OFFL_L2__NO2____20210328.nc,28/03/2021,99.89
3310,site_157,site_157/S2B_MSIL2A_20221123T045119_N0400_R076_T45RUJ_20221123T062924.npy,site_157/S5P_OFFL_L2__NO2____20221123.nc,23/11/2022,99.46
3311,site_157,site_157/S2B_MSIL2A_20230214T045909_N0509_R119_T45RUJ_20230214T073351.npy,site_157/S5P_OFFL_L2__NO2____20230214.nc,14/02/2023,68.85034722
3312,site_157,site_157/S2B_MSIL2A_20221106T045959_N0400_R119_T45RUJ_20221106T072652.npy,site_157/S5P_OFFL_L2__NO2____20221106.nc,6/11/2022,98.56
3313,site_157,site_157/S2A_MSIL2A_20181109T045011_N0500_R076_T45RUJ_20230814T050324.npy,site_157/S5P_RPRO_L2__NO2____20181109.nc,9/11/2018,12.2
3314,site_157,site_157/S2A_MSIL2A_20230510T045701_N0509_R119_T45RUJ_20230510T084658.npy,site_157/S5P_OFFL_L2__NO2____20230510.nc,10/05/2023,61.78229167
3315,site_157,site_157/S2B_MSIL2A_20230326T045659_N0509_R119_T45RUJ_20230326T073813.npy,site_157/S5P_OFFL_L2__NO2____20230326.nc,26/03/2023,56.27738095
3316,site_157,site_157/S2A_MSIL2A_20210410T045651_N0500_R119_T45RUJ_20230516T074644.npy,site_157/S5P_RPRO_L2__NO2____20210410.nc,10/04/2021,85.29
3317,site_157,site_157/S2A_MSIL2A_20230219T045841_N0509_R119_T45RUJ_20230219T095153.npy,site_157/S5P_OFFL_L2__NO2____20230219.nc,19/02/2023,67.81354167
3318,site_157,site_157/S2A_MSIL2A_20230209T045941_N0509_R119_T45RUJ_20230209T085054.npy,site_157/S5P_OFFL_L2__NO2____20230209.nc,9/02/2023,68.63263889
3319,site_157,site_157/S2B_MSIL2A_20201223T045219_N0500_R076_T45RUJ_20230402T215158.npy,site_157/S5P_OFFL_L2__NO2____20201223.nc,23/12/2020,99.92
3320,site_157,site_157/S2B_MSIL2A_20210224T045759_N0500_R119_T45RUJ_20230603T034756.npy,site_157/S5P_RPRO_L2__NO2____20210224.nc,24/02/2021,97.67
3321,site_157,site_157/S2B_MSIL2A_20220507T044659_N0400_R076_T45RUJ_20220507T074936.npy,site_157/S5P_OFFL_L2__NO2____20220507.nc,7/05/2022,81.37
3322,site_157,site_157/S2B_MSIL2A_20230306T045659_N0509_R119_T45RUJ_20230306T075519.npy,site_157/S5P_OFFL_L2__NO2____20230306.nc,6/03/2023,59.14652778
3323,site_157,site_157/S2A_MSIL2A_20210107T045201_N0500_R076_T45RUJ_20230407T041818.npy,site_157/S5P_RPRO_L2__NO2____20210107.nc,7/01/2021,101.34
3324,site_157,site_157/S2B_MSIL2A_20181008T045659_N0500_R119_T45RUJ_20230715T180539.npy,site_157/S5P_OFFL_L2__NO2____20181008.nc,8/10/2018,27.2
3325,site_157,site_157/S2B_MSIL2A_20230601T044659_N0509_R076_T45RUJ_20230601T081433.npy,site_157/S5P_OFFL_L2__NO2____20230601.nc,1/06/2023,51.17465278
3326,site_157,site_157/S2A_MSIL2A_20190312T045651_N0500_R119_T45RUJ_20221116T111259.npy,site_157/S5P_OFFL_L2__NO2____20190312.nc,12/03/2019,19.69
3327,site_157,site_157/S2A_MSIL2A_20230420T045701_N0509_R119_T45RUJ_20230420T094902.npy,site_157/S5P_OFFL_L2__NO2____20230420.nc,20/04/2023,63.965625
3328,site_157,site_157/S2B_MSIL2A_20181018T045809_N0500_R119_T45RUJ_20230706T020557.npy,site_157/S5P_RPRO_L2__NO2____20181018.nc,18/10/2018,80.15
3329,site_157,site_157/S2A_MSIL2A_20190118T045121_N0500_R076_T45RUJ_20221202T034751.npy,site_157/S5P_OFFL_L2__NO2____20190118.nc,18/01/2019,2.94
3330,site_157,site_157/S2A_MSIL2A_20230206T045001_N0509_R076_T45RUJ_20230206T082352.npy,site_157/S5P_OFFL_L2__NO2____20230206.nc,6/02/2023,64.07395833
3331,site_157,site_157/S2B_MSIL2A_20200210T045939_N0500_R119_T45RUJ_20230616T122206.npy,site_157/S5P_RPRO_L2__NO2____20200210.nc,10/02/2020,16.49
3332,site_157,site_157/S2B_MSIL2A_20200407T044659_N0500_R076_T45RUJ_20230411T051939.npy,site_157/S5P_OFFL_L2__NO2____20200407.nc,7/04/2020,145.74
3333,site_157,site_157/S2B_MSIL2A_20230221T044819_N0509_R076_T45RUJ_20230221T075119.npy,site_157/S5P_OFFL_L2__NO2____20230221.nc,21/02/2023,70.30625
3334,site_157,site_157/S2B_MSIL2A_20210402T044659_N0500_R076_T45RUJ_20230511T202041.npy,site_157/S5P_RPRO_L2__NO2____20210402.nc,2/04/2021,96.07
3335,site_157,site_157/S2B_MSIL2A_20191209T045159_N0500_R076_T45RUJ_20230610T121654.npy,site_157/S5P_RPRO_L2__NO2____20191209.nc,9/12/2019,23.36
3336,site_157,site_157/S2B_MSIL2A_20210112T045139_N0500_R076_T45RUJ_20230602T165025.npy,site_157/S5P_OFFL_L2__NO2____20210112.nc,12/01/2021,95.11
3337,site_157,site_157/S2A_MSIL2A_20230216T044851_N0509_R076_T45RUJ_20230216T084100.npy,site_157/S5P_OFFL_L2__NO2____20230216.nc,16/02/2023,75.95520833
3338,site_157,site_157/S2B_MSIL2A_20220417T044659_N0400_R076_T45RUJ_20220417T080610.npy,site_157/S5P_OFFL_L2__NO2____20220417.nc,17/04/2022,128.79
3339,site_157,site_157/S2A_MSIL2A_20230530T045701_N0509_R119_T45RUJ_20230530T084858.npy,site_157/S5P_OFFL_L2__NO2____20230530.nc,30/05/2023,46.15347222
3340,site_157,site_157/S2B_MSIL2A_20230515T045659_N0509_R119_T45RUJ_20230515T073732.npy,site_157/S5P_OFFL_L2__NO2____20230515.nc,15/05/2023,48.40471014
3341,site_157,site_157/S2A_MSIL2A_20220306T045701_N0400_R119_T45RUJ_20220306T081818.npy,site_157/S5P_OFFL_L2__NO2____20220306.nc,6/03/2022,109.68
3342,site_157,site_157/S2A_MSIL2A_20230301T045721_N0509_R119_T45RUJ_20230301T090658.npy,site_157/S5P_OFFL_L2__NO2____20230301.nc,1/03/2023,69.85416667
3343,site_157,site_157/S2B_MSIL2A_20181104T044939_N0500_R076_T45RUJ_20230914T095402.npy,site_157/S5P_RPRO_L2__NO2____20181104.nc,4/11/2018,8.92
3344,site_157,site_157/S2A_MSIL2A_20220405T045701_N0400_R119_T45RUJ_20220405T081818.npy,site_157/S5P_OFFL_L2__NO2____20220405.nc,5/04/2022,150.03
3345,site_157,site_157/S2A_MSIL2A_20200405T045651_N0500_R119_T45RUJ_20230424T020522.npy,site_157/S5P_OFFL_L2__NO2____20200405.nc,5/04/2020,146.38
3346,site_157,site_157/S2A_MSIL2A_20190207T044951_N0500_R076_T45RUJ_20221211T112700.npy,site_157/S5P_RPRO_L2__NO2____20190207.nc,7/02/2019,13.95
3347,site_157,site_157/S2B_MSIL2A_20231228T045219_N0510_R076_T45RUJ_20231228T063654.npy,site_157/S5P_OFFL_L2__NO2____20231228.nc,28/12/2023,7.383333333
3348,site_157,site_157/S2A_MSIL2A_20230520T045701_N0509_R119_T45RUJ_20230520T085151.npy,site_157/S5P_OFFL_L2__NO2____20230520.nc,20/05/2023,37.91174242
3349,site_157,site_157/S2B_MSIL2A_20200331T045659_N0500_R119_T45RUJ_20230615T094800.npy,site_157/S5P_RPRO_L2__NO2____20200331.nc,31/03/2020,129.19
3350,site_157,site_157/S2A_MSIL2A_20230226T044741_N0509_R076_T45RUJ_20230226T100703.npy,site_157/S5P_OFFL_L2__NO2____20230226.nc,26/02/2023,68.84652778
3351,site_157,site_157/S2A_MSIL2A_20190128T045041_N0500_R076_T45RUJ_20221218T191835.npy,site_157/S5P_RPRO_L2__NO2____20190128.nc,28/01/2019,32.87
3352,site_157,site_157/S2A_MSIL2A_20190521T045701_N0500_R119_T45RUJ_20221216T092251.npy,site_157/S5P_OFFL_L2__NO2____20190521.nc,21/05/2019,32.82
3353,site_157,site_157/S2A_MSIL2A_20231123T045111_N0509_R076_T45RUJ_20231123T075650.npy,site_157/S5P_OFFL_L2__NO2____20231123.nc,23/11/2023,15.16111111
3354,site_157,site_157/S2A_MSIL2A_20230507T044701_N0509_R076_T45RUJ_20230507T091256.npy,site_157/S5P_OFFL_L2__NO2____20230507.nc,7/05/2023,52.01111111
3355,site_5479,site_5479/S2B_MSIL2A_20230611T044709_N0509_R076_T45RUJ_20230611T070813.npy,site_5479/S5P_OFFL_L2__NO2____20230611.nc,11/06/2023,12.678125
3356,site_5479,site_5479/S2B_MSIL2A_20211208T045159_N0500_R076_T45RUJ_20221227T170435.npy,site_5479/S5P_OFFL_L2__NO2____20211208.nc,8/12/2021,72.73
3357,site_5479,site_5479/S2B_MSIL2A_20230313T044709_N0509_R076_T45RUJ_20230313T222825.npy,site_5479/S5P_OFFL_L2__NO2____20230313.nc,13/03/2023,7.684375
3358,site_5479,site_5479/S2A_MSIL2A_20220303T044711_N0400_R076_T45RUJ_20220303T074653.npy,site_5479/S5P_RPRO_L2__NO2____20220303.nc,3/03/2022,132.85
3359,site_5479,site_5479/S2A_MSIL2A_20230117T045131_N0509_R076_T45RUJ_20230117T074859.npy,site_5479/S5P_OFFL_L2__NO2____20230117.nc,17/01/2023,7.856944444
3360,site_5479,site_5479/S2B_MSIL2A_20231118T045059_N0509_R076_T45RUJ_20231118T064251.npy,site_5479/S5P_OFFL_L2__NO2____20231118.nc,18/11/2023,5.304861111
3361,site_5479,site_5479/S2B_MSIL2A_20211128T045129_N0500_R076_T45RUJ_20230103T000739.npy,site_5479/S5P_RPRO_L2__NO2____20211128.nc,28/11/2021,44.21
3362,site_5479,site_5479/S2A_MSIL2A_20211213T045211_N0500_R076_T45RUJ_20221226T193243.npy,site_5479/S5P_RPRO_L2__NO2____20211213.nc,13/12/2021,0.2
3363,site_5479,site_5479/S2A_MSIL2A_20221218T045211_N0509_R076_T45RUJ_20221218T085451.npy,site_5479/S5P_OFFL_L2__NO2____20221218.nc,18/12/2022,5.62
3364,site_5479,site_5479/S2B_MSIL2A_20221123T045119_N0400_R076_T45RUJ_20221123T062924.npy,site_5479/S5P_OFFL_L2__NO2____20221123.nc,23/11/2022,9.34
3365,site_5479,site_5479/S2A_MSIL2A_20230328T044701_N0509_R076_T45RUJ_20230328T080753.npy,site_5479/S5P_OFFL_L2__NO2____20230328.nc,28/03/2023,9.486458333
3366,site_5479,site_5479/S2B_MSIL2A_20211118T045059_N0500_R076_T45RUJ_20221230T144833.npy,site_5479/S5P_OFFL_L2__NO2____20211118.nc,18/11/2021,62.43
3367,site_5479,site_5479/S2B_MSIL2A_20220427T044649_N0400_R076_T45RUJ_20220427T082636.npy,site_5479/S5P_RPRO_L2__NO2____20220427.nc,27/04/2022,58.8
3368,site_5479,site_5479/S2B_MSIL2A_20230601T044659_N0509_R076_T45RUJ_20230601T081433.npy,site_5479/S5P_OFFL_L2__NO2____20230601.nc,1/06/2023,15.75277778
3369,site_5479,site_5479/S2B_MSIL2A_20230221T044819_N0509_R076_T45RUJ_20230221T075119.npy,site_5479/S5P_OFFL_L2__NO2____20230221.nc,21/02/2023,7.715972222
3370,site_5479,site_5479/S2B_MSIL2A_20231218T045219_N0510_R076_T45RUJ_20231218T063806.npy,site_5479/S5P_OFFL_L2__NO2____20231218.nc,18/12/2023,5.435416667
3371,site_5479,site_5479/S2A_MSIL2A_20221118T045101_N0400_R076_T45RUJ_20221118T074856.npy,site_5479/S5P_OFFL_L2__NO2____20221118.nc,18/11/2022,9.12
3372,site_5479,site_5479/S2B_MSIL2A_20231228T045219_N0510_R076_T45RUJ_20231228T063654.npy,site_5479/S5P_OFFL_L2__NO2____20231228.nc,28/12/2023,5.766666667
3373,site_5477,site_5477/S2B_MSIL2A_20211208T045159_N0500_R076_T45RUJ_20221227T170435.npy,site_5477/S5P_RPRO_L2__NO2____20211208.nc,8/12/2021,38.92
3374,site_5477,site_5477/S2A_MSIL2A_20220323T044701_N0400_R076_T45RUJ_20220323T075723.npy,site_5477/S5P_RPRO_L2__NO2____20220323.nc,23/03/2022,33.68
3375,site_5477,site_5477/S2B_MSIL2A_20211128T045129_N0500_R076_T45RUJ_20230103T000739.npy,site_5477/S5P_RPRO_L2__NO2____20211128.nc,28/11/2021,29.56
3376,site_5477,site_5477/S2A_MSIL2A_20221218T045211_N0509_R076_T45RUJ_20221218T085451.npy,site_5477/S5P_OFFL_L2__NO2____20221218.nc,18/12/2022,5.97
3377,site_5477,site_5477/S2A_MSIL2A_20221118T045101_N0400_R076_T45RUJ_20221118T074856.npy,site_5477/S5P_OFFL_L2__NO2____20221118.nc,18/11/2022,4.34
3378,site_5546,site_5546/S2B_MSIL2A_20220223T043759_N0400_R033_T45RWJ_20220223T081414.npy,site_5546/S5P_RPRO_L2__NO2____20220223.nc,23/02/2022,34.09
3379,site_5546,site_5546/S2B_MSIL2A_20230303T044709_N0509_R076_T45RWJ_20230303T092041.npy,site_5546/S5P_OFFL_L2__NO2____20230303.nc,3/03/2023,116.3069444
3380,site_5546,site_5546/S2A_MSIL2A_20230507T044701_N0509_R076_T45RWJ_20230507T091256.npy,site_5546/S5P_OFFL_L2__NO2____20230507.nc,7/05/2023,67.59166667
3381,site_5546,site_5546/S2B_MSIL2A_20221123T045119_N0400_R076_T45RWJ_20221123T062924.npy,site_5546/S5P_OFFL_L2__NO2____20221123.nc,23/11/2022,60.96
3382,site_5546,site_5546/S2A_MSIL2A_20230226T044741_N0509_R076_T45RWJ_20230226T100703.npy,site_5546/S5P_OFFL_L2__NO2____20230226.nc,26/02/2023,100.5715278
3383,site_5546,site_5546/S2A_MSIL2A_20231213T045211_N0509_R076_T45RWJ_20231213T081249.npy,site_5546/S5P_OFFL_L2__NO2____20231213.nc,13/12/2023,26.40972222
3384,site_5546,site_5546/S2B_MSIL2A_20220305T043659_N0400_R033_T45RWJ_20220305T070925.npy,site_5546/S5P_RPRO_L2__NO2____20220305.nc,5/03/2022,27.15
3385,site_5546,site_5546/S2B_MSIL2A_20230211T044929_N0509_R076_T45RWJ_20230211T073400.npy,site_5546/S5P_OFFL_L2__NO2____20230211.nc,11/02/2023,104.4746528
3386,site_5546,site_5546/S2B_MSIL2A_20231228T045219_N0510_R076_T45RWJ_20231228T063654.npy,site_5546/S5P_OFFL_L2__NO2____20231228.nc,28/12/2023,28.50347222
3387,site_5546,site_5546/S2A_MSIL2A_20230606T044701_N0509_R076_T45RWJ_20230606T081103.npy,site_5546/S5P_OFFL_L2__NO2____20230606.nc,6/06/2023,42.43263889
3388,site_5546,site_5546/S2B_MSIL2A_20221113T045039_N0400_R076_T45RWJ_20221113T172819.npy,site_5546/S5P_OFFL_L2__NO2____20221113.nc,13/11/2022,67.28
3389,site_5546,site_5546/S2B_MSIL2A_20220417T044659_N0400_R076_T45RWJ_20220417T080610.npy,site_5546/S5P_OFFL_L2__NO2____20220417.nc,17/04/2022,32.94
3390,site_5546,site_5546/S2B_MSIL2A_20231215T044209_N0510_R033_T45RWJ_20231215T065528.npy,site_5546/S5P_OFFL_L2__NO2____20231215.nc,15/12/2023,24.58854167
3391,site_5546,site_5546/S2A_MSIL2A_20231123T045111_N0509_R076_T45RWJ_20231123T075650.npy,site_5546/S5P_OFFL_L2__NO2____20231123.nc,23/11/2023,29.61423611
3392,site_5546,site_5546/S2A_MSIL2A_20221218T045211_N0509_R076_T45RWJ_20221218T085451.npy,site_5546/S5P_OFFL_L2__NO2____20221218.nc,18/12/2022,42.69
3393,site_5546,site_5546/S2A_MSIL2A_20211220T044211_N0500_R033_T45RWJ_20221223T021105.npy,site_5546/S5P_RPRO_L2__NO2____20211220.nc,20/12/2021,31.69
3394,site_5546,site_5546/S2B_MSIL2A_20211128T045129_N0500_R076_T45RWJ_20230103T000739.npy,site_5546/S5P_RPRO_L2__NO2____20211128.nc,28/11/2021,52.22
3395,site_5546,site_5546/S2B_MSIL2A_20230323T044659_N0509_R076_T45RWJ_20230323T085641.npy,site_5546/S5P_OFFL_L2__NO2____20230323.nc,23/03/2023,54.50138889
3396,site_5546,site_5546/S2A_MSIL2A_20230325T043701_N0509_R033_T45RWJ_20230325T075727.npy,site_5546/S5P_OFFL_L2__NO2____20230325.nc,25/03/2023,80.73333333
3397,site_5546,site_5546/S2A_MSIL2A_20230124T044101_N0509_R033_T45RWJ_20230124T074158.npy,site_5546/S5P_OFFL_L2__NO2____20230124.nc,24/01/2023,61.25729167
3398,site_5546,site_5546/S2B_MSIL2A_20230119T044119_N0509_R033_T45RWJ_20230119T071318.npy,site_5546/S5P_OFFL_L2__NO2____20230119.nc,19/01/2023,53.57048611
3399,site_5546,site_5546/S2A_MSIL2A_20211213T045211_N0500_R076_T45RWJ_20221226T193243.npy,site_5546/S5P_OFFL_L2__NO2____20211213.nc,13/12/2021,49.16
3400,site_5546,site_5546/S2B_MSIL2A_20230228T043729_N0509_R033_T45RWJ_20230228T074725.npy,site_5546/S5P_OFFL_L2__NO2____20230228.nc,28/02/2023,104.9465278
3401,site_5546,site_5546/S2B_MSIL2A_20211218T045209_N0500_R076_T45RWJ_20221231T124540.npy,site_5546/S5P_RPRO_L2__NO2____20211218.nc,18/12/2021,43.12
3402,site_5546,site_5546/S2B_MSIL2A_20231118T045059_N0509_R076_T45RWJ_20231118T064251.npy,site_5546/S5P_OFFL_L2__NO2____20231118.nc,18/11/2023,27.81423611
3403,site_5546,site_5546/S2B_MSIL2A_20230409T043709_N0509_R033_T45RWJ_20230409T071042.npy,site_5546/S5P_OFFL_L2__NO2____20230409.nc,9/04/2023,67.93541667
3404,site_5546,site_5546/S2A_MSIL2A_20230414T043701_N0509_R033_T45RWJ_20230414T081154.npy,site_5546/S5P_OFFL_L2__NO2____20230414.nc,14/04/2023,67.65451389
3405,site_5546,site_5546/S2A_MSIL2A_20221019T044811_N0400_R076_T45RWJ_20221019T090201.npy,site_5546/S5P_OFFL_L2__NO2____20221019.nc,19/10/2022,55.58
3406,site_5546,site_5546/S2A_MSIL2A_20220323T044701_N0400_R076_T45RWJ_20220323T075723.npy,site_5546/S5P_RPRO_L2__NO2____20220323.nc,23/03/2022,15.92
3407,site_5539,site_5539/S2B_MSIL2A_20230313T044709_N0509_R076_T45RWJ_20230313T222825.npy,site_5539/S5P_OFFL_L2__NO2____20230313.nc,13/03/2023,70.71284722
3408,site_5539,site_5539/S2A_MSIL2A_20221105T043951_N0400_R033_T45RWJ_20221105T195359.npy,site_5539/S5P_OFFL_L2__NO2____20221105.nc,5/11/2022,84.46
3409,site_5539,site_5539/S2B_MSIL2A_20221110T044019_N0400_R033_T45RWJ_20221110T071410.npy,site_5539/S5P_OFFL_L2__NO2____20221110.nc,10/11/2022,56.87
3410,site_5539,site_5539/S2B_MSIL2A_20231125T044119_N0509_R033_T45RWJ_20231125T071334.npy,site_5539/S5P_OFFL_L2__NO2____20231125.nc,25/11/2023,5.849242424
3411,site_5539,site_5539/S2A_MSIL2A_20220218T043841_N0400_R033_T45RWJ_20220218T074513.npy,site_5539/S5P_OFFL_L2__NO2____20220218.nc,18/02/2022,49.77
3412,site_5539,site_5539/S2A_MSIL2A_20231213T045211_N0509_R076_T45RWJ_20231213T081249.npy,site_5539/S5P_OFFL_L2__NO2____20231213.nc,13/12/2023,5.534375
3413,site_5539,site_5539/S2B_MSIL2A_20231228T045219_N0510_R076_T45RWJ_20231228T063654.npy,site_5539/S5P_OFFL_L2__NO2____20231228.nc,28/12/2023,5.398913043
3414,site_5539,site_5539/S2B_MSIL2A_20230208T043939_N0509_R033_T45RWJ_20230208T071053.npy,site_5539/S5P_OFFL_L2__NO2____20230208.nc,8/02/2023,38.19166667
3415,site_5539,site_5539/S2A_MSIL2A_20230404T043701_N0509_R033_T45RWJ_20230404T080618.npy,site_5539/S5P_OFFL_L2__NO2____20230404.nc,4/04/2023,32.69479167
3416,site_5539,site_5539/S2A_MSIL2A_20230606T044701_N0509_R076_T45RWJ_20230606T081103.npy,site_5539/S5P_OFFL_L2__NO2____20230606.nc,6/06/2023,10.78194444
3417,site_5539,site_5539/S2B_MSIL2A_20231215T044209_N0510_R033_T45RWJ_20231215T065528.npy,site_5539/S5P_OFFL_L2__NO2____20231215.nc,15/12/2023,5.529861111
3418,site_5539,site_5539/S2A_MSIL2A_20231123T045111_N0509_R076_T45RWJ_20231123T075650.npy,site_5539/S5P_OFFL_L2__NO2____20231123.nc,23/11/2023,6.479861111
3419,site_5539,site_5539/S2A_MSIL2A_20221118T045101_N0400_R076_T45RWJ_20221118T074856.npy,site_5539/S5P_OFFL_L2__NO2____20221118.nc,18/11/2022,54.23
3420,site_5539,site_5539/S2A_MSIL2A_20211220T044211_N0500_R033_T45RWJ_20221223T021105.npy,site_5539/S5P_RPRO_L2__NO2____20211220.nc,20/12/2021,95.32
3421,site_5539,site_5539/S2B_MSIL2A_20220507T044659_N0400_R076_T45RWJ_20220507T074936.npy,site_5539/S5P_OFFL_L2__NO2____20220507.nc,7/05/2022,13.15
3422,site_5539,site_5539/S2B_MSIL2A_20230419T043659_N0509_R033_T45RWJ_20230419T070837.npy,site_5539/S5P_OFFL_L2__NO2____20230419.nc,19/04/2023,39.71354167
3423,site_5539,site_5539/S2A_MSIL2A_20230213T043911_N0509_R033_T45RWJ_20230213T082608.npy,site_5539/S5P_OFFL_L2__NO2____20230213.nc,13/02/2023,35.43680556
3424,site_5539,site_5539/S2A_MSIL2A_20230603T043701_N0509_R033_T45RWJ_20230603T085957.npy,site_5539/S5P_OFFL_L2__NO2____20230603.nc,3/06/2023,11.47572464
3425,site_5539,site_5539/S2A_MSIL2A_20221016T043751_N0400_R033_T45RWJ_20221016T074958.npy,site_5539/S5P_OFFL_L2__NO2____20221016.nc,16/10/2022,55.57
3426,site_5539,site_5539/S2B_MSIL2A_20230119T044119_N0509_R033_T45RWJ_20230119T071318.npy,site_5539/S5P_OFFL_L2__NO2____20230119.nc,19/01/2023,83.97534722
3427,site_5539,site_5539/S2B_MSIL2A_20230228T043729_N0509_R033_T45RWJ_20230228T074725.npy,site_5539/S5P_OFFL_L2__NO2____20230228.nc,28/02/2023,46.97986111
3428,site_5539,site_5539/S2A_MSIL2A_20221128T045131_N0400_R076_T45RWJ_20221128T080355.npy,site_5539/S5P_OFFL_L2__NO2____20221128.nc,28/11/2022,85.14
3429,site_5539,site_5539/S2B_MSIL2A_20230512T044659_N0509_R076_T45RWJ_20230512T075750.npy,site_5539/S5P_OFFL_L2__NO2____20230512.nc,12/05/2023,31.59166667
3430,site_5539,site_5539/S2A_MSIL2A_20230414T043701_N0509_R033_T45RWJ_20230414T081154.npy,site_5539/S5P_OFFL_L2__NO2____20230414.nc,14/04/2023,46.99548611
3431,site_5539,site_5539/S2A_MSIL2A_20221019T044811_N0400_R076_T45RWJ_20221019T090201.npy,site_5539/S5P_OFFL_L2__NO2____20221019.nc,19/10/2022,53.76
3432,site_5417,site_5417/S2B_MSIL2A_20210406T042659_N0500_R133_T46RCQ_20230513T230425.npy,site_5417/S5P_OFFL_L2__NO2____20210406.nc,6/04/2021,23.04
3433,site_5417,site_5417/S2B_MSIL2A_20231222T043209_N0510_R133_T46RCQ_20231222T063232.npy,site_5417/S5P_OFFL_L2__NO2____20231222.nc,22/12/2023,2.1575
3434,site_5417,site_5417/S2A_MSIL2A_20210302T042711_N0500_R133_T46RCQ_20230517T191827.npy,site_5417/S5P_OFFL_L2__NO2____20210302.nc,2/03/2021,27.18
3435,site_5417,site_5417/S2A_MSIL2A_20231217T043151_N0510_R133_T46RCQ_20231217T073144.npy,site_5417/S5P_OFFL_L2__NO2____20231217.nc,17/12/2023,0.840166667
3436,site_5417,site_5417/S2A_MSIL2A_20231227T043211_N0510_R133_T46RCQ_20231227T073448.npy,site_5417/S5P_OFFL_L2__NO2____20231227.nc,27/12/2023,2.19234127
3437,site_5417,site_5417/S2B_MSIL2A_20210317T042709_N0500_R133_T46RCQ_20230524T064933.npy,site_5417/S5P_RPRO_L2__NO2____20210317.nc,17/03/2021,27.62
3438,site_5417,site_5417/S2A_MSIL2A_20211107T043001_N0500_R133_T46RCQ_20221229T165756.npy,site_5417/S5P_OFFL_L2__NO2____20211107.nc,7/11/2021,3.26
3439,site_5417,site_5417/S2A_MSIL2A_20211227T043211_N0500_R133_T46RCQ_20221224T080102.npy,site_5417/S5P_OFFL_L2__NO2____20211227.nc,27/12/2021,4.74
3440,site_5417,site_5417/S2A_MSIL2A_20230312T042701_N0509_R133_T46RCQ_20230312T075754.npy,site_5417/S5P_OFFL_L2__NO2____20230312.nc,12/03/2023,3.640972222
3441,site_5417,site_5417/S2A_MSIL2A_20211117T043051_N0500_R133_T46RCQ_20230105T002349.npy,site_5417/S5P_RPRO_L2__NO2____20211117.nc,17/11/2021,3.91
3442,site_5417,site_5417/S2B_MSIL2A_20211102T042929_N0500_R133_T46RCQ_20230103T083014.npy,site_5417/S5P_RPRO_L2__NO2____20211102.nc,2/11/2021,4.77
3443,site_5417,site_5417/S2B_MSIL2A_20211202T043139_N0500_R133_T46RCQ_20221223T231705.npy,site_5417/S5P_RPRO_L2__NO2____20211202.nc,2/12/2021,4.62
3444,site_5651,site_5651/S2A_MSIL2A_20230511T042701_N0509_R133_T46RCQ_20230511T074755.npy,site_5651/S5P_OFFL_L2__NO2____20230511.nc,11/05/2023,3.306284722
3445,site_5651,site_5651/S2B_MSIL2A_20221207T043149_N0509_R133_T46RCQ_20221207T064024.npy,site_5651/S5P_OFFL_L2__NO2____20221207.nc,7/12/2022,5.02
3446,site_5651,site_5651/S2B_MSIL2A_20221018T042759_N0400_R133_T46RCQ_20221018T071411.npy,site_5651/S5P_OFFL_L2__NO2____20221018.nc,18/10/2022,4.33
